-- Go SQL Dump 0.2.2
--
-- ------------------------------------------------------
-- Server version	5.7.23-0ubuntu0.16.04.1

/*!40101 SET @OLD_CHARACTER_SET_CLIENT=@@CHARACTER_SET_CLIENT */;
/*!40101 SET @OLD_CHARACTER_SET_RESULTS=@@CHARACTER_SET_RESULTS */;
/*!40101 SET @OLD_COLLATION_CONNECTION=@@COLLATION_CONNECTION */;
/*!40101 SET NAMES utf8 */;
/*!40103 SET @OLD_TIME_ZONE=@@TIME_ZONE */;
/*!40103 SET TIME_ZONE='+00:00' */;
/*!40014 SET @OLD_UNIQUE_CHECKS=@@UNIQUE_CHECKS, UNIQUE_CHECKS=0 */;
/*!40014 SET @OLD_FOREIGN_KEY_CHECKS=@@FOREIGN_KEY_CHECKS, FOREIGN_KEY_CHECKS=0 */;
/*!40101 SET @OLD_SQL_MODE=@@SQL_MODE, SQL_MODE='NO_AUTO_VALUE_ON_ZERO' */;
/*!40111 SET @OLD_SQL_NOTES=@@SQL_NOTES, SQL_NOTES=0 */;



--
-- Table structure for table blockchain
--

DROP TABLE IF EXISTS blockchain;
/*!40101 SET @saved_cs_client     = @@character_set_client */;
/*!40101 SET character_set_client = utf8 */;
CREATE TABLE `blockchain` (
  `k` varbinary(100) NOT NULL,
  `v` varbinary(300) DEFAULT NULL,
  PRIMARY KEY (`k`)
) ENGINE=InnoDB DEFAULT CHARSET=latin1;
/*!40101 SET character_set_client = @saved_cs_client */;
--
-- Dumping data for table blockchain
--

LOCK TABLES blockchain WRITE;
/*!40000 ALTER TABLE blockchain DISABLE KEYS */;

INSERT INTO blockchain VALUES ('000009a6e803738984392515aeecceeb2753ac7773323aeeaea183991b887f24','0000c093048972ddcebc8da2b0f7c8757d188dc401f4fb8c97e060038bbcfc8100001916f3ea31b470bbd26c78cb8a523898d4f0e19a551a405b0f1424dcbe28'),('00001916f3ea31b470bbd26c78cb8a523898d4f0e19a551a405b0f1424dcbe28','000009a6e803738984392515aeecceeb2753ac7773323aeeaea183991b887f2400008070497ec3996dea4fc4279e98cb73ffca3f80052fb140558068722cce26'),('0000271a5a8a0b8365662b154764401349e720d0422acd8db38e8c770415ffb9','00002c8aa7f87a8ae4c6aca52666c2afe5e1e7e1e39c2f05e16db6672fb1127c0000c093048972ddcebc8da2b0f7c8757d188dc401f4fb8c97e060038bbcfc81'),('00002c8aa7f87a8ae4c6aca52666c2afe5e1e7e1e39c2f05e16db6672fb1127c','00000000000000000000000000000000000000000000000000000000000000000000271a5a8a0b8365662b154764401349e720d0422acd8db38e8c770415ffb9'),('00003aa3fa130e7283420638fe72f47f8f72aa93be3e21b25c7604789a733f09','0000f38cf95e27bd8543edf33c123d8e41f620fcd31d475b1704639aeb655cd70000000000000000000000000000000000000000000000000000000000000000'),('00008070497ec3996dea4fc4279e98cb73ffca3f80052fb140558068722cce26','00001916f3ea31b470bbd26c78cb8a523898d4f0e19a551a405b0f1424dcbe280000f38cf95e27bd8543edf33c123d8e41f620fcd31d475b1704639aeb655cd7'),('0000c093048972ddcebc8da2b0f7c8757d188dc401f4fb8c97e060038bbcfc81','0000271a5a8a0b8365662b154764401349e720d0422acd8db38e8c770415ffb9000009a6e803738984392515aeecceeb2753ac7773323aeeaea183991b887f24'),('0000f38cf95e27bd8543edf33c123d8e41f620fcd31d475b1704639aeb655cd7','00008070497ec3996dea4fc4279e98cb73ffca3f80052fb140558068722cce2600003aa3fa130e7283420638fe72f47f8f72aa93be3e21b25c7604789a733f09');

/*!40000 ALTER TABLE blockchain ENABLE KEYS */;
UNLOCK TABLES;

--
-- Table structure for table blocks
--

DROP TABLE IF EXISTS blocks;
/*!40101 SET @saved_cs_client     = @@character_set_client */;
/*!40101 SET character_set_client = utf8 */;
CREATE TABLE `blocks` (
  `k` varbinary(100) NOT NULL,
  `v` longblob,
  PRIMARY KEY (`k`)
) ENGINE=InnoDB DEFAULT CHARSET=latin1;
/*!40101 SET character_set_client = @saved_cs_client */;
--
-- Dumping data for table blocks
--

LOCK TABLES blocks WRITE;
/*!40000 ALTER TABLE blocks DISABLE KEYS */;

INSERT INTO blocks VALUES ('000009a6e803738984392515aeecceeb2753ac7773323aeeaea183991b887f24','63ff8103010105426c6f636b01ff82000106010954696d657374616d70010400010c5472616e73616374696f6e7301ff9000010d50726576426c6f636b48617368010a00010448617368010a0001054e6f6e63650104000106486569676874010400000027ff8f020101185b5d737472756374757265732e5472616e73616374696f6e01ff900001ff84000075ff830301010b5472616e73616374696f6e01ff8400010801024944010a00010454696d6501040001095369676e6174757265010a00010842795075624b6579010a00010356696e01ff88000104566f757401ff8c00010a53514c436f6d6d616e6401ff8e00010953514c426173655458010a0000002bff870201011c5b5d737472756374757265732e545843757272656e6379496e70757401ff880001ff8600002fff850301010f545843757272656e6379496e70757401ff86000102010454786964010a000104566f757401040000002dff8b0201011e5b5d737472756374757265732e54584375727272656e63794f757470757401ff8c0001ff8a000038ff890301011154584375727272656e63794f757470757401ff8a000102010556616c7565010800010a5075624b657948617368010a00000057ff8d0301010953514c55706461746501ff8e000104010b5265666572656e63654944010a0001055175657279010a00010d526f6c6c6261636b5175657279010a00010f507265765472616e73616374696f6e010a000000fe040fff8201fcb74b9fc0010401205540cdcd72d0e2a1a238cca8a6f65ab403a128966ee6f2e042f3473c447ff6bd01f82aad41f0f6d19f760146304402202bb7e07e049795da6bf216bfd53326c3349ba963d5c9b1386c800eafcd6d8f9502202d46e6a4fda96fb8fa386f5e81fc18cd4bb4b9216840218aeb4fea58614c876f01400425ee20a14fdb8b046f15c4b7c630fd1562198f5abcabce4428a4242bef325d59ff343d5b8f7dc7f450b8eee6186b847bf290b5a480849f347fe746245fbdb8010101201f68ecda086e9c55f363099f6d29a7a3237b5123f87acae50fe2ab840d2f9a2c010200010201f87b14ae47e17a843f0114a50eb1fd89981ba8e0da1dda03c9beba1234ca7f0001f8f6285c8fc2f51b4001143ed325cf1210ee3bb1565fb6d0fd3036faf2892500010000012056d6f562d6ea01528326ba09d8df6b8814922cfb2911abcf554d90bb18c8e69b01f82aad41f0feeb04e6014630440220eab5d9f932251a808b5352b6647a437d941922139d9e804cc790740ece724d9102208084fcda55044e48ceebd9ec574da616a8ac989b788e9ab895f69b910a90f9eb0140169b05603690090f9d1938f15c337e35caa8432b2474de1f2b8b594c4faa7a07ca4f99051abb436b664f96aca4b55021cff32d65496a3b69f9309783e34035ba01010120d80a15aa6549b91fbe0d75f73ddd2284a8efb1514e00d51edc61990813d3a54500010201f87b14ae47e17a843f0114c1e423ec114fe99e85346dd2867eab0c71e9afa10001f8ae47e17a14aeef3f0114a50eb1fd89981ba8e0da1dda03c9beba1234ca7f000100000120098c44d1ec5ad09fe4fee51239eab2d33e60283dab7eeaa09e2bff790df9d61c01f82aad41f106f3593a0146304402206eb486cae47afdedbe1e7258b292cb83d1bd0a0f8c2e51ba64342009dfc0af6d022034a9bae99bacf0eba136bc240d239299b2004e271c1ee02cb531d8cab4e795ff0140ab577ea8f95e1b0baecdab03e52decbdd77fff7981ea2cedad8ebc14c0533a2eb8894476c217b08543a1bcab9065a5602edddf3a26aed88fc11c9f6368bcc6cf010101201f68ecda086e9c55f363099f6d29a7a3237b5123f87acae50fe2ab840d2f9a2c00010201f87b14ae47e17a843f01143ed325cf1210ee3bb1565fb6d0fd3036faf289250001f8d7a3703d0ad7ff3f0114c1e423ec114fe99e85346dd2867eab0c71e9afa1000100000120d7c1d1d1ed861dde6fb1f8d3b00637b1ff8f4a5e20fa7eb20b104efc04ea19cf01f82aad41f111cc6bc80301020100010101fe244001143ed325cf1210ee3bb1565fb6d0fd3036faf289250001000001200000c093048972ddcebc8da2b0f7c8757d188dc401f4fb8c97e060038bbcfc810120000009a6e803738984392515aeecceeb2753ac7773323aeeaea183991b887f2401fd040f3c010600'),('00001916f3ea31b470bbd26c78cb8a523898d4f0e19a551a405b0f1424dcbe28','63ff8103010105426c6f636b01ff82000106010954696d657374616d70010400010c5472616e73616374696f6e7301ff9000010d50726576426c6f636b48617368010a00010448617368010a0001054e6f6e63650104000106486569676874010400000027ff8f020101185b5d737472756374757265732e5472616e73616374696f6e01ff900001ff84000075ff830301010b5472616e73616374696f6e01ff8400010801024944010a00010454696d6501040001095369676e6174757265010a00010842795075624b6579010a00010356696e01ff88000104566f757401ff8c00010a53514c436f6d6d616e6401ff8e00010953514c426173655458010a0000002bff870201011c5b5d737472756374757265732e545843757272656e6379496e70757401ff880001ff8600002fff850301010f545843757272656e6379496e70757401ff86000102010454786964010a000104566f757401040000002dff8b0201011e5b5d737472756374757265732e54584375727272656e63794f757470757401ff8c0001ff8a000038ff890301011154584375727272656e63794f757470757401ff8a000102010556616c7565010800010a5075624b657948617368010a00000057ff8d0301010953514c55706461746501ff8e000104010b5265666572656e63654944010a0001055175657279010a00010d526f6c6c6261636b5175657279010a00010f507265765472616e73616374696f6e010a000000fe0530ff8201fcb74b9fc801050120d6ac70d7b9b2d01342704206a3d6b43e356c9af6310520ef24382d0bf18e528501f82aad41f3266e3eb001463044022046d8af1f328ecab408106fa8ff92f789b1c11ad453d2e5fb335a0addb23f242d02205b82e2c93393135ec748c1f968901039c5dcd06078fe2cb7b7540720a920790201400425ee20a14fdb8b046f15c4b7c630fd1562198f5abcabce4428a4242bef325d59ff343d5b8f7dc7f450b8eee6186b847bf290b5a480849f347fe746245fbdb801010120098c44d1ec5ad09fe4fee51239eab2d33e60283dab7eeaa09e2bff790df9d61c00010201f8dac812290f03843f0114a50eb1fd89981ba8e0da1dda03c9beba1234ca7f0001f840e8d2a687f42d3f01143ed325cf1210ee3bb1565fb6d0fd3036faf289250001000001202d865d522404503ca4a78050661cacbad7140d952d49ffa880cab7a96a1a888801f82aad41f32f4d61700146304402207f7329026f46b3409f66f6be11c339143543f6078ce8e1d89b44b2b8e7a70f54022004f8af5544726cda45a69bc2bc34c09dc6de974ad1e0d2728bc655c899e03f0b0140169b05603690090f9d1938f15c337e35caa8432b2474de1f2b8b594c4faa7a07ca4f99051abb436b664f96aca4b55021cff32d65496a3b69f9309783e34035ba010101205540cdcd72d0e2a1a238cca8a6f65ab403a128966ee6f2e042f3473c447ff6bd00010201f843f7d5eae556843f0114c1e423ec114fe99e85346dd2867eab0c71e9afa10001f99c0e6caefd113f0114a50eb1fd89981ba8e0da1dda03c9beba1234ca7f000100000120d987b62f365a2dcab789741534437abef84ec79120438a2bbe11f2a082fce3c801f82aad41f337412a80014630440220af32a1b778bb1e91587cb65fd331eeea70f51777ff5a23e11f5352254864569702200845b51413d3da61193d211b8df789c73b0c8b21c4f0b8273600c380bbea1bff0140ab577ea8f95e1b0baecdab03e52decbdd77fff7981ea2cedad8ebc14c0533a2eb8894476c217b08543a1bcab9065a5602edddf3a26aed88fc11c9f6368bcc6cf0101012056d6f562d6ea01528326ba09d8df6b8814922cfb2911abcf554d90bb18c8e69b00010201f8f7562426a8e1833f01143ed325cf1210ee3bb1565fb6d0fd3036faf289250001f880b037312427333f0114c1e423ec114fe99e85346dd2867eab0c71e9afa1000100000120509192f9ac0372a6a6b432503b6f52d068d89778c976a8dcdebba98db2cc3a7901f82aad41f340403bc401463044022072e908369725c4af8e4527f4e39d3546c40207414c6297cdd20940045eb8414f022015d3d5378f983e1f2d0de1d1e5d08d768e88dbcb0464ba33242d8abb25a4b0360140ab577ea8f95e1b0baecdab03e52decbdd77fff7981ea2cedad8ebc14c0533a2eb8894476c217b08543a1bcab9065a5602edddf3a26aed88fc11c9f6368bcc6cf01010120098c44d1ec5ad09fe4fee51239eab2d33e60283dab7eeaa09e2bff790df9d61c010200010201f8d63c05c8e94e843f01143ed325cf1210ee3bb1565fb6d0fd3036faf289250001f85d99e0696caeff3f0114c1e423ec114fe99e85346dd2867eab0c71e9afa1000100000120fc52dbbfb331073410ec74bb1ab30b308d198b4b449a047cf1fbb76798a7578401f82aad41f350d35b400301020100010101fe244001143ed325cf1210ee3bb1565fb6d0fd3036faf28925000100000120000009a6e803738984392515aeecceeb2753ac7773323aeeaea183991b887f24012000001916f3ea31b470bbd26c78cb8a523898d4f0e19a551a405b0f1424dcbe2801fd0391e6010800'),('0000271a5a8a0b8365662b154764401349e720d0422acd8db38e8c770415ffb9','63ff8103010105426c6f636b01ff82000106010954696d657374616d70010400010c5472616e73616374696f6e7301ff9000010d50726576426c6f636b48617368010a00010448617368010a0001054e6f6e63650104000106486569676874010400000027ff8f020101185b5d737472756374757265732e5472616e73616374696f6e01ff900001ff84000075ff830301010b5472616e73616374696f6e01ff8400010801024944010a00010454696d6501040001095369676e6174757265010a00010842795075624b6579010a00010356696e01ff88000104566f757401ff8c00010a53514c436f6d6d616e6401ff8e00010953514c426173655458010a0000002bff870201011c5b5d737472756374757265732e545843757272656e6379496e70757401ff880001ff8600002fff850301010f545843757272656e6379496e70757401ff86000102010454786964010a000104566f757401040000002dff8b0201011e5b5d737472756374757265732e54584375727272656e63794f757470757401ff8c0001ff8a000038ff890301011154584375727272656e63794f757470757401ff8a000102010556616c7565010800010a5075624b657948617368010a00000057ff8d0301010953514c55706461746501ff8e000104010b5265666572656e63654944010a0001055175657279010a00010d526f6c6c6261636b5175657279010a00010f507265765472616e73616374696f6e010a000000fe01bcff8201fcb74b9fb001020120d80a15aa6549b91fbe0d75f73ddd2284a8efb1514e00d51edc61990813d3a54501f82aad41ed447212260146304402209db72a4570e5570b529ef90541614879acbd2b9718b5f9590f6a3b7bc34c9f6d02206a9966c95ff4c86f8fae297e691d387959914a4be4152b3c7742715bb098133c01400425ee20a14fdb8b046f15c4b7c630fd1562198f5abcabce4428a4242bef325d59ff343d5b8f7dc7f450b8eee6186b847bf290b5a480849f347fe746245fbdb801010120d0db2978ac91f8c557ea02bffe5efc70cba46f5352b8706f5552a84a90072bd100010201fef03f0114a50eb1fd89981ba8e0da1dda03c9beba1234ca7f0001fe224001143ed325cf1210ee3bb1565fb6d0fd3036faf28925000100000120bb47137431b2d5f78609f84f6ce979da8883e2de4b974ff1332ec28e7432b3d601f82aad41ed4e22269c0301020100010101fe244001143ed325cf1210ee3bb1565fb6d0fd3036faf2892500010000012000002c8aa7f87a8ae4c6aca52666c2afe5e1e7e1e39c2f05e16db6672fb1127c01200000271a5a8a0b8365662b154764401349e720d0422acd8db38e8c770415ffb901fe2a3c010200'),('00002c8aa7f87a8ae4c6aca52666c2afe5e1e7e1e39c2f05e16db6672fb1127c','63ff8103010105426c6f636b01ff82000106010954696d657374616d70010400010c5472616e73616374696f6e7301ff9000010d50726576426c6f636b48617368010a00010448617368010a0001054e6f6e63650104000106486569676874010400000027ff8f020101185b5d737472756374757265732e5472616e73616374696f6e01ff900001ff84000075ff830301010b5472616e73616374696f6e01ff8400010801024944010a00010454696d6501040001095369676e6174757265010a00010842795075624b6579010a00010356696e01ff88000104566f757401ff8c00010a53514c436f6d6d616e6401ff8e00010953514c426173655458010a0000002bff870201011c5b5d737472756374757265732e545843757272656e6379496e70757401ff880001ff8600002fff850301010f545843757272656e6379496e70757401ff86000102010454786964010a000104566f757401040000002dff8b0201011e5b5d737472756374757265732e54584375727272656e63794f757470757401ff8c0001ff8a000038ff890301011154584375727272656e63794f757470757401ff8a000102010556616c7565010800010a5075624b657948617368010a00000057ff8d0301010953514c55706461746501ff8e000104010b5265666572656e63654944010a0001055175657279010a00010d526f6c6c6261636b5175657279010a00010f507265765472616e73616374696f6e010a000000ff83ff8201fcb74b9fa001010120d0db2978ac91f8c557ea02bffe5efc70cba46f5352b8706f5552a84a90072bd101f82aad41e9e0624d2c0301020100010101fe244001143ed325cf1210ee3bb1565fb6d0fd3036faf2892500010000022000002c8aa7f87a8ae4c6aca52666c2afe5e1e7e1e39c2f05e16db6672fb1127c01fd0259f200'),('00003aa3fa130e7283420638fe72f47f8f72aa93be3e21b25c7604789a733f09','63ff9703010105426c6f636b01ff98000106010954696d657374616d70010400010c5472616e73616374696f6e7301ff9a00010d50726576426c6f636b48617368010a00010448617368010a0001054e6f6e63650104000106486569676874010400000027ff99020101185b5d737472756374757265732e5472616e73616374696f6e01ff9a0001ff8c000075ff8b0301010b5472616e73616374696f6e01ff8c00010801024944010a00010454696d6501040001095369676e6174757265010a00010842795075624b6579010a00010356696e01ff90000104566f757401ff9400010a53514c436f6d6d616e6401ff9600010953514c426173655458010a0000002bff8f0201011c5b5d737472756374757265732e545843757272656e6379496e70757401ff900001ff8e00002fff8d0301010f545843757272656e6379496e70757401ff8e000102010454786964010a000104566f757401040000002dff930201011e5b5d737472756374757265732e54584375727272656e63794f757470757401ff940001ff92000038ff910301011154584375727272656e63794f757470757401ff92000102010556616c7565010800010a5075624b657948617368010a00000057ff950301010953514c55706461746501ff96000104010b5265666572656e63654944010a0001055175657279010a00010d526f6c6c6261636b5175657279010a00010f507265765472616e73616374696f6e010a000000fe089bff9801fcb7520adc0108012080b7b9ba784164da6daebecb90ea2459e9e4507c7132bc0450cd9685cfccbe6d01f82aaec07ed39a245a014630440220750e977393b3f242b52edc50d3c045a12f0a5b8bda43869c1ce12e00fae23a060220332a5c320a4cd78ec418e78c8499d5b1f8ae7b9c3dbc04534bf7a7080cbfaeda014069cc0e7cb3c88251010ff7fd2b16aeb54b7f0449f2391d1a5485f315aaa38e185af6e8e308a0e109121816fbd9365384c2ec28706f77af19fba49b8bb32caa4e0101012002a45f46687486e55034a27dd5341a487469245da82ef7a3728d6c96160882ec00010201f8259d37047d48f13f011405ad004710f4d9031713ab83ef36235e1d443e570001f814368f057d4811400114f76872dffa4529731fe13f17ffd052577dc4525d000100000120d854ca3782ffdd2f411371c6c7e9c46f9b1ffb72580ebecc8e6c2889f234b59301f82aaec07f535a11dc014630440220d696be6e231e8bd18c8d638c89d94ee5d3383dae0bcbb625600488031bae1398022048408a914e87b8811cf97a2f6df258f69ab16867b47bdc4ff78db8eb40aa001c014069cc0e7cb3c88251010ff7fd2b16aeb54b7f0449f2391d1a5485f315aaa38e185af6e8e308a0e109121816fbd9365384c2ec28706f77af19fba49b8bb32caa4e010101209cf76f0e9e2df5ba87e2afea832a7ffe4a71dc9424409ef26b27859fc4f9e72f00010201f8259d37047d48f13f0114f8510c1c0f22469072d37564e55741a6b31de20a0001f814368f057d4811400114f76872dffa4529731fe13f17ffd052577dc4525d0001000001209d56816ccff0ae2e792c358945c3e1bedc5577ee3f4dac0be63b3355c84ed7d101f82aaec07fcef58492014630440220d6566887bd2d3162dc26bbafddde0e53d8a6fcd1043c092f5601eb2d893c52f50220f4ecdcc85c38b0435ec4ab79286c7a7653862ca12ee00585182ee014d027e3cc014069cc0e7cb3c88251010ff7fd2b16aeb54b7f0449f2391d1a5485f315aaa38e185af6e8e308a0e109121816fbd9365384c2ec28706f77af19fba49b8bb32caa4e0101012080b7b9ba784164da6daebecb90ea2459e9e4507c7132bc0450cd9685cfccbe6d010200010201f8259d37047d48f13f0114f8510c1c0f22469072d37564e55741a6b31de20a0001f8969d0289bbec09400114f76872dffa4529731fe13f17ffd052577dc4525d000100000120f831c90073122595ea45a0a4b1b884b05cfdb565a2997e3d600b13ce2facc15101f82aaec080422de94a0146304402205880eb1b00b03500910feb3033cf1c95bb18deb0a3b9345a3b9dbf55a9798a0b02208ee34c418babfc76e11205ae62caaee84a19eefff8648daccd82be2ae87fbb6b014069cc0e7cb3c88251010ff7fd2b16aeb54b7f0449f2391d1a5485f315aaa38e185af6e8e308a0e109121816fbd9365384c2ec28706f77af19fba49b8bb32caa4e01010120d854ca3782ffdd2f411371c6c7e9c46f9b1ffb72580ebecc8e6c2889f234b593010200010201f8259d37047d48f13f0114f8510c1c0f22469072d37564e55741a6b31de20a0001f8969d0289bbec09400114f76872dffa4529731fe13f17ffd052577dc4525d0001000001204309feabbc0a8b4f2c046c5b83351fb84eaa95986e138ec84ec060718586fda701f82aaec080c55cfb5a0146304402207ff796f7a4dfa10e26f3e6254835417d79b0da7bb3fb37fe901f6c132a4a86fc0220d633e2be13143eb482a5798a94aad43081b53b1e8fdd2f14603e8ce9547d1a74014069cc0e7cb3c88251010ff7fd2b16aeb54b7f0449f2391d1a5485f315aaa38e185af6e8e308a0e109121816fbd9365384c2ec28706f77af19fba49b8bb32caa4e010101209d56816ccff0ae2e792c358945c3e1bedc5577ee3f4dac0be63b3355c84ed7d1010200010201f8259d37047d48f13f0114f8510c1c0f22469072d37564e55741a6b31de20a0001f804cfe6067d4801400114f76872dffa4529731fe13f17ffd052577dc4525d000100000120aef4f3ca54f4c7087e5ba4a3e53ee8533d5b892c68d8dc29655fe76a5d0d12ae01f82aaec0813693f622014630440220b61e212537e0407b99c6d9d111dc5fb4654de055147236922c5cc27b3c752838022042696d32424d7e557272acbda332203dc3893998e074c830f2dfc9711d6753aa014069cc0e7cb3c88251010ff7fd2b16aeb54b7f0449f2391d1a5485f315aaa38e185af6e8e308a0e109121816fbd9365384c2ec28706f77af19fba49b8bb32caa4e010101204309feabbc0a8b4f2c046c5b83351fb84eaa95986e138ec84ec060718586fda7010200010201f8259d37047d48f13f0114f8510c1c0f22469072d37564e55741a6b31de20a0001f8e30096097d48f13f0114f76872dffa4529731fe13f17ffd052577dc4525d0001000001202ee48f7a7b5305339219aaed8f161f331a0fa0a753c31313819b4c83ab2a71dc01f82aaec081f6b7a13c0146304402208bdfb26d4df246e0ac6f068acca0f4046abc56a41d82c6d3b68dfbaf18e5c5cd0220d349e5cbccfe9c5bdf5e825466766d0851f3516c5fc099bc437d7f788e966e54014069cc0e7cb3c88251010ff7fd2b16aeb54b7f0449f2391d1a5485f315aaa38e185af6e8e308a0e109121816fbd9365384c2ec28706f77af19fba49b8bb32caa4e01010120aef4f3ca54f4c7087e5ba4a3e53ee8533d5b892c68d8dc29655fe76a5d0d12ae010200010201f8259d37047d48f13f0114f8510c1c0f22469072d37564e55741a6b31de20a0001fbf88e79553e0114f76872dffa4529731fe13f17ffd052577dc4525d000100000120877140563926c2344e420d6a3d768a790a4da23914658005860a12d476cd56ae01f82aaec0825a64e93c0301020100010101fe24400114f76872dffa4529731fe13f17ffd052577dc4525d0001000001200000f38cf95e27bd8543edf33c123d8e41f620fcd31d475b1704639aeb655cd7012000003aa3fa130e7283420638fe72f47f8f72aa93be3e21b25c7604789a733f0901fe1d88010e00'),('00008070497ec3996dea4fc4279e98cb73ffca3f80052fb140558068722cce26','63ff8103010105426c6f636b01ff82000106010954696d657374616d70010400010c5472616e73616374696f6e7301ff9000010d50726576426c6f636b48617368010a00010448617368010a0001054e6f6e63650104000106486569676874010400000027ff8f020101185b5d737472756374757265732e5472616e73616374696f6e01ff900001ff84000075ff830301010b5472616e73616374696f6e01ff8400010801024944010a00010454696d6501040001095369676e6174757265010a00010842795075624b6579010a00010356696e01ff88000104566f757401ff8c00010a53514c436f6d6d616e6401ff8e00010953514c426173655458010a0000002bff870201011c5b5d737472756374757265732e545843757272656e6379496e70757401ff880001ff8600002fff850301010f545843757272656e6379496e70757401ff86000102010454786964010a000104566f757401040000002dff8b0201011e5b5d737472756374757265732e54584375727272656e63794f757470757401ff8c0001ff8a000038ff890301011154584375727272656e63794f757470757401ff8a000102010556616c7565010800010a5075624b657948617368010a00000057ff8d0301010953514c55706461746501ff8e000104010b5265666572656e63654944010a0001055175657279010a00010d526f6c6c6261636b5175657279010a00010f507265765472616e73616374696f6e010a000000fe06c0ff8201fcb74b9fd201060120ff15e84416d7b790cb1d97c43abbdd05e4400fbaadebb19535a1ad442c7a4d7f01f82aad41f573ecbfe0014630440220e9b01d24c0f1cece5ad739ea1a992bd46a93242c1ac4dc57fba70f9c9943492202200bf525840a665b3793167f79ffba4c5b5935208a99bece854f0a05b3d513661101400425ee20a14fdb8b046f15c4b7c630fd1562198f5abcabce4428a4242bef325d59ff343d5b8f7dc7f450b8eee6186b847bf290b5a480849f347fe746245fbdb801020120d6ac70d7b9b2d01342704206a3d6b43e356c9af6310520ef24382d0bf18e52850102000120d987b62f365a2dcab789741534437abef84ec79120438a2bbe11f2a082fce3c800010201f8d63c05c8e94e843f0114a50eb1fd89981ba8e0da1dda03c9beba1234ca7f0001f984cb74f920f53e01143ed325cf1210ee3bb1565fb6d0fd3036faf28925000100000120af0462e8f9cd6c3e51f103709a7bfae08a8ca2c7753ac5b6166d757a88d92f6901f82aad41f57e05f2680146304402208505bceaee75e1d92b0a9156d1fce92ffb0b1bc9159402d0088368ca53d4cc390220bac7bcf7cc0121dce5e903118eafb623b51331c24b65f5678d32653a04acf94f0140169b05603690090f9d1938f15c337e35caa8432b2474de1f2b8b594c4faa7a07ca4f99051abb436b664f96aca4b55021cff32d65496a3b69f9309783e34035ba010201202d865d522404503ca4a78050661cacbad7140d952d49ffa880cab7a96a1a88880102000120d6ac70d7b9b2d01342704206a3d6b43e356c9af6310520ef24382d0bf18e528500010201f8f7562426a8e1833f0114c1e423ec114fe99e85346dd2867eab0c71e9afa10001f8c0c6a3f19758213f0114a50eb1fd89981ba8e0da1dda03c9beba1234ca7f000100000120d6349379b76284f1e18bb13922b4c4e689667723b183ed1488015152d8424c9101f82aad41f587709360014630440220fab94a742acfe5be5ef0e0f92119beb2be34171f978c6bd2ebf74df550abba430220ff9c7f7e9e31ae547cb95b4b94d52d5c2143334823214f94752ad9434ee9e4f30140ab577ea8f95e1b0baecdab03e52decbdd77fff7981ea2cedad8ebc14c0533a2eb8894476c217b08543a1bcab9065a5602edddf3a26aed88fc11c9f6368bcc6cf01020120d987b62f365a2dcab789741534437abef84ec79120438a2bbe11f2a082fce3c801020001202d865d522404503ca4a78050661cacbad7140d952d49ffa880cab7a96a1a888800010201f843f7d5eae556843f01143ed325cf1210ee3bb1565fb6d0fd3036faf289250001f880b037312427333f0114c1e423ec114fe99e85346dd2867eab0c71e9afa1000100000120158882c12867873df8756c56eb5df7beb737cbe8e9a1826322c5d4d69f805ed301f82aad41f592078f1c014630440220ed3fc72b46273a76cf538798299e1ccf91cf2c91b4d7ab967c830a75e83be00b0220dfbb3b0541aaf09c9c531e78b4f4b60eeb0c2b9f7980580d445153f731076c2c0140ab577ea8f95e1b0baecdab03e52decbdd77fff7981ea2cedad8ebc14c0533a2eb8894476c217b08543a1bcab9065a5602edddf3a26aed88fc11c9f6368bcc6cf01010120509192f9ac0372a6a6b432503b6f52d068d89778c976a8dcdebba98db2cc3a79010200010201f8dac812290f03843f01143ed325cf1210ee3bb1565fb6d0fd3036faf289250001f8cb738e4b6686ff3f0114c1e423ec114fe99e85346dd2867eab0c71e9afa1000100000120b9eb0fb26db3863854a64a2c3f5fe5b26c0e218061b78ec7685ca8b19c4a33e601f82aad41f59c65dd16014630440220c87e3ce9ea9f016e952249526e16d44b78880dfee33f7a22e503f7d4c23db4030220be6c5f465f0b079b8ddf7a457eb4aedce1ad166cda1a8adeff7a5598a05e317401400425ee20a14fdb8b046f15c4b7c630fd1562198f5abcabce4428a4242bef325d59ff343d5b8f7dc7f450b8eee6186b847bf290b5a480849f347fe746245fbdb801010120509192f9ac0372a6a6b432503b6f52d068d89778c976a8dcdebba98db2cc3a7900010201f8dac812290f03843f0114a50eb1fd89981ba8e0da1dda03c9beba1234ca7f0001f9ff9cbca7f6223f01143ed325cf1210ee3bb1565fb6d0fd3036faf289250001000001208edbc576e8f9fc2d48513c4ed8a1663cfdbf70351ae6c1882a9e18544f5a3b0c01f82aad41f5a850af0c0301020100010101fe244001143ed325cf1210ee3bb1565fb6d0fd3036faf2892500010000012000001916f3ea31b470bbd26c78cb8a523898d4f0e19a551a405b0f1424dcbe28012000008070497ec3996dea4fc4279e98cb73ffca3f80052fb140558068722cce2601fd02c132010a00'),('0000c093048972ddcebc8da2b0f7c8757d188dc401f4fb8c97e060038bbcfc81','63ff8103010105426c6f636b01ff82000106010954696d657374616d70010400010c5472616e73616374696f6e7301ff9000010d50726576426c6f636b48617368010a00010448617368010a0001054e6f6e63650104000106486569676874010400000027ff8f020101185b5d737472756374757265732e5472616e73616374696f6e01ff900001ff84000075ff830301010b5472616e73616374696f6e01ff8400010801024944010a00010454696d6501040001095369676e6174757265010a00010842795075624b6579010a00010356696e01ff88000104566f757401ff8c00010a53514c436f6d6d616e6401ff8e00010953514c426173655458010a0000002bff870201011c5b5d737472756374757265732e545843757272656e6379496e70757401ff880001ff8600002fff850301010f545843757272656e6379496e70757401ff86000102010454786964010a000104566f757401040000002dff8b0201011e5b5d737472756374757265732e54584375727272656e63794f757470757401ff8c0001ff8a000038ff890301011154584375727272656e63794f757470757401ff8a000102010556616c7565010800010a5075624b657948617368010a00000057ff8d0301010953514c55706461746501ff8e000104010b5265666572656e63654944010a0001055175657279010a00010d526f6c6c6261636b5175657279010a00010f507265765472616e73616374696f6e010a000000fe02d3ff8201fcb74b9fb8010301201f68ecda086e9c55f363099f6d29a7a3237b5123f87acae50fe2ab840d2f9a2c01f82aad41ef1987eedc01463044022073ecbb228f3ffd9d85a69af50a3d71fbed9dc8b1b3500cdabbe07d2d0b3d439d0220cd1a3961a02e8f9b138062c0e591061f3bed0be76ba78bf3c9eafe4e6ae09f9301400425ee20a14fdb8b046f15c4b7c630fd1562198f5abcabce4428a4242bef325d59ff343d5b8f7dc7f450b8eee6186b847bf290b5a480849f347fe746245fbdb801010120d80a15aa6549b91fbe0d75f73ddd2284a8efb1514e00d51edc61990813d3a545010200010201400114c1e423ec114fe99e85346dd2867eab0c71e9afa10001fe1c4001143ed325cf1210ee3bb1565fb6d0fd3036faf2892500010000012092a2b2a8b6fd994d6139c43d08d639a8d476aebe71c98be0e55d8aaed3204de701f82aad41ef22dd1300014630440220a3e13b987f6622f551dc714af06de8be7ed7697e96d8fa5255cedef659a76e200220892277ddfca42dcdd714f5d8a06b07354dfa88d9d6da3e5308bb754dc70f4a1601400425ee20a14fdb8b046f15c4b7c630fd1562198f5abcabce4428a4242bef325d59ff343d5b8f7dc7f450b8eee6186b847bf290b5a480849f347fe746245fbdb801010120bb47137431b2d5f78609f84f6ce979da8883e2de4b974ff1332ec28e7432b3d600010201fe08400114c1e423ec114fe99e85346dd2867eab0c71e9afa10001fe1c4001143ed325cf1210ee3bb1565fb6d0fd3036faf28925000100000120b3f1352ff3f9d8c0f387d0653b6021c504630bf09666f474b1e44bafaa2be07101f82aad41ef2c4d6c780301020100010101fe244001143ed325cf1210ee3bb1565fb6d0fd3036faf289250001000001200000271a5a8a0b8365662b154764401349e720d0422acd8db38e8c770415ffb901200000c093048972ddcebc8da2b0f7c8757d188dc401f4fb8c97e060038bbcfc8101fd01df08010400'),('0000f38cf95e27bd8543edf33c123d8e41f620fcd31d475b1704639aeb655cd7','63ff9703010105426c6f636b01ff98000106010954696d657374616d70010400010c5472616e73616374696f6e7301ff9a00010d50726576426c6f636b48617368010a00010448617368010a0001054e6f6e63650104000106486569676874010400000027ff99020101185b5d737472756374757265732e5472616e73616374696f6e01ff9a0001ff8c000075ff8b0301010b5472616e73616374696f6e01ff8c00010801024944010a00010454696d6501040001095369676e6174757265010a00010842795075624b6579010a00010356696e01ff90000104566f757401ff9400010a53514c436f6d6d616e6401ff9600010953514c426173655458010a0000002bff8f0201011c5b5d737472756374757265732e545843757272656e6379496e70757401ff900001ff8e00002fff8d0301010f545843757272656e6379496e70757401ff8e000102010454786964010a000104566f757401040000002dff930201011e5b5d737472756374757265732e54584375727272656e63794f757470757401ff940001ff92000038ff910301011154584375727272656e63794f757470757401ff92000102010556616c7565010800010a5075624b657948617368010a00000057ff950301010953514c55706461746501ff96000104010b5265666572656e63654944010a0001055175657279010a00010d526f6c6c6261636b5175657279010a00010f507265765472616e73616374696f6e010a000000fe0806ff9801fcb7520a3c0107012002a45f46687486e55034a27dd5341a487469245da82ef7a3728d6c96160882ec01f82aaec057979a8748014630440220729d77eabc28fdbc5a3332ebc5cb38213775f2c11128c4f7cf459f1d494ee0090220a95073ab4235a79ae4bdaf2b0dc74846738cc11c80e3816f5eb80e4d6aba317401400425ee20a14fdb8b046f15c4b7c630fd1562198f5abcabce4428a4242bef325d59ff343d5b8f7dc7f450b8eee6186b847bf290b5a480849f347fe746245fbdb801050120ff15e84416d7b790cb1d97c43abbdd05e4400fbaadebb19535a1ad442c7a4d7f0102000120b9eb0fb26db3863854a64a2c3f5fe5b26c0e218061b78ec7685ca8b19c4a33e60102000120158882c12867873df8756c56eb5df7beb737cbe8e9a1826322c5d4d69f805ed3000120d6349379b76284f1e18bb13922b4c4e689667723b183ed1488015152d8424c910001205540cdcd72d0e2a1a238cca8a6f65ab403a128966ee6f2e042f3473c447ff6bd010200010201f85d1d9d469c9a15400114f76872dffa4529731fe13f17ffd052577dc4525d0001f898595be3f9bdf93f01143ed325cf1210ee3bb1565fb6d0fd3036faf289250001000001200bf80348676f410a57664e357c2a459081776a2bc04c28a309510e70cfb68e6e01f82aaec05837a9ed6c01463044022021f17232af2b43b02b7423aeaf73b929d047fbfd2f5f68508d14d0f9d824677c02204ff3bcecf433a196198e7b2173fe4f88c34e3475630a6abe70c8bdbd7264c3ef01400425ee20a14fdb8b046f15c4b7c630fd1562198f5abcabce4428a4242bef325d59ff343d5b8f7dc7f450b8eee6186b847bf290b5a480849f347fe746245fbdb80101012092a2b2a8b6fd994d6139c43d08d639a8d476aebe71c98be0e55d8aaed3204de7010200010201f85d1d9d469c9a1540011405ad004710f4d9031713ab83ef36235e1d443e570001f88c8a8be58e95f93f01143ed325cf1210ee3bb1565fb6d0fd3036faf289250001000001205a7326dd56b76c2abb33a48526dbae0e2343f7563969ec6796eb2a8f95c191f601f82aaec0596df9320c014630440220fc0aa22b41e8ae8547557285e20c48e186f4aff31f9bb80b733ca272c557ff78022042f7e57269f678d43515e4b5a45c218da19afdd907ff8818a50668039faf54e601400425ee20a14fdb8b046f15c4b7c630fd1562198f5abcabce4428a4242bef325d59ff343d5b8f7dc7f450b8eee6186b847bf290b5a480849f347fe746245fbdb8010101208edbc576e8f9fc2d48513c4ed8a1663cfdbf70351ae6c1882a9e18544f5a3b0c00010201f85d1d9d469c9a15400114f8510c1c0f22469072d37564e55741a6b31de20a0001f8a3e262b96365124001143ed325cf1210ee3bb1565fb6d0fd3036faf289250001000001209cf76f0e9e2df5ba87e2afea832a7ffe4a71dc9424409ef26b27859fc4f9e72f01f82aaec05a46d2274401463044022028239366c74ba9050f6b939a4bbc89d30885db95a46e71cd18f65419f70568e7022056f9504049bf8c977d09229352c7c7eff35f835352cd526d72ab38e17bff0fcc01400425ee20a14fdb8b046f15c4b7c630fd1562198f5abcabce4428a4242bef325d59ff343d5b8f7dc7f450b8eee6186b847bf290b5a480849f347fe746245fbdb801010120b3f1352ff3f9d8c0f387d0653b6021c504630bf09666f474b1e44bafaa2be07100010201f85d1d9d469c9a15400114f76872dffa4529731fe13f17ffd052577dc4525d0001f8a3e262b96365124001143ed325cf1210ee3bb1565fb6d0fd3036faf289250001000001201875e45bf1aad32436ea571a1f4717da56cb21a1d790d26baa43cc33df8a9e4c01f82aaec05b47dc95240146304402201f523dc0bb58b2bc1ccecdd9e97a7557a23e60958b048b033b052ac5556ef8270220c7aa43f35f979207cfc9a93ffbbbe98d5e19e222f8dc52fc1e6e64410902a24601400425ee20a14fdb8b046f15c4b7c630fd1562198f5abcabce4428a4242bef325d59ff343d5b8f7dc7f450b8eee6186b847bf290b5a480849f347fe746245fbdb801010120d7c1d1d1ed861dde6fb1f8d3b00637b1ff8f4a5e20fa7eb20b104efc04ea19cf00010201f85d1d9d469c9a1540011405ad004710f4d9031713ab83ef36235e1d443e570001f8a3e262b96365124001143ed325cf1210ee3bb1565fb6d0fd3036faf289250001000001204ed811133a7e94440d3e1019b38ff3baf90693264fc4cd5eb152f1a1c1fc96c801f82aaec05c180cdb300146304402203e7b064ee59d9c53e419c91de9940382be05f266f8460073d56575b70cd259aa0220b2af49bf7ca8ad3e599b7d14a0e3c79df4ab9f41c35d13562acbf363c581acd601400425ee20a14fdb8b046f15c4b7c630fd1562198f5abcabce4428a4242bef325d59ff343d5b8f7dc7f450b8eee6186b847bf290b5a480849f347fe746245fbdb801010120fc52dbbfb331073410ec74bb1ab30b308d198b4b449a047cf1fbb76798a7578400010201f85d1d9d469c9a15400114f8510c1c0f22469072d37564e55741a6b31de20a0001f8a3e262b96365124001143ed325cf1210ee3bb1565fb6d0fd3036faf2892500010000012077d5165e280993d256bbdcc607093e5e1f2aadfedb0ca6b339971a18c8ae716601f82aaec05d21357a060301020100010101fe244001143ed325cf1210ee3bb1565fb6d0fd3036faf2892500010000012000008070497ec3996dea4fc4279e98cb73ffca3f80052fb140558068722cce2601200000f38cf95e27bd8543edf33c123d8e41f620fcd31d475b1704639aeb655cd701fe178e010c00'),('66','00002c8aa7f87a8ae4c6aca52666c2afe5e1e7e1e39c2f05e16db6672fb1127c'),('6c','00003aa3fa130e7283420638fe72f47f8f72aa93be3e21b25c7604789a733f09');

/*!40000 ALTER TABLE blocks ENABLE KEYS */;
UNLOCK TABLES;

--
-- Table structure for table nodes
--

DROP TABLE IF EXISTS nodes;
/*!40101 SET @saved_cs_client     = @@character_set_client */;
/*!40101 SET character_set_client = utf8 */;
CREATE TABLE `nodes` (
  `k` varbinary(100) NOT NULL,
  `v` varbinary(200) DEFAULT NULL,
  PRIMARY KEY (`k`)
) ENGINE=InnoDB DEFAULT CHARSET=latin1;
/*!40101 SET character_set_client = @saved_cs_client */;
--
-- Dumping data for table nodes
--

LOCK TABLES nodes WRITE;
/*!40000 ALTER TABLE nodes DISABLE KEYS */;

INSERT INTO nodes VALUES ('3132372e302e302e313a3330303033','3132372e302e302e313a3330303033'),('6c6f63616c686f73743a3330303030','6c6f63616c686f73743a3330303030'),('6c6f63616c686f73743a3330303032','6c6f63616c686f73743a3330303032'),('6c6f63616c686f73743a3330303033','6c6f63616c686f73743a3330303033');

/*!40000 ALTER TABLE nodes ENABLE KEYS */;
UNLOCK TABLES;

--
-- Table structure for table rowstotransactions
--

DROP TABLE IF EXISTS rowstotransactions;
/*!40101 SET @saved_cs_client     = @@character_set_client */;
/*!40101 SET character_set_client = utf8 */;
CREATE TABLE `rowstotransactions` (
  `k` varbinary(100) NOT NULL,
  `v` varbinary(100) DEFAULT NULL,
  PRIMARY KEY (`k`)
) ENGINE=InnoDB DEFAULT CHARSET=latin1;
/*!40101 SET character_set_client = @saved_cs_client */;
--
-- Dumping data for table rowstotransactions
--

LOCK TABLES rowstotransactions WRITE;
/*!40000 ALTER TABLE rowstotransactions DISABLE KEYS */;

/*!40000 ALTER TABLE rowstotransactions ENABLE KEYS */;
UNLOCK TABLES;

--
-- Table structure for table transactions
--

DROP TABLE IF EXISTS transactions;
/*!40101 SET @saved_cs_client     = @@character_set_client */;
/*!40101 SET character_set_client = utf8 */;
CREATE TABLE `transactions` (
  `k` varbinary(100) NOT NULL,
  `v` blob,
  PRIMARY KEY (`k`)
) ENGINE=InnoDB DEFAULT CHARSET=latin1;
/*!40101 SET character_set_client = @saved_cs_client */;
--
-- Dumping data for table transactions
--

LOCK TABLES transactions WRITE;
/*!40000 ALTER TABLE transactions DISABLE KEYS */;

INSERT INTO transactions VALUES ('02a45f46687486e55034a27dd5341a487469245da82ef7a3728d6c96160882ec','0cff9b020102ff9c00010a000025ff9c0001200000f38cf95e27bd8543edf33c123d8e41f620fcd31d475b1704639aeb655cd7'),('098c44d1ec5ad09fe4fee51239eab2d33e60283dab7eeaa09e2bff790df9d61c','0cff91020102ff9200010a000025ff92000120000009a6e803738984392515aeecceeb2753ac7773323aeeaea183991b887f24'),('0bf80348676f410a57664e357c2a459081776a2bc04c28a309510e70cfb68e6e','0cff9b020102ff9c00010a000025ff9c0001200000f38cf95e27bd8543edf33c123d8e41f620fcd31d475b1704639aeb655cd7'),('158882c12867873df8756c56eb5df7beb737cbe8e9a1826322c5d4d69f805ed3','0cff91020102ff9200010a000025ff9200012000008070497ec3996dea4fc4279e98cb73ffca3f80052fb140558068722cce26'),('1875e45bf1aad32436ea571a1f4717da56cb21a1d790d26baa43cc33df8a9e4c','0cff9b020102ff9c00010a000025ff9c0001200000f38cf95e27bd8543edf33c123d8e41f620fcd31d475b1704639aeb655cd7'),('1f68ecda086e9c55f363099f6d29a7a3237b5123f87acae50fe2ab840d2f9a2c','0cff91020102ff9200010a000025ff920001200000c093048972ddcebc8da2b0f7c8757d188dc401f4fb8c97e060038bbcfc81'),('2d865d522404503ca4a78050661cacbad7140d952d49ffa880cab7a96a1a8888','0cff91020102ff9200010a000025ff9200012000001916f3ea31b470bbd26c78cb8a523898d4f0e19a551a405b0f1424dcbe28'),('2ee48f7a7b5305339219aaed8f161f331a0fa0a753c31313819b4c83ab2a71dc','0cff9b020102ff9c00010a000025ff9c00012000003aa3fa130e7283420638fe72f47f8f72aa93be3e21b25c7604789a733f09'),('4309feabbc0a8b4f2c046c5b83351fb84eaa95986e138ec84ec060718586fda7','0cff9b020102ff9c00010a000025ff9c00012000003aa3fa130e7283420638fe72f47f8f72aa93be3e21b25c7604789a733f09'),('4ed811133a7e94440d3e1019b38ff3baf90693264fc4cd5eb152f1a1c1fc96c8','0cff9b020102ff9c00010a000025ff9c0001200000f38cf95e27bd8543edf33c123d8e41f620fcd31d475b1704639aeb655cd7'),('509192f9ac0372a6a6b432503b6f52d068d89778c976a8dcdebba98db2cc3a79','0cff91020102ff9200010a000025ff9200012000001916f3ea31b470bbd26c78cb8a523898d4f0e19a551a405b0f1424dcbe28'),('5540cdcd72d0e2a1a238cca8a6f65ab403a128966ee6f2e042f3473c447ff6bd','0cff91020102ff9200010a000025ff92000120000009a6e803738984392515aeecceeb2753ac7773323aeeaea183991b887f24'),('56d6f562d6ea01528326ba09d8df6b8814922cfb2911abcf554d90bb18c8e69b','0cff91020102ff9200010a000025ff92000120000009a6e803738984392515aeecceeb2753ac7773323aeeaea183991b887f24'),('5a7326dd56b76c2abb33a48526dbae0e2343f7563969ec6796eb2a8f95c191f6','0cff9b020102ff9c00010a000025ff9c0001200000f38cf95e27bd8543edf33c123d8e41f620fcd31d475b1704639aeb655cd7'),('77d5165e280993d256bbdcc607093e5e1f2aadfedb0ca6b339971a18c8ae7166','0cff9b020102ff9c00010a000025ff9c0001200000f38cf95e27bd8543edf33c123d8e41f620fcd31d475b1704639aeb655cd7'),('80b7b9ba784164da6daebecb90ea2459e9e4507c7132bc0450cd9685cfccbe6d','0cff9b020102ff9c00010a000025ff9c00012000003aa3fa130e7283420638fe72f47f8f72aa93be3e21b25c7604789a733f09'),('877140563926c2344e420d6a3d768a790a4da23914658005860a12d476cd56ae','0cff9b020102ff9c00010a000025ff9c00012000003aa3fa130e7283420638fe72f47f8f72aa93be3e21b25c7604789a733f09'),('8edbc576e8f9fc2d48513c4ed8a1663cfdbf70351ae6c1882a9e18544f5a3b0c','0cff91020102ff9200010a000025ff9200012000008070497ec3996dea4fc4279e98cb73ffca3f80052fb140558068722cce26'),('92a2b2a8b6fd994d6139c43d08d639a8d476aebe71c98be0e55d8aaed3204de7','0cff91020102ff9200010a000025ff920001200000c093048972ddcebc8da2b0f7c8757d188dc401f4fb8c97e060038bbcfc81'),('9cf76f0e9e2df5ba87e2afea832a7ffe4a71dc9424409ef26b27859fc4f9e72f','0cff9b020102ff9c00010a000025ff9c0001200000f38cf95e27bd8543edf33c123d8e41f620fcd31d475b1704639aeb655cd7'),('9d56816ccff0ae2e792c358945c3e1bedc5577ee3f4dac0be63b3355c84ed7d1','0cff9b020102ff9c00010a000025ff9c00012000003aa3fa130e7283420638fe72f47f8f72aa93be3e21b25c7604789a733f09'),('aef4f3ca54f4c7087e5ba4a3e53ee8533d5b892c68d8dc29655fe76a5d0d12ae','0cff9b020102ff9c00010a000025ff9c00012000003aa3fa130e7283420638fe72f47f8f72aa93be3e21b25c7604789a733f09'),('af0462e8f9cd6c3e51f103709a7bfae08a8ca2c7753ac5b6166d757a88d92f69','0cff91020102ff9200010a000025ff9200012000008070497ec3996dea4fc4279e98cb73ffca3f80052fb140558068722cce26'),('b3f1352ff3f9d8c0f387d0653b6021c504630bf09666f474b1e44bafaa2be071','0cff91020102ff9200010a000025ff920001200000c093048972ddcebc8da2b0f7c8757d188dc401f4fb8c97e060038bbcfc81'),('b9eb0fb26db3863854a64a2c3f5fe5b26c0e218061b78ec7685ca8b19c4a33e6','0cff91020102ff9200010a000025ff9200012000008070497ec3996dea4fc4279e98cb73ffca3f80052fb140558068722cce26'),('bb47137431b2d5f78609f84f6ce979da8883e2de4b974ff1332ec28e7432b3d6','0cff91020102ff9200010a000025ff920001200000271a5a8a0b8365662b154764401349e720d0422acd8db38e8c770415ffb9'),('d0db2978ac91f8c557ea02bffe5efc70cba46f5352b8706f5552a84a90072bd1','0cff91020102ff9200010a000025ff9200012000002c8aa7f87a8ae4c6aca52666c2afe5e1e7e1e39c2f05e16db6672fb1127c'),('d6349379b76284f1e18bb13922b4c4e689667723b183ed1488015152d8424c91','0cff91020102ff9200010a000025ff9200012000008070497ec3996dea4fc4279e98cb73ffca3f80052fb140558068722cce26'),('d6ac70d7b9b2d01342704206a3d6b43e356c9af6310520ef24382d0bf18e5285','0cff91020102ff9200010a000025ff9200012000001916f3ea31b470bbd26c78cb8a523898d4f0e19a551a405b0f1424dcbe28'),('d7c1d1d1ed861dde6fb1f8d3b00637b1ff8f4a5e20fa7eb20b104efc04ea19cf','0cff91020102ff9200010a000025ff92000120000009a6e803738984392515aeecceeb2753ac7773323aeeaea183991b887f24'),('d80a15aa6549b91fbe0d75f73ddd2284a8efb1514e00d51edc61990813d3a545','0cff91020102ff9200010a000025ff920001200000271a5a8a0b8365662b154764401349e720d0422acd8db38e8c770415ffb9'),('d854ca3782ffdd2f411371c6c7e9c46f9b1ffb72580ebecc8e6c2889f234b593','0cff9b020102ff9c00010a000025ff9c00012000003aa3fa130e7283420638fe72f47f8f72aa93be3e21b25c7604789a733f09'),('d987b62f365a2dcab789741534437abef84ec79120438a2bbe11f2a082fce3c8','0cff91020102ff9200010a000025ff9200012000001916f3ea31b470bbd26c78cb8a523898d4f0e19a551a405b0f1424dcbe28'),('f831c90073122595ea45a0a4b1b884b05cfdb565a2997e3d600b13ce2facc151','0cff9b020102ff9c00010a000025ff9c00012000003aa3fa130e7283420638fe72f47f8f72aa93be3e21b25c7604789a733f09'),('fc52dbbfb331073410ec74bb1ab30b308d198b4b449a047cf1fbb76798a75784','0cff91020102ff9200010a000025ff9200012000001916f3ea31b470bbd26c78cb8a523898d4f0e19a551a405b0f1424dcbe28'),('ff15e84416d7b790cb1d97c43abbdd05e4400fbaadebb19535a1ad442c7a4d7f','0cff91020102ff9200010a000025ff9200012000008070497ec3996dea4fc4279e98cb73ffca3f80052fb140558068722cce26');

/*!40000 ALTER TABLE transactions ENABLE KEYS */;
UNLOCK TABLES;

--
-- Table structure for table transactionsoutputs
--

DROP TABLE IF EXISTS transactionsoutputs;
/*!40101 SET @saved_cs_client     = @@character_set_client */;
/*!40101 SET character_set_client = utf8 */;
CREATE TABLE `transactionsoutputs` (
  `k` varbinary(100) NOT NULL,
  `v` blob,
  PRIMARY KEY (`k`)
) ENGINE=InnoDB DEFAULT CHARSET=latin1;
/*!40101 SET character_set_client = @saved_cs_client */;
--
-- Dumping data for table transactionsoutputs
--

LOCK TABLES transactionsoutputs WRITE;
/*!40000 ALTER TABLE transactionsoutputs DISABLE KEYS */;

INSERT INTO transactionsoutputs VALUES ('02a45f46687486e55034a27dd5341a487469245da82ef7a3728d6c96160882ec','0dff9f020102ffa00001ff9e00005eff9d0301011d5472616e73616374696f6e73496e6465785370656e744f75747075747301ff9e00010401064f7574496e64010400010b5458576865726555736564010a000105496e496e640104000109426c6f636b48617368010a00000049ffa00001022080b7b9ba784164da6daebecb90ea2459e9e4507c7132bc0450cd9685cfccbe6d022000003aa3fa130e7283420638fe72f47f8f72aa93be3e21b25c7604789a733f0900'),('098c44d1ec5ad09fe4fee51239eab2d33e60283dab7eeaa09e2bff790df9d61c','0dff99020102ff9a0001ff9800005eff970301011d5472616e73616374696f6e73496e6465785370656e744f75747075747301ff9800010401064f7574496e64010400010b5458576865726555736564010a000105496e496e640104000109426c6f636b48617368010a000000ff90ff9a00020220d6ac70d7b9b2d01342704206a3d6b43e356c9af6310520ef24382d0bf18e5285022000001916f3ea31b470bbd26c78cb8a523898d4f0e19a551a405b0f1424dcbe280001020120509192f9ac0372a6a6b432503b6f52d068d89778c976a8dcdebba98db2cc3a79022000001916f3ea31b470bbd26c78cb8a523898d4f0e19a551a405b0f1424dcbe2800'),('158882c12867873df8756c56eb5df7beb737cbe8e9a1826322c5d4d69f805ed3','0dff9f020102ffa00001ff9e00005eff9d0301011d5472616e73616374696f6e73496e6465785370656e744f75747075747301ff9e00010401064f7574496e64010400010b5458576865726555736564010a000105496e496e640104000109426c6f636b48617368010a0000004bffa00001022002a45f46687486e55034a27dd5341a487469245da82ef7a3728d6c96160882ec010401200000f38cf95e27bd8543edf33c123d8e41f620fcd31d475b1704639aeb655cd700'),('1f68ecda086e9c55f363099f6d29a7a3237b5123f87acae50fe2ab840d2f9a2c','0dff99020102ff9a0001ff9800005eff970301011d5472616e73616374696f6e73496e6465785370656e744f75747075747301ff9800010401064f7574496e64010400010b5458576865726555736564010a000105496e496e640104000109426c6f636b48617368010a000000ff90ff9a0002010201205540cdcd72d0e2a1a238cca8a6f65ab403a128966ee6f2e042f3473c447ff6bd0220000009a6e803738984392515aeecceeb2753ac7773323aeeaea183991b887f24000220098c44d1ec5ad09fe4fee51239eab2d33e60283dab7eeaa09e2bff790df9d61c0220000009a6e803738984392515aeecceeb2753ac7773323aeeaea183991b887f2400'),('2d865d522404503ca4a78050661cacbad7140d952d49ffa880cab7a96a1a8888','0dff99020102ff9a0001ff9800005eff970301011d5472616e73616374696f6e73496e6465785370656e744f75747075747301ff9800010401064f7574496e64010400010b5458576865726555736564010a000105496e496e640104000109426c6f636b48617368010a000000ff92ff9a000201020120af0462e8f9cd6c3e51f103709a7bfae08a8ca2c7753ac5b6166d757a88d92f69022000008070497ec3996dea4fc4279e98cb73ffca3f80052fb140558068722cce26000220d6349379b76284f1e18bb13922b4c4e689667723b183ed1488015152d8424c910102012000008070497ec3996dea4fc4279e98cb73ffca3f80052fb140558068722cce2600'),('4309feabbc0a8b4f2c046c5b83351fb84eaa95986e138ec84ec060718586fda7','0dff9f020102ffa00001ff9e00005eff9d0301011d5472616e73616374696f6e73496e6465785370656e744f75747075747301ff9e00010401064f7574496e64010400010b5458576865726555736564010a000105496e496e640104000109426c6f636b48617368010a0000004bffa0000101020120aef4f3ca54f4c7087e5ba4a3e53ee8533d5b892c68d8dc29655fe76a5d0d12ae022000003aa3fa130e7283420638fe72f47f8f72aa93be3e21b25c7604789a733f0900'),('509192f9ac0372a6a6b432503b6f52d068d89778c976a8dcdebba98db2cc3a79','0dff99020102ff9a0001ff9800005eff970301011d5472616e73616374696f6e73496e6465785370656e744f75747075747301ff9800010401064f7574496e64010400010b5458576865726555736564010a000105496e496e640104000109426c6f636b48617368010a000000ff90ff9a000201020120158882c12867873df8756c56eb5df7beb737cbe8e9a1826322c5d4d69f805ed3022000008070497ec3996dea4fc4279e98cb73ffca3f80052fb140558068722cce26000220b9eb0fb26db3863854a64a2c3f5fe5b26c0e218061b78ec7685ca8b19c4a33e6022000008070497ec3996dea4fc4279e98cb73ffca3f80052fb140558068722cce2600'),('5540cdcd72d0e2a1a238cca8a6f65ab403a128966ee6f2e042f3473c447ff6bd','0dff9f020102ffa00001ff9e00005eff9d0301011d5472616e73616374696f6e73496e6465785370656e744f75747075747301ff9e00010401064f7574496e64010400010b5458576865726555736564010a000105496e496e640104000109426c6f636b48617368010a000000ff92ffa0000202202d865d522404503ca4a78050661cacbad7140d952d49ffa880cab7a96a1a8888022000001916f3ea31b470bbd26c78cb8a523898d4f0e19a551a405b0f1424dcbe28000102012002a45f46687486e55034a27dd5341a487469245da82ef7a3728d6c96160882ec010801200000f38cf95e27bd8543edf33c123d8e41f620fcd31d475b1704639aeb655cd700'),('56d6f562d6ea01528326ba09d8df6b8814922cfb2911abcf554d90bb18c8e69b','0dff99020102ff9a0001ff9800005eff970301011d5472616e73616374696f6e73496e6465785370656e744f75747075747301ff9800010401064f7574496e64010400010b5458576865726555736564010a000105496e496e640104000109426c6f636b48617368010a00000049ff9a00010220d987b62f365a2dcab789741534437abef84ec79120438a2bbe11f2a082fce3c8022000001916f3ea31b470bbd26c78cb8a523898d4f0e19a551a405b0f1424dcbe2800'),('80b7b9ba784164da6daebecb90ea2459e9e4507c7132bc0450cd9685cfccbe6d','0dff9f020102ffa00001ff9e00005eff9d0301011d5472616e73616374696f6e73496e6465785370656e744f75747075747301ff9e00010401064f7574496e64010400010b5458576865726555736564010a000105496e496e640104000109426c6f636b48617368010a0000004bffa00001010201209d56816ccff0ae2e792c358945c3e1bedc5577ee3f4dac0be63b3355c84ed7d1022000003aa3fa130e7283420638fe72f47f8f72aa93be3e21b25c7604789a733f0900'),('8edbc576e8f9fc2d48513c4ed8a1663cfdbf70351ae6c1882a9e18544f5a3b0c','0dff9f020102ffa00001ff9e00005eff9d0301011d5472616e73616374696f6e73496e6465785370656e744f75747075747301ff9e00010401064f7574496e64010400010b5458576865726555736564010a000105496e496e640104000109426c6f636b48617368010a00000049ffa0000102205a7326dd56b76c2abb33a48526dbae0e2343f7563969ec6796eb2a8f95c191f602200000f38cf95e27bd8543edf33c123d8e41f620fcd31d475b1704639aeb655cd700'),('92a2b2a8b6fd994d6139c43d08d639a8d476aebe71c98be0e55d8aaed3204de7','0dff9f020102ffa00001ff9e00005eff9d0301011d5472616e73616374696f6e73496e6465785370656e744f75747075747301ff9e00010401064f7574496e64010400010b5458576865726555736564010a000105496e496e640104000109426c6f636b48617368010a0000004bffa00001010201200bf80348676f410a57664e357c2a459081776a2bc04c28a309510e70cfb68e6e02200000f38cf95e27bd8543edf33c123d8e41f620fcd31d475b1704639aeb655cd700'),('9cf76f0e9e2df5ba87e2afea832a7ffe4a71dc9424409ef26b27859fc4f9e72f','0dff9f020102ffa00001ff9e00005eff9d0301011d5472616e73616374696f6e73496e6465785370656e744f75747075747301ff9e00010401064f7574496e64010400010b5458576865726555736564010a000105496e496e640104000109426c6f636b48617368010a00000049ffa000010220d854ca3782ffdd2f411371c6c7e9c46f9b1ffb72580ebecc8e6c2889f234b593022000003aa3fa130e7283420638fe72f47f8f72aa93be3e21b25c7604789a733f0900'),('9d56816ccff0ae2e792c358945c3e1bedc5577ee3f4dac0be63b3355c84ed7d1','0dff9f020102ffa00001ff9e00005eff9d0301011d5472616e73616374696f6e73496e6465785370656e744f75747075747301ff9e00010401064f7574496e64010400010b5458576865726555736564010a000105496e496e640104000109426c6f636b48617368010a0000004bffa00001010201204309feabbc0a8b4f2c046c5b83351fb84eaa95986e138ec84ec060718586fda7022000003aa3fa130e7283420638fe72f47f8f72aa93be3e21b25c7604789a733f0900'),('aef4f3ca54f4c7087e5ba4a3e53ee8533d5b892c68d8dc29655fe76a5d0d12ae','0dff9f020102ffa00001ff9e00005eff9d0301011d5472616e73616374696f6e73496e6465785370656e744f75747075747301ff9e00010401064f7574496e64010400010b5458576865726555736564010a000105496e496e640104000109426c6f636b48617368010a0000004bffa00001010201202ee48f7a7b5305339219aaed8f161f331a0fa0a753c31313819b4c83ab2a71dc022000003aa3fa130e7283420638fe72f47f8f72aa93be3e21b25c7604789a733f0900'),('b3f1352ff3f9d8c0f387d0653b6021c504630bf09666f474b1e44bafaa2be071','0dff9f020102ffa00001ff9e00005eff9d0301011d5472616e73616374696f6e73496e6465785370656e744f75747075747301ff9e00010401064f7574496e64010400010b5458576865726555736564010a000105496e496e640104000109426c6f636b48617368010a00000049ffa0000102209cf76f0e9e2df5ba87e2afea832a7ffe4a71dc9424409ef26b27859fc4f9e72f02200000f38cf95e27bd8543edf33c123d8e41f620fcd31d475b1704639aeb655cd700'),('b9eb0fb26db3863854a64a2c3f5fe5b26c0e218061b78ec7685ca8b19c4a33e6','0dff9f020102ffa00001ff9e00005eff9d0301011d5472616e73616374696f6e73496e6465785370656e744f75747075747301ff9e00010401064f7574496e64010400010b5458576865726555736564010a000105496e496e640104000109426c6f636b48617368010a0000004dffa000010102012002a45f46687486e55034a27dd5341a487469245da82ef7a3728d6c96160882ec010201200000f38cf95e27bd8543edf33c123d8e41f620fcd31d475b1704639aeb655cd700'),('bb47137431b2d5f78609f84f6ce979da8883e2de4b974ff1332ec28e7432b3d6','0dff99020102ff9a0001ff9800005eff970301011d5472616e73616374696f6e73496e6465785370656e744f75747075747301ff9800010401064f7574496e64010400010b5458576865726555736564010a000105496e496e640104000109426c6f636b48617368010a00000049ff9a0001022092a2b2a8b6fd994d6139c43d08d639a8d476aebe71c98be0e55d8aaed3204de702200000c093048972ddcebc8da2b0f7c8757d188dc401f4fb8c97e060038bbcfc8100'),('d0db2978ac91f8c557ea02bffe5efc70cba46f5352b8706f5552a84a90072bd1','0dff99020102ff9a0001ff9800005eff970301011d5472616e73616374696f6e73496e6465785370656e744f75747075747301ff9800010401064f7574496e64010400010b5458576865726555736564010a000105496e496e640104000109426c6f636b48617368010a00000049ff9a00010220d80a15aa6549b91fbe0d75f73ddd2284a8efb1514e00d51edc61990813d3a54502200000271a5a8a0b8365662b154764401349e720d0422acd8db38e8c770415ffb900'),('d6349379b76284f1e18bb13922b4c4e689667723b183ed1488015152d8424c91','0dff9f020102ffa00001ff9e00005eff9d0301011d5472616e73616374696f6e73496e6465785370656e744f75747075747301ff9e00010401064f7574496e64010400010b5458576865726555736564010a000105496e496e640104000109426c6f636b48617368010a0000004bffa00001022002a45f46687486e55034a27dd5341a487469245da82ef7a3728d6c96160882ec010601200000f38cf95e27bd8543edf33c123d8e41f620fcd31d475b1704639aeb655cd700'),('d6ac70d7b9b2d01342704206a3d6b43e356c9af6310520ef24382d0bf18e5285','0dff99020102ff9a0001ff9800005eff970301011d5472616e73616374696f6e73496e6465785370656e744f75747075747301ff9800010401064f7574496e64010400010b5458576865726555736564010a000105496e496e640104000109426c6f636b48617368010a000000ff92ff9a000201020120ff15e84416d7b790cb1d97c43abbdd05e4400fbaadebb19535a1ad442c7a4d7f022000008070497ec3996dea4fc4279e98cb73ffca3f80052fb140558068722cce26000220af0462e8f9cd6c3e51f103709a7bfae08a8ca2c7753ac5b6166d757a88d92f690102012000008070497ec3996dea4fc4279e98cb73ffca3f80052fb140558068722cce2600'),('d7c1d1d1ed861dde6fb1f8d3b00637b1ff8f4a5e20fa7eb20b104efc04ea19cf','0dff9f020102ffa00001ff9e00005eff9d0301011d5472616e73616374696f6e73496e6465785370656e744f75747075747301ff9e00010401064f7574496e64010400010b5458576865726555736564010a000105496e496e640104000109426c6f636b48617368010a00000049ffa0000102201875e45bf1aad32436ea571a1f4717da56cb21a1d790d26baa43cc33df8a9e4c02200000f38cf95e27bd8543edf33c123d8e41f620fcd31d475b1704639aeb655cd700'),('d80a15aa6549b91fbe0d75f73ddd2284a8efb1514e00d51edc61990813d3a545','0dff99020102ff9a0001ff9800005eff970301011d5472616e73616374696f6e73496e6465785370656e744f75747075747301ff9800010401064f7574496e64010400010b5458576865726555736564010a000105496e496e640104000109426c6f636b48617368010a000000ff90ff9a0002010201201f68ecda086e9c55f363099f6d29a7a3237b5123f87acae50fe2ab840d2f9a2c02200000c093048972ddcebc8da2b0f7c8757d188dc401f4fb8c97e060038bbcfc8100022056d6f562d6ea01528326ba09d8df6b8814922cfb2911abcf554d90bb18c8e69b0220000009a6e803738984392515aeecceeb2753ac7773323aeeaea183991b887f2400'),('d854ca3782ffdd2f411371c6c7e9c46f9b1ffb72580ebecc8e6c2889f234b593','0dff9f020102ffa00001ff9e00005eff9d0301011d5472616e73616374696f6e73496e6465785370656e744f75747075747301ff9e00010401064f7574496e64010400010b5458576865726555736564010a000105496e496e640104000109426c6f636b48617368010a0000004bffa0000101020120f831c90073122595ea45a0a4b1b884b05cfdb565a2997e3d600b13ce2facc151022000003aa3fa130e7283420638fe72f47f8f72aa93be3e21b25c7604789a733f0900'),('d987b62f365a2dcab789741534437abef84ec79120438a2bbe11f2a082fce3c8','0dff99020102ff9a0001ff9800005eff970301011d5472616e73616374696f6e73496e6465785370656e744f75747075747301ff9800010401064f7574496e64010400010b5458576865726555736564010a000105496e496e640104000109426c6f636b48617368010a000000ff92ff9a00020220ff15e84416d7b790cb1d97c43abbdd05e4400fbaadebb19535a1ad442c7a4d7f0102012000008070497ec3996dea4fc4279e98cb73ffca3f80052fb140558068722cce260001020120d6349379b76284f1e18bb13922b4c4e689667723b183ed1488015152d8424c91022000008070497ec3996dea4fc4279e98cb73ffca3f80052fb140558068722cce2600'),('fc52dbbfb331073410ec74bb1ab30b308d198b4b449a047cf1fbb76798a75784','0dff9f020102ffa00001ff9e00005eff9d0301011d5472616e73616374696f6e73496e6465785370656e744f75747075747301ff9e00010401064f7574496e64010400010b5458576865726555736564010a000105496e496e640104000109426c6f636b48617368010a00000049ffa0000102204ed811133a7e94440d3e1019b38ff3baf90693264fc4cd5eb152f1a1c1fc96c802200000f38cf95e27bd8543edf33c123d8e41f620fcd31d475b1704639aeb655cd700'),('ff15e84416d7b790cb1d97c43abbdd05e4400fbaadebb19535a1ad442c7a4d7f','0dff9f020102ffa00001ff9e00005eff9d0301011d5472616e73616374696f6e73496e6465785370656e744f75747075747301ff9e00010401064f7574496e64010400010b5458576865726555736564010a000105496e496e640104000109426c6f636b48617368010a0000004bffa000010102012002a45f46687486e55034a27dd5341a487469245da82ef7a3728d6c96160882ec02200000f38cf95e27bd8543edf33c123d8e41f620fcd31d475b1704639aeb655cd700');

/*!40000 ALTER TABLE transactionsoutputs ENABLE KEYS */;
UNLOCK TABLES;

--
-- Table structure for table unapprovedtransactions
--

DROP TABLE IF EXISTS unapprovedtransactions;
/*!40101 SET @saved_cs_client     = @@character_set_client */;
/*!40101 SET character_set_client = utf8 */;
CREATE TABLE `unapprovedtransactions` (
  `k` varbinary(100) NOT NULL,
  `v` longblob,
  PRIMARY KEY (`k`)
) ENGINE=InnoDB DEFAULT CHARSET=latin1;
/*!40101 SET character_set_client = @saved_cs_client */;
--
-- Dumping data for table unapprovedtransactions
--

LOCK TABLES unapprovedtransactions WRITE;
/*!40000 ALTER TABLE unapprovedtransactions DISABLE KEYS */;

/*!40000 ALTER TABLE unapprovedtransactions ENABLE KEYS */;
UNLOCK TABLES;

--
-- Table structure for table unspentoutputstransactions
--

DROP TABLE IF EXISTS unspentoutputstransactions;
/*!40101 SET @saved_cs_client     = @@character_set_client */;
/*!40101 SET character_set_client = utf8 */;
CREATE TABLE `unspentoutputstransactions` (
  `k` varbinary(100) NOT NULL,
  `v` longblob,
  PRIMARY KEY (`k`)
) ENGINE=InnoDB DEFAULT CHARSET=latin1;
/*!40101 SET character_set_client = @saved_cs_client */;
--
-- Dumping data for table unspentoutputstransactions
--

LOCK TABLES unspentoutputstransactions WRITE;
/*!40000 ALTER TABLE unspentoutputstransactions DISABLE KEYS */;

INSERT INTO unspentoutputstransactions VALUES ('02a45f46687486e55034a27dd5341a487469245da82ef7a3728d6c96160882ec','0dffa3020102ffa40001ffa200007effa10301011354584f7574707574496e646570656e64656e7401ffa2000107010556616c7565010800010e446573745075624b657948617368010a00010e53656e645075624b657948617368010a00010454584944010a0001064f496e64657801040001064973426173650102000109426c6f636b48617368010a000000ff81ffa4000101f898595be3f9bdf93f01143ed325cf1210ee3bb1565fb6d0fd3036faf2892501143ed325cf1210ee3bb1565fb6d0fd3036faf28925012002a45f46687486e55034a27dd5341a487469245da82ef7a3728d6c96160882ec010202200000f38cf95e27bd8543edf33c123d8e41f620fcd31d475b1704639aeb655cd700'),('0bf80348676f410a57664e357c2a459081776a2bc04c28a309510e70cfb68e6e','0dffa3020102ffa40001ffa200007effa10301011354584f7574707574496e646570656e64656e7401ffa2000107010556616c7565010800010e446573745075624b657948617368010a00010e53656e645075624b657948617368010a00010454584944010a0001064f496e64657801040001064973426173650102000109426c6f636b48617368010a000000fffcffa4000201f85d1d9d469c9a1540011405ad004710f4d9031713ab83ef36235e1d443e5701143ed325cf1210ee3bb1565fb6d0fd3036faf2892501200bf80348676f410a57664e357c2a459081776a2bc04c28a309510e70cfb68e6e03200000f38cf95e27bd8543edf33c123d8e41f620fcd31d475b1704639aeb655cd70001f88c8a8be58e95f93f01143ed325cf1210ee3bb1565fb6d0fd3036faf2892501143ed325cf1210ee3bb1565fb6d0fd3036faf2892501200bf80348676f410a57664e357c2a459081776a2bc04c28a309510e70cfb68e6e010202200000f38cf95e27bd8543edf33c123d8e41f620fcd31d475b1704639aeb655cd700'),('158882c12867873df8756c56eb5df7beb737cbe8e9a1826322c5d4d69f805ed3','0dffa3020102ffa40001ffa200007effa10301011354584f7574707574496e646570656e64656e7401ffa2000107010556616c7565010800010e446573745075624b657948617368010a00010e53656e645075624b657948617368010a00010454584944010a0001064f496e64657801040001064973426173650102000109426c6f636b48617368010a000000ff81ffa4000101f8cb738e4b6686ff3f0114c1e423ec114fe99e85346dd2867eab0c71e9afa10114c1e423ec114fe99e85346dd2867eab0c71e9afa10120158882c12867873df8756c56eb5df7beb737cbe8e9a1826322c5d4d69f805ed30102022000008070497ec3996dea4fc4279e98cb73ffca3f80052fb140558068722cce2600'),('1875e45bf1aad32436ea571a1f4717da56cb21a1d790d26baa43cc33df8a9e4c','0dffa3020102ffa40001ffa200007effa10301011354584f7574707574496e646570656e64656e7401ffa2000107010556616c7565010800010e446573745075624b657948617368010a00010e53656e645075624b657948617368010a00010454584944010a0001064f496e64657801040001064973426173650102000109426c6f636b48617368010a000000fffcffa4000201f85d1d9d469c9a1540011405ad004710f4d9031713ab83ef36235e1d443e5701143ed325cf1210ee3bb1565fb6d0fd3036faf2892501201875e45bf1aad32436ea571a1f4717da56cb21a1d790d26baa43cc33df8a9e4c03200000f38cf95e27bd8543edf33c123d8e41f620fcd31d475b1704639aeb655cd70001f8a3e262b96365124001143ed325cf1210ee3bb1565fb6d0fd3036faf2892501143ed325cf1210ee3bb1565fb6d0fd3036faf2892501201875e45bf1aad32436ea571a1f4717da56cb21a1d790d26baa43cc33df8a9e4c010202200000f38cf95e27bd8543edf33c123d8e41f620fcd31d475b1704639aeb655cd700'),('2ee48f7a7b5305339219aaed8f161f331a0fa0a753c31313819b4c83ab2a71dc','0dffa3020102ffa40001ffa200007effa10301011354584f7574707574496e646570656e64656e7401ffa2000107010556616c7565010800010e446573745075624b657948617368010a00010e53656e645075624b657948617368010a00010454584944010a0001064f496e64657801040001064973426173650102000109426c6f636b48617368010a000000fff9ffa4000201f8259d37047d48f13f0114f8510c1c0f22469072d37564e55741a6b31de20a0114f76872dffa4529731fe13f17ffd052577dc4525d01202ee48f7a7b5305339219aaed8f161f331a0fa0a753c31313819b4c83ab2a71dc032000003aa3fa130e7283420638fe72f47f8f72aa93be3e21b25c7604789a733f090001fbf88e79553e0114f76872dffa4529731fe13f17ffd052577dc4525d0114f76872dffa4529731fe13f17ffd052577dc4525d01202ee48f7a7b5305339219aaed8f161f331a0fa0a753c31313819b4c83ab2a71dc0102022000003aa3fa130e7283420638fe72f47f8f72aa93be3e21b25c7604789a733f0900'),('4309feabbc0a8b4f2c046c5b83351fb84eaa95986e138ec84ec060718586fda7','0dffa3020102ffa40001ffa200007effa10301011354584f7574707574496e646570656e64656e7401ffa2000107010556616c7565010800010e446573745075624b657948617368010a00010e53656e645075624b657948617368010a00010454584944010a0001064f496e64657801040001064973426173650102000109426c6f636b48617368010a0000007fffa4000101f8259d37047d48f13f0114f8510c1c0f22469072d37564e55741a6b31de20a0114f76872dffa4529731fe13f17ffd052577dc4525d01204309feabbc0a8b4f2c046c5b83351fb84eaa95986e138ec84ec060718586fda7032000003aa3fa130e7283420638fe72f47f8f72aa93be3e21b25c7604789a733f0900'),('4ed811133a7e94440d3e1019b38ff3baf90693264fc4cd5eb152f1a1c1fc96c8','0dffa3020102ffa40001ffa200007effa10301011354584f7574707574496e646570656e64656e7401ffa2000107010556616c7565010800010e446573745075624b657948617368010a00010e53656e645075624b657948617368010a00010454584944010a0001064f496e64657801040001064973426173650102000109426c6f636b48617368010a000000fffcffa4000201f85d1d9d469c9a15400114f8510c1c0f22469072d37564e55741a6b31de20a01143ed325cf1210ee3bb1565fb6d0fd3036faf2892501204ed811133a7e94440d3e1019b38ff3baf90693264fc4cd5eb152f1a1c1fc96c803200000f38cf95e27bd8543edf33c123d8e41f620fcd31d475b1704639aeb655cd70001f8a3e262b96365124001143ed325cf1210ee3bb1565fb6d0fd3036faf2892501143ed325cf1210ee3bb1565fb6d0fd3036faf2892501204ed811133a7e94440d3e1019b38ff3baf90693264fc4cd5eb152f1a1c1fc96c8010202200000f38cf95e27bd8543edf33c123d8e41f620fcd31d475b1704639aeb655cd700'),('56d6f562d6ea01528326ba09d8df6b8814922cfb2911abcf554d90bb18c8e69b','0dff95020102ff960001ff9400007eff930301011354584f7574707574496e646570656e64656e7401ff94000107010556616c7565010800010e446573745075624b657948617368010a00010e53656e645075624b657948617368010a00010454584944010a0001064f496e64657801040001064973426173650102000109426c6f636b48617368010a000000ff81ff96000101f8ae47e17a14aeef3f0114a50eb1fd89981ba8e0da1dda03c9beba1234ca7f0114a50eb1fd89981ba8e0da1dda03c9beba1234ca7f012056d6f562d6ea01528326ba09d8df6b8814922cfb2911abcf554d90bb18c8e69b01020220000009a6e803738984392515aeecceeb2753ac7773323aeeaea183991b887f2400'),('5a7326dd56b76c2abb33a48526dbae0e2343f7563969ec6796eb2a8f95c191f6','0dffa3020102ffa40001ffa200007effa10301011354584f7574707574496e646570656e64656e7401ffa2000107010556616c7565010800010e446573745075624b657948617368010a00010e53656e645075624b657948617368010a00010454584944010a0001064f496e64657801040001064973426173650102000109426c6f636b48617368010a000000fffcffa4000201f85d1d9d469c9a15400114f8510c1c0f22469072d37564e55741a6b31de20a01143ed325cf1210ee3bb1565fb6d0fd3036faf2892501205a7326dd56b76c2abb33a48526dbae0e2343f7563969ec6796eb2a8f95c191f603200000f38cf95e27bd8543edf33c123d8e41f620fcd31d475b1704639aeb655cd70001f8a3e262b96365124001143ed325cf1210ee3bb1565fb6d0fd3036faf2892501143ed325cf1210ee3bb1565fb6d0fd3036faf2892501205a7326dd56b76c2abb33a48526dbae0e2343f7563969ec6796eb2a8f95c191f6010202200000f38cf95e27bd8543edf33c123d8e41f620fcd31d475b1704639aeb655cd700'),('77d5165e280993d256bbdcc607093e5e1f2aadfedb0ca6b339971a18c8ae7166','0dffa3020102ffa40001ffa200007effa10301011354584f7574707574496e646570656e64656e7401ffa2000107010556616c7565010800010e446573745075624b657948617368010a00010e53656e645075624b657948617368010a00010454584944010a0001064f496e64657801040001064973426173650102000109426c6f636b48617368010a00000065ffa4000101fe244001143ed325cf1210ee3bb1565fb6d0fd3036faf28925022077d5165e280993d256bbdcc607093e5e1f2aadfedb0ca6b339971a18c8ae7166020101200000f38cf95e27bd8543edf33c123d8e41f620fcd31d475b1704639aeb655cd700'),('80b7b9ba784164da6daebecb90ea2459e9e4507c7132bc0450cd9685cfccbe6d','0dffa3020102ffa40001ffa200007effa10301011354584f7574707574496e646570656e64656e7401ffa2000107010556616c7565010800010e446573745075624b657948617368010a00010e53656e645075624b657948617368010a00010454584944010a0001064f496e64657801040001064973426173650102000109426c6f636b48617368010a0000007fffa4000101f8259d37047d48f13f011405ad004710f4d9031713ab83ef36235e1d443e570114f76872dffa4529731fe13f17ffd052577dc4525d012080b7b9ba784164da6daebecb90ea2459e9e4507c7132bc0450cd9685cfccbe6d032000003aa3fa130e7283420638fe72f47f8f72aa93be3e21b25c7604789a733f0900'),('877140563926c2344e420d6a3d768a790a4da23914658005860a12d476cd56ae','0dffa3020102ffa40001ffa200007effa10301011354584f7574707574496e646570656e64656e7401ffa2000107010556616c7565010800010e446573745075624b657948617368010a00010e53656e645075624b657948617368010a00010454584944010a0001064f496e64657801040001064973426173650102000109426c6f636b48617368010a00000065ffa4000101fe24400114f76872dffa4529731fe13f17ffd052577dc4525d0220877140563926c2344e420d6a3d768a790a4da23914658005860a12d476cd56ae0201012000003aa3fa130e7283420638fe72f47f8f72aa93be3e21b25c7604789a733f0900'),('92a2b2a8b6fd994d6139c43d08d639a8d476aebe71c98be0e55d8aaed3204de7','0dffa3020102ffa40001ffa200007effa10301011354584f7574707574496e646570656e64656e7401ffa2000107010556616c7565010800010e446573745075624b657948617368010a00010e53656e645075624b657948617368010a00010454584944010a0001064f496e64657801040001064973426173650102000109426c6f636b48617368010a00000079ffa4000101fe08400114c1e423ec114fe99e85346dd2867eab0c71e9afa101143ed325cf1210ee3bb1565fb6d0fd3036faf28925012092a2b2a8b6fd994d6139c43d08d639a8d476aebe71c98be0e55d8aaed3204de703200000c093048972ddcebc8da2b0f7c8757d188dc401f4fb8c97e060038bbcfc8100'),('9cf76f0e9e2df5ba87e2afea832a7ffe4a71dc9424409ef26b27859fc4f9e72f','0dffa3020102ffa40001ffa200007effa10301011354584f7574707574496e646570656e64656e7401ffa2000107010556616c7565010800010e446573745075624b657948617368010a00010e53656e645075624b657948617368010a00010454584944010a0001064f496e64657801040001064973426173650102000109426c6f636b48617368010a000000ff81ffa4000101f8a3e262b96365124001143ed325cf1210ee3bb1565fb6d0fd3036faf2892501143ed325cf1210ee3bb1565fb6d0fd3036faf2892501209cf76f0e9e2df5ba87e2afea832a7ffe4a71dc9424409ef26b27859fc4f9e72f010202200000f38cf95e27bd8543edf33c123d8e41f620fcd31d475b1704639aeb655cd700'),('9d56816ccff0ae2e792c358945c3e1bedc5577ee3f4dac0be63b3355c84ed7d1','0dffa3020102ffa40001ffa200007effa10301011354584f7574707574496e646570656e64656e7401ffa2000107010556616c7565010800010e446573745075624b657948617368010a00010e53656e645075624b657948617368010a00010454584944010a0001064f496e64657801040001064973426173650102000109426c6f636b48617368010a0000007fffa4000101f8259d37047d48f13f0114f8510c1c0f22469072d37564e55741a6b31de20a0114f76872dffa4529731fe13f17ffd052577dc4525d01209d56816ccff0ae2e792c358945c3e1bedc5577ee3f4dac0be63b3355c84ed7d1032000003aa3fa130e7283420638fe72f47f8f72aa93be3e21b25c7604789a733f0900'),('aef4f3ca54f4c7087e5ba4a3e53ee8533d5b892c68d8dc29655fe76a5d0d12ae','0dffa3020102ffa40001ffa200007effa10301011354584f7574707574496e646570656e64656e7401ffa2000107010556616c7565010800010e446573745075624b657948617368010a00010e53656e645075624b657948617368010a00010454584944010a0001064f496e64657801040001064973426173650102000109426c6f636b48617368010a0000007fffa4000101f8259d37047d48f13f0114f8510c1c0f22469072d37564e55741a6b31de20a0114f76872dffa4529731fe13f17ffd052577dc4525d0120aef4f3ca54f4c7087e5ba4a3e53ee8533d5b892c68d8dc29655fe76a5d0d12ae032000003aa3fa130e7283420638fe72f47f8f72aa93be3e21b25c7604789a733f0900'),('af0462e8f9cd6c3e51f103709a7bfae08a8ca2c7753ac5b6166d757a88d92f69','0dff95020102ff960001ff9400007eff930301011354584f7574707574496e646570656e64656e7401ff94000107010556616c7565010800010e446573745075624b657948617368010a00010e53656e645075624b657948617368010a00010454584944010a0001064f496e64657801040001064973426173650102000109426c6f636b48617368010a000000fffcff96000201f8f7562426a8e1833f0114c1e423ec114fe99e85346dd2867eab0c71e9afa10114a50eb1fd89981ba8e0da1dda03c9beba1234ca7f0120af0462e8f9cd6c3e51f103709a7bfae08a8ca2c7753ac5b6166d757a88d92f69032000008070497ec3996dea4fc4279e98cb73ffca3f80052fb140558068722cce260001f8c0c6a3f19758213f0114a50eb1fd89981ba8e0da1dda03c9beba1234ca7f0114a50eb1fd89981ba8e0da1dda03c9beba1234ca7f0120af0462e8f9cd6c3e51f103709a7bfae08a8ca2c7753ac5b6166d757a88d92f690102022000008070497ec3996dea4fc4279e98cb73ffca3f80052fb140558068722cce2600'),('b9eb0fb26db3863854a64a2c3f5fe5b26c0e218061b78ec7685ca8b19c4a33e6','0dffa3020102ffa40001ffa200007effa10301011354584f7574707574496e646570656e64656e7401ffa2000107010556616c7565010800010e446573745075624b657948617368010a00010e53656e645075624b657948617368010a00010454584944010a0001064f496e64657801040001064973426173650102000109426c6f636b48617368010a0000007fffa4000101f8dac812290f03843f0114a50eb1fd89981ba8e0da1dda03c9beba1234ca7f01143ed325cf1210ee3bb1565fb6d0fd3036faf289250120b9eb0fb26db3863854a64a2c3f5fe5b26c0e218061b78ec7685ca8b19c4a33e6032000008070497ec3996dea4fc4279e98cb73ffca3f80052fb140558068722cce2600'),('d6349379b76284f1e18bb13922b4c4e689667723b183ed1488015152d8424c91','0dffa3020102ffa40001ffa200007effa10301011354584f7574707574496e646570656e64656e7401ffa2000107010556616c7565010800010e446573745075624b657948617368010a00010e53656e645075624b657948617368010a00010454584944010a0001064f496e64657801040001064973426173650102000109426c6f636b48617368010a000000ff81ffa4000101f880b037312427333f0114c1e423ec114fe99e85346dd2867eab0c71e9afa10114c1e423ec114fe99e85346dd2867eab0c71e9afa10120d6349379b76284f1e18bb13922b4c4e689667723b183ed1488015152d8424c910102022000008070497ec3996dea4fc4279e98cb73ffca3f80052fb140558068722cce2600'),('d854ca3782ffdd2f411371c6c7e9c46f9b1ffb72580ebecc8e6c2889f234b593','0dffa3020102ffa40001ffa200007effa10301011354584f7574707574496e646570656e64656e7401ffa2000107010556616c7565010800010e446573745075624b657948617368010a00010e53656e645075624b657948617368010a00010454584944010a0001064f496e64657801040001064973426173650102000109426c6f636b48617368010a0000007fffa4000101f8259d37047d48f13f0114f8510c1c0f22469072d37564e55741a6b31de20a0114f76872dffa4529731fe13f17ffd052577dc4525d0120d854ca3782ffdd2f411371c6c7e9c46f9b1ffb72580ebecc8e6c2889f234b593032000003aa3fa130e7283420638fe72f47f8f72aa93be3e21b25c7604789a733f0900'),('f831c90073122595ea45a0a4b1b884b05cfdb565a2997e3d600b13ce2facc151','0dffa3020102ffa40001ffa200007effa10301011354584f7574707574496e646570656e64656e7401ffa2000107010556616c7565010800010e446573745075624b657948617368010a00010e53656e645075624b657948617368010a00010454584944010a0001064f496e64657801040001064973426173650102000109426c6f636b48617368010a000000fffcffa4000201f8259d37047d48f13f0114f8510c1c0f22469072d37564e55741a6b31de20a0114f76872dffa4529731fe13f17ffd052577dc4525d0120f831c90073122595ea45a0a4b1b884b05cfdb565a2997e3d600b13ce2facc151032000003aa3fa130e7283420638fe72f47f8f72aa93be3e21b25c7604789a733f090001f8969d0289bbec09400114f76872dffa4529731fe13f17ffd052577dc4525d0114f76872dffa4529731fe13f17ffd052577dc4525d0120f831c90073122595ea45a0a4b1b884b05cfdb565a2997e3d600b13ce2facc1510102022000003aa3fa130e7283420638fe72f47f8f72aa93be3e21b25c7604789a733f0900'),('ff15e84416d7b790cb1d97c43abbdd05e4400fbaadebb19535a1ad442c7a4d7f','0dffa3020102ffa40001ffa200007effa10301011354584f7574707574496e646570656e64656e7401ffa2000107010556616c7565010800010e446573745075624b657948617368010a00010e53656e645075624b657948617368010a00010454584944010a0001064f496e64657801040001064973426173650102000109426c6f636b48617368010a0000007fffa4000101f8d63c05c8e94e843f0114a50eb1fd89981ba8e0da1dda03c9beba1234ca7f01143ed325cf1210ee3bb1565fb6d0fd3036faf289250120ff15e84416d7b790cb1d97c43abbdd05e4400fbaadebb19535a1ad442c7a4d7f032000008070497ec3996dea4fc4279e98cb73ffca3f80052fb140558068722cce2600');

/*!40000 ALTER TABLE unspentoutputstransactions ENABLE KEYS */;
UNLOCK TABLES;

-- Dump completed on 2018-09-24 18:40:42.700633088 +0300 EEST m=+0.224964258
