-- Go SQL Dump 0.2.2
--
-- ------------------------------------------------------
-- Server version	5.7.23-0ubuntu0.16.04.1

/*!40101 SET @OLD_CHARACTER_SET_CLIENT=@@CHARACTER_SET_CLIENT */;
/*!40101 SET @OLD_CHARACTER_SET_RESULTS=@@CHARACTER_SET_RESULTS */;
/*!40101 SET @OLD_COLLATION_CONNECTION=@@COLLATION_CONNECTION */;
/*!40101 SET NAMES utf8 */;
/*!40103 SET @OLD_TIME_ZONE=@@TIME_ZONE */;
/*!40103 SET TIME_ZONE='+00:00' */;
/*!40014 SET @OLD_UNIQUE_CHECKS=@@UNIQUE_CHECKS, UNIQUE_CHECKS=0 */;
/*!40014 SET @OLD_FOREIGN_KEY_CHECKS=@@FOREIGN_KEY_CHECKS, FOREIGN_KEY_CHECKS=0 */;
/*!40101 SET @OLD_SQL_MODE=@@SQL_MODE, SQL_MODE='NO_AUTO_VALUE_ON_ZERO' */;
/*!40111 SET @OLD_SQL_NOTES=@@SQL_NOTES, SQL_NOTES=0 */;



--
-- Table structure for table blockchain
--

DROP TABLE IF EXISTS blockchain;
/*!40101 SET @saved_cs_client     = @@character_set_client */;
/*!40101 SET character_set_client = utf8 */;
CREATE TABLE `blockchain` (
  `k` varbinary(100) NOT NULL,
  `v` varbinary(300) DEFAULT NULL,
  PRIMARY KEY (`k`)
) ENGINE=InnoDB DEFAULT CHARSET=latin1;
/*!40101 SET character_set_client = @saved_cs_client */;
--
-- Dumping data for table blockchain
--

LOCK TABLES blockchain WRITE;
/*!40000 ALTER TABLE blockchain DISABLE KEYS */;

INSERT INTO blockchain VALUES ('000012054faf4690d846ab73c014797a214d6a5d786fc255bcabe2cd6941c074','00002f1699168e04d96dffdabf08ca941051b8cf55989692be20c1b5d167c5580000ab51db953f8a0f917d48751a61ea46f29e23f821f7ee405a9040e9df4990'),('00001a3ace3c14910efc2f0ded7cf953291d6700c31c6cbbd9c296bae7053523','00003e21d815b25b7d2fb28c321c72addda9995ddf0ddc5c03e81393470b779300002f1699168e04d96dffdabf08ca941051b8cf55989692be20c1b5d167c558'),('00002f1699168e04d96dffdabf08ca941051b8cf55989692be20c1b5d167c558','00001a3ace3c14910efc2f0ded7cf953291d6700c31c6cbbd9c296bae7053523000012054faf4690d846ab73c014797a214d6a5d786fc255bcabe2cd6941c074'),('00003e21d815b25b7d2fb28c321c72addda9995ddf0ddc5c03e81393470b7793','0000b53183044b28225c5fbe2cf27f333f30aa25c93eed9d26b8c62117e3543900001a3ace3c14910efc2f0ded7cf953291d6700c31c6cbbd9c296bae7053523'),('00008ff5bf97c56ef23f43959e5e06ed22eec2178b68587447db4033eba3ad6d','0000ab51db953f8a0f917d48751a61ea46f29e23f821f7ee405a9040e9df49900000f68eb1123beefa10d90339933bcdcd6b6bcb09706b5880d48a25a18fb03b'),('0000ab51db953f8a0f917d48751a61ea46f29e23f821f7ee405a9040e9df4990','000012054faf4690d846ab73c014797a214d6a5d786fc255bcabe2cd6941c07400008ff5bf97c56ef23f43959e5e06ed22eec2178b68587447db4033eba3ad6d'),('0000b53183044b28225c5fbe2cf27f333f30aa25c93eed9d26b8c62117e35439','000000000000000000000000000000000000000000000000000000000000000000003e21d815b25b7d2fb28c321c72addda9995ddf0ddc5c03e81393470b7793'),('0000f68eb1123beefa10d90339933bcdcd6b6bcb09706b5880d48a25a18fb03b','00008ff5bf97c56ef23f43959e5e06ed22eec2178b68587447db4033eba3ad6d0000000000000000000000000000000000000000000000000000000000000000');

/*!40000 ALTER TABLE blockchain ENABLE KEYS */;
UNLOCK TABLES;

--
-- Table structure for table blocks
--

DROP TABLE IF EXISTS blocks;
/*!40101 SET @saved_cs_client     = @@character_set_client */;
/*!40101 SET character_set_client = utf8 */;
CREATE TABLE `blocks` (
  `k` varbinary(100) NOT NULL,
  `v` longblob,
  PRIMARY KEY (`k`)
) ENGINE=InnoDB DEFAULT CHARSET=latin1;
/*!40101 SET character_set_client = @saved_cs_client */;
--
-- Dumping data for table blocks
--

LOCK TABLES blocks WRITE;
/*!40000 ALTER TABLE blocks DISABLE KEYS */;

INSERT INTO blocks VALUES ('000012054faf4690d846ab73c014797a214d6a5d786fc255bcabe2cd6941c074','63ff8103010105426c6f636b01ff82000106010954696d657374616d70010400010c5472616e73616374696f6e7301ff9000010d50726576426c6f636b48617368010a00010448617368010a0001054e6f6e63650104000106486569676874010400000027ff8f020101185b5d737472756374757265732e5472616e73616374696f6e01ff900001ff84000075ff830301010b5472616e73616374696f6e01ff8400010801024944010a00010454696d6501040001095369676e6174757265010a00010842795075624b6579010a00010356696e01ff88000104566f757401ff8c00010a53514c436f6d6d616e6401ff8e00010953514c426173655458010a0000002bff870201011c5b5d737472756374757265732e545843757272656e6379496e70757401ff880001ff8600002fff850301010f545843757272656e6379496e70757401ff86000102010454786964010a000104566f757401040000002dff8b0201011e5b5d737472756374757265732e54584375727272656e63794f757470757401ff8c0001ff8a000038ff890301011154584375727272656e63794f757470757401ff8a000102010556616c7565010800010a5075624b657948617368010a00000057ff8d0301010953514c55706461746501ff8e000104010b5265666572656e63654944010a0001055175657279010a00010d526f6c6c6261636b5175657279010a00010f507265765472616e73616374696f6e010a000000fe0519ff8201fcb6e0126e0105012039231d34bc0565e2bfc37b0485ed751c91dc91543dd0a429e171e48ea19bc9a201f82a9437571fa794e401409eafe139a8303e51be0bf800eb22a1110fe87d8deaaba558c5cb3fc24339302e07fe812be69a5479e32f670159853454fe670ea28f313eb206bff6cf78c940de01405dad72a4bb1a748684ba23af710fd362d0192e3a22793a61925f33a64e9bb8f898c725f6b4966abe5f5993ff4dbc4f0c28c17a162b223b65b63a0e55f08b32a50101012066ab2b26bb150a97014a65ea1d1e3a7d9140ab027bf4bc34f6d33045acdae04100010201f8b0111481e2ae833f0114430632734828a49f23d9cfe5d4a7d18503f3e3660001f8605940d3d87f393f0114d11f6ee399d9c0a8bb67931db0075ef0b89cf34a0001000001209388b7c0a8930e99d814d38c6203c0df6da9455b761505cc8653a8798237669701f82a9437572911ea220140f127edc4683a06cf36f2d83002a891666ea5fe010e6bfa7748b43e5b39d2f56b4d5e3ead81dcc4f822d158fc50b0620ee9a10ae0bf5193d81ec5fbe3ca5d8e0b0140d90a41bc9961c6abb5595e55e005f0a9b1196e08b4f2bfe6f4d0a743b11fb5415a4ed186255bf703850adb20249830930956b95d57232c5f178379e3fba9ef1f01010120220821eaebb5c54acf4f896a96ffd19c3f7b381e9efb0b689c5fd3e5caea5c6c00010201f8b6d05b5dcad0833f011453e87e8937d35e8adad97ab91cd905f609374cb00001f8a078484add42353f0114430632734828a49f23d9cfe5d4a7d18503f3e366000100000120b6af2b05b3b323b48c097312573727c8cc9a980d10e1b4c3b7a73fed618a808601f82a9437574bb5920c01401ed4fbaa9656e786b67534ec133264035eb6b0b5410473aa655c736b4f3e6e1bd0037c2699819a818b7d73b6052d0eb76108a9ddddea8f4d321d9fb47504454101405a47af20a0858be899787e73b40ae6cfa5ca0097f8a682fc90fe537b6f5856ef63552fd9299ffac40a71c35c755dc3b9bf88082fbe35727d232530f7a26b22c90101012001b7161388474753c9b4c136a312f396ade0a9e6077dcfd3e13a0aae4f2b0dca00010201f894677f1ca412843f0114d11f6ee399d9c0a8bb67931db0075ef0b89cf34a0001f8c039abcb4a0f2a3f011453e87e8937d35e8adad97ab91cd905f609374cb000010000012009ca5f0ecd2b7ce6b8738e15c398c766483bd0591718d6182a942d5aa9aa545101f82a94375756bdd1720140747c7f2ca19b13b7162302723dd88707de0dc62b9d4f6b24fef7f2aefb89386c29c478799e06ceadc253b50925e02def75633038d1dc76c5aed5c74853d5640701405a47af20a0858be899787e73b40ae6cfa5ca0097f8a682fc90fe537b6f5856ef63552fd9299ffac40a71c35c755dc3b9bf88082fbe35727d232530f7a26b22c90101012066ab2b26bb150a97014a65ea1d1e3a7d9140ab027bf4bc34f6d33045acdae041010200010201f89d6a6777cc69843f0114d11f6ee399d9c0a8bb67931db0075ef0b89cf34a0001f802d581a436aeff3f011453e87e8937d35e8adad97ab91cd905f609374cb000010000012068cda3eb8d1a55e474f013797b79246bea51210d123456d4c2e50f138784c0a401f82a943757648a4f6a0301020100010101fe24400114d11f6ee399d9c0a8bb67931db0075ef0b89cf34a00010000012000002f1699168e04d96dffdabf08ca941051b8cf55989692be20c1b5d167c5580120000012054faf4690d846ab73c014797a214d6a5d786fc255bcabe2cd6941c07401fd013b82010800'),('00001a3ace3c14910efc2f0ded7cf953291d6700c31c6cbbd9c296bae7053523','63ff8103010105426c6f636b01ff82000106010954696d657374616d70010400010c5472616e73616374696f6e7301ff9000010d50726576426c6f636b48617368010a00010448617368010a0001054e6f6e63650104000106486569676874010400000027ff8f020101185b5d737472756374757265732e5472616e73616374696f6e01ff900001ff84000075ff830301010b5472616e73616374696f6e01ff8400010801024944010a00010454696d6501040001095369676e6174757265010a00010842795075624b6579010a00010356696e01ff88000104566f757401ff8c00010a53514c436f6d6d616e6401ff8e00010953514c426173655458010a0000002bff870201011c5b5d737472756374757265732e545843757272656e6379496e70757401ff880001ff8600002fff850301010f545843757272656e6379496e70757401ff86000102010454786964010a000104566f757401040000002dff8b0201011e5b5d737472756374757265732e54584375727272656e63794f757470757401ff8c0001ff8a000038ff890301011154584375727272656e63794f757470757401ff8a000102010556616c7565010800010a5075624b657948617368010a00000057ff8d0301010953514c55706461746501ff8e000104010b5265666572656e63654944010a0001055175657279010a00010d526f6c6c6261636b5175657279010a00010f507265765472616e73616374696f6e010a000000fe02c6ff8201fcb6e0125a010301206a630ea32f17b98243b185fd89dd7a2aba291c29b489694cf6af832169d5a01301f82a943752dc0ac4d801403c485a357b2aeb65c2b196ecc4759733a54f6f29d3ac7d7bdd457c5215c932b5ff715a1da5ece02e38f733019699dba3a1075f58a9f1f8d9caa5b283c0d7951401405dad72a4bb1a748684ba23af710fd362d0192e3a22793a61925f33a64e9bb8f898c725f6b4966abe5f5993ff4dbc4f0c28c17a162b223b65b63a0e55f08b32a501010120df074e36bc4c2d77bd03331a0bf32ad79bf5297a1d2799a9e1e62b3330e5f68501020001020140011453e87e8937d35e8adad97ab91cd905f609374cb00001fe1c400114d11f6ee399d9c0a8bb67931db0075ef0b89cf34a0001000001207ee03c9aabdfe440dbfed22a3d2139cc8deeb9965f0c74feee33ca5e96c83e5001f82a943752e528b5620140e2583bb4cf7af49df0e943994d21db3896a7f1ca4e272d83079c535ad44482a271ba0c2743e77912ca2bb374919083feb04aab3d00c93c4ea65603a0cda1e87d01405dad72a4bb1a748684ba23af710fd362d0192e3a22793a61925f33a64e9bb8f898c725f6b4966abe5f5993ff4dbc4f0c28c17a162b223b65b63a0e55f08b32a5010101203922d3ecff6cf32087d9a4554ca69c1e69767672b53c74ee5c8d465c07786de400010201fe0840011453e87e8937d35e8adad97ab91cd905f609374cb00001fe1c400114d11f6ee399d9c0a8bb67931db0075ef0b89cf34a000100000120f0d97d64197b330eb3b1cc79fb79e6203fbdcdca11c06ff0b467be090a357bcb01f82a943752f10a7a320301020100010101fe24400114d11f6ee399d9c0a8bb67931db0075ef0b89cf34a00010000012000003e21d815b25b7d2fb28c321c72addda9995ddf0ddc5c03e81393470b7793012000001a3ace3c14910efc2f0ded7cf953291d6700c31c6cbbd9c296bae705352301fe041c010400'),('00002f1699168e04d96dffdabf08ca941051b8cf55989692be20c1b5d167c558','63ff8103010105426c6f636b01ff82000106010954696d657374616d70010400010c5472616e73616374696f6e7301ff9000010d50726576426c6f636b48617368010a00010448617368010a0001054e6f6e63650104000106486569676874010400000027ff8f020101185b5d737472756374757265732e5472616e73616374696f6e01ff900001ff84000075ff830301010b5472616e73616374696f6e01ff8400010801024944010a00010454696d6501040001095369676e6174757265010a00010842795075624b6579010a00010356696e01ff88000104566f757401ff8c00010a53514c436f6d6d616e6401ff8e00010953514c426173655458010a0000002bff870201011c5b5d737472756374757265732e545843757272656e6379496e70757401ff880001ff8600002fff850301010f545843757272656e6379496e70757401ff86000102010454786964010a000104566f757401040000002dff8b0201011e5b5d737472756374757265732e54584375727272656e63794f757470757401ff8c0001ff8a000038ff890301011154584375727272656e63794f757470757401ff8a000102010556616c7565010800010a5075624b657948617368010a00000057ff8d0301010953514c55706461746501ff8e000104010b5265666572656e63654944010a0001055175657279010a00010d526f6c6c6261636b5175657279010a00010f507265765472616e73616374696f6e010a000000fe03fdff8201fcb6e0126401040120220821eaebb5c54acf4f896a96ffd19c3f7b381e9efb0b689c5fd3e5caea5c6c01f82a943754cac262fa014053ccd41b774190437814e5dee349f56216e554201ce49159ba3893d75331f887534ea9514ae1f0d66f3354c9ff3d7b17a80d24e5f5e11360cdab2c3eb45b5b8a01405dad72a4bb1a748684ba23af710fd362d0192e3a22793a61925f33a64e9bb8f898c725f6b4966abe5f5993ff4dbc4f0c28c17a162b223b65b63a0e55f08b32a5010101206a630ea32f17b98243b185fd89dd7a2aba291c29b489694cf6af832169d5a013010200010201f87b14ae47e17a843f0114430632734828a49f23d9cfe5d4a7d18503f3e3660001f8f6285c8fc2f51b400114d11f6ee399d9c0a8bb67931db0075ef0b89cf34a00010000012001b7161388474753c9b4c136a312f396ade0a9e6077dcfd3e13a0aae4f2b0dca01f82a943754e833c90a01409627e486d54f5e7b7df4b402696a7e84e133f04159eb11d28c6547de720ebe99381f79cf83a12e9b98e7f132697d6736c17a3bfde76491795fa15974c285e47c0140d90a41bc9961c6abb5595e55e005f0a9b1196e08b4f2bfe6f4d0a743b11fb5415a4ed186255bf703850adb20249830930956b95d57232c5f178379e3fba9ef1f01010120df074e36bc4c2d77bd03331a0bf32ad79bf5297a1d2799a9e1e62b3330e5f68500010201f87b14ae47e17a843f011453e87e8937d35e8adad97ab91cd905f609374cb00001f8ae47e17a14aeef3f0114430632734828a49f23d9cfe5d4a7d18503f3e36600010000012066ab2b26bb150a97014a65ea1d1e3a7d9140ab027bf4bc34f6d33045acdae04101f82a943754fc41a6420140f8a49e8cf78991e18f577f38eb0acc3bef2835049fbbf9b390b10fa94e4e88048a226693dd1715ef6db9f9bc26b5679da9ed45193abbc54b8c3b7593e7ee8e6901405a47af20a0858be899787e73b40ae6cfa5ca0097f8a682fc90fe537b6f5856ef63552fd9299ffac40a71c35c755dc3b9bf88082fbe35727d232530f7a26b22c9010101206a630ea32f17b98243b185fd89dd7a2aba291c29b489694cf6af832169d5a01300010201f87b14ae47e17a843f0114d11f6ee399d9c0a8bb67931db0075ef0b89cf34a0001f8d7a3703d0ad7ff3f011453e87e8937d35e8adad97ab91cd905f609374cb0000100000120122affaf6c835812b367c8e91681b9563e7d66ca4af1fa3daf0899311371eb2901f82a943755170860520301020100010101fe24400114d11f6ee399d9c0a8bb67931db0075ef0b89cf34a00010000012000001a3ace3c14910efc2f0ded7cf953291d6700c31c6cbbd9c296bae7053523012000002f1699168e04d96dffdabf08ca941051b8cf55989692be20c1b5d167c55801fd03943e010600'),('00003e21d815b25b7d2fb28c321c72addda9995ddf0ddc5c03e81393470b7793','63ff8103010105426c6f636b01ff82000106010954696d657374616d70010400010c5472616e73616374696f6e7301ff9000010d50726576426c6f636b48617368010a00010448617368010a0001054e6f6e63650104000106486569676874010400000027ff8f020101185b5d737472756374757265732e5472616e73616374696f6e01ff900001ff84000075ff830301010b5472616e73616374696f6e01ff8400010801024944010a00010454696d6501040001095369676e6174757265010a00010842795075624b6579010a00010356696e01ff88000104566f757401ff8c00010a53514c436f6d6d616e6401ff8e00010953514c426173655458010a0000002bff870201011c5b5d737472756374757265732e545843757272656e6379496e70757401ff880001ff8600002fff850301010f545843757272656e6379496e70757401ff86000102010454786964010a000104566f757401040000002dff8b0201011e5b5d737472756374757265732e54584375727272656e63794f757470757401ff8c0001ff8a000038ff890301011154584375727272656e63794f757470757401ff8a000102010556616c7565010800010a5075624b657948617368010a00000057ff8d0301010953514c55706461746501ff8e000104010b5265666572656e63654944010a0001055175657279010a00010d526f6c6c6261636b5175657279010a00010f507265765472616e73616374696f6e010a000000fe01b7ff8201fcb6e0125201020120df074e36bc4c2d77bd03331a0bf32ad79bf5297a1d2799a9e1e62b3330e5f68501f82a943750d594c55e0140878a021d5b2954daebbb4095faa3ca44809b974cc4cce3f0917655a85057fa29109fcf0680e9ec20d5994884f4fc00275403224785cbe810cf45beca01908ddc01405dad72a4bb1a748684ba23af710fd362d0192e3a22793a61925f33a64e9bb8f898c725f6b4966abe5f5993ff4dbc4f0c28c17a162b223b65b63a0e55f08b32a5010101206e11200b32cddcedb8aec5a34445ee83a528069df5e01d6633beac432b7e76fe00010201fef03f0114430632734828a49f23d9cfe5d4a7d18503f3e3660001fe22400114d11f6ee399d9c0a8bb67931db0075ef0b89cf34a0001000001203922d3ecff6cf32087d9a4554ca69c1e69767672b53c74ee5c8d465c07786de401f82a943750e11ece440301020100010101fe24400114d11f6ee399d9c0a8bb67931db0075ef0b89cf34a0001000001200000b53183044b28225c5fbe2cf27f333f30aa25c93eed9d26b8c62117e35439012000003e21d815b25b7d2fb28c321c72addda9995ddf0ddc5c03e81393470b779301fd039640010200'),('00008ff5bf97c56ef23f43959e5e06ed22eec2178b68587447db4033eba3ad6d','63ff9703010105426c6f636b01ff98000106010954696d657374616d70010400010c5472616e73616374696f6e7301ff9a00010d50726576426c6f636b48617368010a00010448617368010a0001054e6f6e63650104000106486569676874010400000027ff99020101185b5d737472756374757265732e5472616e73616374696f6e01ff9a0001ff8c000075ff8b0301010b5472616e73616374696f6e01ff8c00010801024944010a00010454696d6501040001095369676e6174757265010a00010842795075624b6579010a00010356696e01ff90000104566f757401ff9400010a53514c436f6d6d616e6401ff9600010953514c426173655458010a0000002bff8f0201011c5b5d737472756374757265732e545843757272656e6379496e70757401ff900001ff8e00002fff8d0301010f545843757272656e6379496e70757401ff8e000102010454786964010a000104566f757401040000002dff930201011e5b5d737472756374757265732e54584375727272656e63794f757470757401ff940001ff92000038ff910301011154584375727272656e63794f757470757401ff92000102010556616c7565010800010a5075624b657948617368010a00000057ff950301010953514c55706461746501ff96000104010b5265666572656e63654944010a0001055175657279010a00010d526f6c6c6261636b5175657279010a00010f507265765472616e73616374696f6e010a000000fe07a0ff9801fcb6e013d201070120a2b7c17f05b0041647d599eb2e7e894f568f4cc0996a84eb2db0a5e09aad390801f82a9437a510606248014050e88b5e596fed1929d47e1c3c15425fb2cc8b1e162a2e968d563d569321d083820cc48d417ef2cbd27b47a0122eedc79a242a5226bb9bb81635a35a680173c101405a47af20a0858be899787e73b40ae6cfa5ca0097f8a682fc90fe537b6f5856ef63552fd9299ffac40a71c35c755dc3b9bf88082fbe35727d232530f7a26b22c90103012008ff6686fff559ddcf44245345a6d7be8903a22a55456130c81598ae99b4cd940102000120dd9b4429e94ddedce007f5d75070bc7ddb508c44a38ae8a4b579704146bceaf600012001f8772268aee39912de6e1f8f3e6e21ede917ae9402746a6844a028d003208c010200010201f8a5720b44ecdfdf3f011437db2e1f1e74d0808bdb0db442af8fbcf599ff4f0001f85f2c0c91d3b7f73f011453e87e8937d35e8adad97ab91cd905f609374cb000010000012070fa6d34cfedaf1233a57c86bdb6c1fdde45cf7234a7c459e052edc9116d588301f82a9437a59a400472014050cf11a20cc725c00bd1b3242bc6ef360909102be7d8c2f227b4591af8caee88cdee2b11340b6637fa045372cd40e5a76ef7e8074218e544c2e377cb7882bf8a01405a47af20a0858be899787e73b40ae6cfa5ca0097f8a682fc90fe537b6f5856ef63552fd9299ffac40a71c35c755dc3b9bf88082fbe35727d232530f7a26b22c9010101207ee03c9aabdfe440dbfed22a3d2139cc8deeb9965f0c74feee33ca5e96c83e5000010201f8a5720b44ecdfdf3f01144907e9109da98730d2ebc01601fd02ad466a44700001f8ab917e7702040440011453e87e8937d35e8adad97ab91cd905f609374cb000010000012085c70ed944c001cbaf5ad77f31a8157cecda2b580ca9ee04bf983784dfd40e9d01f82a9437a6f5c594de0140312cc37d356535ef2fa060dc31f7855c8c0a66027de9ce67369f14c14a629b6934102070226efdc12e9e4f94241bab3a0763afdd14bcb63a0da074681e25050401405a47af20a0858be899787e73b40ae6cfa5ca0097f8a682fc90fe537b6f5856ef63552fd9299ffac40a71c35c755dc3b9bf88082fbe35727d232530f7a26b22c90101012070fa6d34cfedaf1233a57c86bdb6c1fdde45cf7234a7c459e052edc9116d5883010200010201f8a5720b44ecdfdf3f0114de442f36111b93d8d11affd2c53da6cb3a25ba540001f85623fdee04080040011453e87e8937d35e8adad97ab91cd905f609374cb00001000001207a49eb3f5bcff6fc164577d6d5024d45618164f57bfa2925f70fd23cdb5737de01f82a9437a7cf5f2c34014046cb5942f74b6ae410341fa62ddc1a14e3e010e5310afe6cd7f31290c4253a19452579e0981e28661ba9b3b372e442a284d7d62e3af4ec543a96f15ec62e1fba01405a47af20a0858be899787e73b40ae6cfa5ca0097f8a682fc90fe537b6f5856ef63552fd9299ffac40a71c35c755dc3b9bf88082fbe35727d232530f7a26b22c90101012085c70ed944c001cbaf5ad77f31a8157cecda2b580ca9ee04bf983784dfd40e9d010200010201f8a5720b44ecdfdf3f011437db2e1f1e74d0808bdb0db442af8fbcf599ff4f0001f8036af7cc0e18f83f011453e87e8937d35e8adad97ab91cd905f609374cb00001000001207d399446f70135d5dd47dd1fc0ab363d4a3038fedce39201034ac087fef4914901f82a9437a8b5f15d3c01406ad26be1202c646548fcb69bc9b7dbe51a9896daa5e779ca4c047a8a81f24b6ae48a26e31a13e42c0975dc304858297e9c7ea7afc540fa5a2c342e8b374cbabc01405a47af20a0858be899787e73b40ae6cfa5ca0097f8a682fc90fe537b6f5856ef63552fd9299ffac40a71c35c755dc3b9bf88082fbe35727d232530f7a26b22c9010101207a49eb3f5bcff6fc164577d6d5024d45618164f57bfa2925f70fd23cdb5737de010200010201f8a5720b44ecdfdf3f01144907e9109da98730d2ebc01601fd02ad466a44700001f85a8df4bb1320f03f011453e87e8937d35e8adad97ab91cd905f609374cb00001000001206ef839f6208ae027003a938b3435e5c4bfdb959d8cfe15a73612a67f9a07097d01f82a9437a9c34e2cae01403c2f8ab67cb3957b30dac95b8be0f5da5882e230ed0a3c1568c7b536ac6cc0a97f45643b56ccffcd34d23ada473053a2ea31924ff0561da53686cc458240662c01405a47af20a0858be899787e73b40ae6cfa5ca0097f8a682fc90fe537b6f5856ef63552fd9299ffac40a71c35c755dc3b9bf88082fbe35727d232530f7a26b22c9010101207d399446f70135d5dd47dd1fc0ab363d4a3038fedce39201034ac087fef49149010200010201f8a5720b44ecdfdf3f0114de442f36111b93d8d11affd2c53da6cb3a25ba540001f86261e3553150e03f011453e87e8937d35e8adad97ab91cd905f609374cb0000100000120f8767e2823f7d1334b9e5256a5e75aec1d4591dafb514565f0a2b54134e9c8a501f82a9437aa8ea934da0301020100010101fe2440011453e87e8937d35e8adad97ab91cd905f609374cb00001000001200000ab51db953f8a0f917d48751a61ea46f29e23f821f7ee405a9040e9df4990012000008ff5bf97c56ef23f43959e5e06ed22eec2178b68587447db4033eba3ad6d01fe01f0010c00'),('0000ab51db953f8a0f917d48751a61ea46f29e23f821f7ee405a9040e9df4990','63ff8103010105426c6f636b01ff82000106010954696d657374616d70010400010c5472616e73616374696f6e7301ff9000010d50726576426c6f636b48617368010a00010448617368010a0001054e6f6e63650104000106486569676874010400000027ff8f020101185b5d737472756374757265732e5472616e73616374696f6e01ff900001ff84000075ff830301010b5472616e73616374696f6e01ff8400010801024944010a00010454696d6501040001095369676e6174757265010a00010842795075624b6579010a00010356696e01ff88000104566f757401ff8c00010a53514c436f6d6d616e6401ff8e00010953514c426173655458010a0000002bff870201011c5b5d737472756374757265732e545843757272656e6379496e70757401ff880001ff8600002fff850301010f545843757272656e6379496e70757401ff86000102010454786964010a000104566f757401040000002dff8b0201011e5b5d737472756374757265732e54584375727272656e63794f757470757401ff8c0001ff8a000038ff890301011154584375727272656e63794f757470757401ff8a000102010556616c7565010800010a5075624b657948617368010a00000057ff8d0301010953514c55706461746501ff8e000104010b5265666572656e63654944010a0001055175657279010a00010d526f6c6c6261636b5175657279010a00010f507265765472616e73616374696f6e010a000000fe06a3ff8201fcb6e0127801060120e2089f6a235cc7c16552f7c8daa513b306a583491ceecc8f33603846267ec02301f82a9437597c62a30c01403ba9f196534ea8f94fe19b8a4b5c69ff504969e789822a210eb89d33395eecfd47d9b5405debff0fbeac52a8d679c24e8b43a6705fdb64a550e2301969d5b57a01405dad72a4bb1a748684ba23af710fd362d0192e3a22793a61925f33a64e9bb8f898c725f6b4966abe5f5993ff4dbc4f0c28c17a162b223b65b63a0e55f08b32a50102012039231d34bc0565e2bfc37b0485ed751c91dc91543dd0a429e171e48ea19bc9a20102000120b6af2b05b3b323b48c097312573727c8cc9a980d10e1b4c3b7a73fed618a808600010201f89d6a6777cc69843f0114430632734828a49f23d9cfe5d4a7d18503f3e3660001f880f07fec9a352d3f0114d11f6ee399d9c0a8bb67931db0075ef0b89cf34a000100000120dd9b4429e94ddedce007f5d75070bc7ddb508c44a38ae8a4b579704146bceaf601f82a9437598f18855c014096802cee0d5ff6aaf2cfb19994a25362b9c71d3bed8a71543873d770b0c58f5dd29383c4fc9785ab9951f1456ca5de311a0e0047f20dee7b410aa408eb10fd0f0140d90a41bc9961c6abb5595e55e005f0a9b1196e08b4f2bfe6f4d0a743b11fb5415a4ed186255bf703850adb20249830930956b95d57232c5f178379e3fba9ef1f010201209388b7c0a8930e99d814d38c6203c0df6da9455b761505cc8653a87982376697010200012039231d34bc0565e2bfc37b0485ed751c91dc91543dd0a429e171e48ea19bc9a200010201f894677f1ca412843f011453e87e8937d35e8adad97ab91cd905f609374cb00001f84078bbb95395213f0114430632734828a49f23d9cfe5d4a7d18503f3e36600010000012008ff6686fff559ddcf44245345a6d7be8903a22a55456130c81598ae99b4cd9401f82a9437599af9d3be0140861d74054a2720f0bc4e4b25c1577abcf9384adae606edb76af2868c8d39f791acc83870cc4c9166a22e9bb16a231fca81434a23f44c729374a11773bd8acd3e01405a47af20a0858be899787e73b40ae6cfa5ca0097f8a682fc90fe537b6f5856ef63552fd9299ffac40a71c35c755dc3b9bf88082fbe35727d232530f7a26b22c901020120b6af2b05b3b323b48c097312573727c8cc9a980d10e1b4c3b7a73fed618a808601020001209388b7c0a8930e99d814d38c6203c0df6da9455b761505cc8653a8798237669700010201f8b6d05b5dcad0833f0114d11f6ee399d9c0a8bb67931db0075ef0b89cf34a0001f8c039abcb4a0f2a3f011453e87e8937d35e8adad97ab91cd905f609374cb000010000012001f8772268aee39912de6e1f8f3e6e21ede917ae9402746a6844a028d003208c01f82a943759a5223b5a0140a6fac8454c2913828088002cc143ae1296ff62361d1dcd4c76a6e1f6418f30b9c762c0eb9cfa6e0385db7a6b15a02a64c1090084de916aa46e37b4773ed3090801405a47af20a0858be899787e73b40ae6cfa5ca0097f8a682fc90fe537b6f5856ef63552fd9299ffac40a71c35c755dc3b9bf88082fbe35727d232530f7a26b22c90101012009ca5f0ecd2b7ce6b8738e15c398c766483bd0591718d6182a942d5aa9aa5451010200010201f8b0111481e2ae833f0114d11f6ee399d9c0a8bb67931db0075ef0b89cf34a0001f8dfac7fdfd886ff3f011453e87e8937d35e8adad97ab91cd905f609374cb000010000012044784028e3b90de25887569796fc7f2c0f7ebc6839ed1348208a2f26c704df1f01f82a943759ad2381700140bf44adb7ab65a5fa5a00fe42e9fbeb45a6850a70bf6fa64d29c57c16f0bb5042c79b25186e1956b9b89ff3c82aef5fcb6b18443f8be6814dcc5c25945d06948901405dad72a4bb1a748684ba23af710fd362d0192e3a22793a61925f33a64e9bb8f898c725f6b4966abe5f5993ff4dbc4f0c28c17a162b223b65b63a0e55f08b32a50101012009ca5f0ecd2b7ce6b8738e15c398c766483bd0591718d6182a942d5aa9aa545100010201f8b0111481e2ae833f0114430632734828a49f23d9cfe5d4a7d18503f3e3660001f8a01d6bca3e5d373f0114d11f6ee399d9c0a8bb67931db0075ef0b89cf34a000100000120aca7cd973ec3c5d8a5947ccaa1dc4ebb4ad4c812ec3650ef01ef121226de622c01f82a943759b7a79e640301020100010101fe24400114d11f6ee399d9c0a8bb67931db0075ef0b89cf34a000100000120000012054faf4690d846ab73c014797a214d6a5d786fc255bcabe2cd6941c07401200000ab51db953f8a0f917d48751a61ea46f29e23f821f7ee405a9040e9df499001fe5932010a00'),('0000b53183044b28225c5fbe2cf27f333f30aa25c93eed9d26b8c62117e35439','63ff8103010105426c6f636b01ff82000106010954696d657374616d70010400010c5472616e73616374696f6e7301ff9000010d50726576426c6f636b48617368010a00010448617368010a0001054e6f6e63650104000106486569676874010400000027ff8f020101185b5d737472756374757265732e5472616e73616374696f6e01ff900001ff84000075ff830301010b5472616e73616374696f6e01ff8400010801024944010a00010454696d6501040001095369676e6174757265010a00010842795075624b6579010a00010356696e01ff88000104566f757401ff8c00010a53514c436f6d6d616e6401ff8e00010953514c426173655458010a0000002bff870201011c5b5d737472756374757265732e545843757272656e6379496e70757401ff880001ff8600002fff850301010f545843757272656e6379496e70757401ff86000102010454786964010a000104566f757401040000002dff8b0201011e5b5d737472756374757265732e54584375727272656e63794f757470757401ff8c0001ff8a000038ff890301011154584375727272656e63794f757470757401ff8a000102010556616c7565010800010a5075624b657948617368010a00000057ff8d0301010953514c55706461746501ff8e000104010b5265666572656e63654944010a0001055175657279010a00010d526f6c6c6261636b5175657279010a00010f507265765472616e73616374696f6e010a000000ff82ff8201fcb6e01244010101206e11200b32cddcedb8aec5a34445ee83a528069df5e01d6633beac432b7e76fe01f82a94374da3fac9120301020100010101fe24400114d11f6ee399d9c0a8bb67931db0075ef0b89cf34a0001000002200000b53183044b28225c5fbe2cf27f333f30aa25c93eed9d26b8c62117e3543901fe97f000'),('0000f68eb1123beefa10d90339933bcdcd6b6bcb09706b5880d48a25a18fb03b','63ff9703010105426c6f636b01ff98000106010954696d657374616d70010400010c5472616e73616374696f6e7301ff9a00010d50726576426c6f636b48617368010a00010448617368010a0001054e6f6e63650104000106486569676874010400000027ff99020101185b5d737472756374757265732e5472616e73616374696f6e01ff9a0001ff8c000075ff8b0301010b5472616e73616374696f6e01ff8c00010801024944010a00010454696d6501040001095369676e6174757265010a00010842795075624b6579010a00010356696e01ff90000104566f757401ff9400010a53514c436f6d6d616e6401ff9600010953514c426173655458010a0000002bff8f0201011c5b5d737472756374757265732e545843757272656e6379496e70757401ff900001ff8e00002fff8d0301010f545843757272656e6379496e70757401ff8e000102010454786964010a000104566f757401040000002dff930201011e5b5d737472756374757265732e54584375727272656e63794f757470757401ff940001ff92000038ff910301011154584375727272656e63794f757470757401ff92000102010556616c7565010800010a5075624b657948617368010a00000057ff950301010953514c55706461746501ff96000104010b5265666572656e63654944010a0001055175657279010a00010d526f6c6c6261636b5175657279010a00010f507265765472616e73616374696f6e010a000000fe0875ff9801fcb6e01470010801209b448ce63ac774267a8b001240f033b19b5aedb7a13f3e897a5c126932bf0cef01f82a9437cbd113e27c014025dabe6a418a0bedf6a62f3ec8c29eb9febe59840ef34046dee1c52b8cbe8c0d2b065dcc518fd732c69512e4762dd7df87cc12708c3c3962c04a0ef1975e320d0140ce8f3ceed29db66d1ea4b9ba232840efb6c3c081f1b5a683d612c20b43abbb4aacbea92b4529e705e2349724b610bbc2985b72eef1ee52d6260932a20e41e392010101207a49eb3f5bcff6fc164577d6d5024d45618164f57bfa2925f70fd23cdb5737de00010201f802834125f07fb93f01144907e9109da98730d2ebc01601fd02ad466a44700001f8e411bb3af07fd93f011437db2e1f1e74d0808bdb0db442af8fbcf599ff4f0001000001202855ce71a0c5d738724d6a17fd5b6802f5434b3675a8c9ec42714f5fe175b4d301f82a9437cc59f037fa01407640b0d1e01029e2af00cf73652c49502532c6f0ea44d1e6710a18ddcf0d34aa5051606ec9a44723f898c1d4a84e0138e3b4bac49b961a843d1693769ca0d2c90140ce8f3ceed29db66d1ea4b9ba232840efb6c3c081f1b5a683d612c20b43abbb4aacbea92b4529e705e2349724b610bbc2985b72eef1ee52d6260932a20e41e39201010120a2b7c17f05b0041647d599eb2e7e894f568f4cc0996a84eb2db0a5e09aad390800010201f802834125f07fb93f0114de442f36111b93d8d11affd2c53da6cb3a25ba540001f8e411bb3af07fd93f011437db2e1f1e74d0808bdb0db442af8fbcf599ff4f00010000012067c9453ffffde9b1093f56a44e77541c57eb127b9a64f43197dd1042e71bb12501f82a9437ccfa4f24200140b7e77bedaa36ef9fcbbea94ac8852692d13b10a8d1b5bf9fc38f6efb9dc4a6d15b27fa76db890fdfecb76d2393619abe8fb64b8f86cf2265650053c25155ff410140ce8f3ceed29db66d1ea4b9ba232840efb6c3c081f1b5a683d612c20b43abbb4aacbea92b4529e705e2349724b610bbc2985b72eef1ee52d6260932a20e41e392010101202855ce71a0c5d738724d6a17fd5b6802f5434b3675a8c9ec42714f5fe175b4d3010200010201f802834125f07fb93f0114de442f36111b93d8d11affd2c53da6cb3a25ba540001f824b16a31f41fd33f011437db2e1f1e74d0808bdb0db442af8fbcf599ff4f00010000012057d17bba185b91622e18b4e68ce4f0b6ecb82035d26e6fba3bf2835a2e54b93e01f82a9437cd7191188a014094d3afa9a96c8f111e88e0e9743c5f796938baa5fa0bbfaed3830ae7487326a827270d1d1c4dcdb4c3a988314bc9905443586e229a7dca8143955351ca43f0e30140ce8f3ceed29db66d1ea4b9ba232840efb6c3c081f1b5a683d612c20b43abbb4aacbea92b4529e705e2349724b610bbc2985b72eef1ee52d6260932a20e41e392010101209b448ce63ac774267a8b001240f033b19b5aedb7a13f3e897a5c126932bf0cef010200010201f802834125f07fb93f0114de442f36111b93d8d11affd2c53da6cb3a25ba540001f824b16a31f41fd33f011437db2e1f1e74d0808bdb0db442af8fbcf599ff4f0001000001200e57da776897b77678d7f372e17d976653e0db6d61bdbe408d98c460a5eacb8401f82a9437cdf26569640140f536ec152061f1c0d7fce3a720e8a260e05122d5209c9051f8a6c0dbf38bded34bdbf9365493b8aa8e91d4ec35ab772ee1708bbdea6696c4207072ece77067d90140ce8f3ceed29db66d1ea4b9ba232840efb6c3c081f1b5a683d612c20b43abbb4aacbea92b4529e705e2349724b610bbc2985b72eef1ee52d6260932a20e41e3920101012057d17bba185b91622e18b4e68ce4f0b6ecb82035d26e6fba3bf2835a2e54b93e010200010201f802834125f07fb93f0114de442f36111b93d8d11affd2c53da6cb3a25ba540001f8c7a03450f07fc93f011437db2e1f1e74d0808bdb0db442af8fbcf599ff4f00010000012089b98ba5ec518ed028243a41650390698d484015b2ad7a0c9b829f4c96f333c701f82a9437ce60a61a4201409433f05e6fc7c67298c948cc2495a36abfcafea11d78740b871cea5263491285d884a193ee9245f50c9779c5ff981e680e186de4914886ea7389715f81c47a7d0140ce8f3ceed29db66d1ea4b9ba232840efb6c3c081f1b5a683d612c20b43abbb4aacbea92b4529e705e2349724b610bbc2985b72eef1ee52d6260932a20e41e392010101200e57da776897b77678d7f372e17d976653e0db6d61bdbe408d98c460a5eacb84010200010201f802834125f07fb93f0114de442f36111b93d8d11affd2c53da6cb3a25ba540001f88cbe277bf07fb93f011437db2e1f1e74d0808bdb0db442af8fbcf599ff4f0001000001208cf82b65ca9ca8136b5e7585ecfaa3944f1d5b3cf79f43cb8d110868bb9bb1d601f82a9437cecc0e289201402c52d712638dbf9b7a76c160374f103b110d0d5396cc9ec0edbfec71161a8bfee6be32d4a756194519d8bdbe908a2c84d6684a4e1346189c43bfada317074edb0140ce8f3ceed29db66d1ea4b9ba232840efb6c3c081f1b5a683d612c20b43abbb4aacbea92b4529e705e2349724b610bbc2985b72eef1ee52d6260932a20e41e3920101012067c9453ffffde9b1093f56a44e77541c57eb127b9a64f43197dd1042e71bb125010200010201f802834125f07fb93f0114de442f36111b93d8d11affd2c53da6cb3a25ba540001f8c7a03450f07fc93f011437db2e1f1e74d0808bdb0db442af8fbcf599ff4f00010000012095d277ec067d287d38f5e9794f89ffe75b4d86b4d0756a3376cf8274d60a20f901f82a9437cf1007425a0301020100010101fe2440011437db2e1f1e74d0808bdb0db442af8fbcf599ff4f00010000012000008ff5bf97c56ef23f43959e5e06ed22eec2178b68587447db4033eba3ad6d01200000f68eb1123beefa10d90339933bcdcd6b6bcb09706b5880d48a25a18fb03b01fd079944010e00'),('66','0000b53183044b28225c5fbe2cf27f333f30aa25c93eed9d26b8c62117e35439'),('6c','0000f68eb1123beefa10d90339933bcdcd6b6bcb09706b5880d48a25a18fb03b');

/*!40000 ALTER TABLE blocks ENABLE KEYS */;
UNLOCK TABLES;

--
-- Table structure for table nodes
--

DROP TABLE IF EXISTS nodes;
/*!40101 SET @saved_cs_client     = @@character_set_client */;
/*!40101 SET character_set_client = utf8 */;
CREATE TABLE `nodes` (
  `k` varbinary(100) NOT NULL,
  `v` varbinary(200) DEFAULT NULL,
  PRIMARY KEY (`k`)
) ENGINE=InnoDB DEFAULT CHARSET=latin1;
/*!40101 SET character_set_client = @saved_cs_client */;
--
-- Dumping data for table nodes
--

LOCK TABLES nodes WRITE;
/*!40000 ALTER TABLE nodes DISABLE KEYS */;

INSERT INTO nodes VALUES ('6c6f63616c686f73743a3330303030','6c6f63616c686f73743a3330303030'),('6c6f63616c686f73743a3330303032','6c6f63616c686f73743a3330303032'),('6c6f63616c686f73743a3330303033','6c6f63616c686f73743a3330303033');

/*!40000 ALTER TABLE nodes ENABLE KEYS */;
UNLOCK TABLES;

--
-- Table structure for table transactions
--

DROP TABLE IF EXISTS transactions;
/*!40101 SET @saved_cs_client     = @@character_set_client */;
/*!40101 SET character_set_client = utf8 */;
CREATE TABLE `transactions` (
  `k` varbinary(100) NOT NULL,
  `v` blob,
  PRIMARY KEY (`k`)
) ENGINE=InnoDB DEFAULT CHARSET=latin1;
/*!40101 SET character_set_client = @saved_cs_client */;
--
-- Dumping data for table transactions
--

LOCK TABLES transactions WRITE;
/*!40000 ALTER TABLE transactions DISABLE KEYS */;

INSERT INTO transactions VALUES ('01b7161388474753c9b4c136a312f396ade0a9e6077dcfd3e13a0aae4f2b0dca','0cff91020102ff9200010a000025ff9200012000002f1699168e04d96dffdabf08ca941051b8cf55989692be20c1b5d167c558'),('01f8772268aee39912de6e1f8f3e6e21ede917ae9402746a6844a028d003208c','0cff91020102ff9200010a000025ff920001200000ab51db953f8a0f917d48751a61ea46f29e23f821f7ee405a9040e9df4990'),('08ff6686fff559ddcf44245345a6d7be8903a22a55456130c81598ae99b4cd94','0cff91020102ff9200010a000025ff920001200000ab51db953f8a0f917d48751a61ea46f29e23f821f7ee405a9040e9df4990'),('09ca5f0ecd2b7ce6b8738e15c398c766483bd0591718d6182a942d5aa9aa5451','0cff91020102ff9200010a000025ff92000120000012054faf4690d846ab73c014797a214d6a5d786fc255bcabe2cd6941c074'),('0e57da776897b77678d7f372e17d976653e0db6d61bdbe408d98c460a5eacb84','0cff9b020102ff9c00010a000025ff9c0001200000f68eb1123beefa10d90339933bcdcd6b6bcb09706b5880d48a25a18fb03b'),('122affaf6c835812b367c8e91681b9563e7d66ca4af1fa3daf0899311371eb29','0cff91020102ff9200010a000025ff9200012000002f1699168e04d96dffdabf08ca941051b8cf55989692be20c1b5d167c558'),('220821eaebb5c54acf4f896a96ffd19c3f7b381e9efb0b689c5fd3e5caea5c6c','0cff91020102ff9200010a000025ff9200012000002f1699168e04d96dffdabf08ca941051b8cf55989692be20c1b5d167c558'),('2855ce71a0c5d738724d6a17fd5b6802f5434b3675a8c9ec42714f5fe175b4d3','0cff9b020102ff9c00010a000025ff9c0001200000f68eb1123beefa10d90339933bcdcd6b6bcb09706b5880d48a25a18fb03b'),('3922d3ecff6cf32087d9a4554ca69c1e69767672b53c74ee5c8d465c07786de4','0cff91020102ff9200010a000025ff9200012000003e21d815b25b7d2fb28c321c72addda9995ddf0ddc5c03e81393470b7793'),('39231d34bc0565e2bfc37b0485ed751c91dc91543dd0a429e171e48ea19bc9a2','0cff91020102ff9200010a000025ff92000120000012054faf4690d846ab73c014797a214d6a5d786fc255bcabe2cd6941c074'),('44784028e3b90de25887569796fc7f2c0f7ebc6839ed1348208a2f26c704df1f','0cff91020102ff9200010a000025ff920001200000ab51db953f8a0f917d48751a61ea46f29e23f821f7ee405a9040e9df4990'),('57d17bba185b91622e18b4e68ce4f0b6ecb82035d26e6fba3bf2835a2e54b93e','0cff9b020102ff9c00010a000025ff9c0001200000f68eb1123beefa10d90339933bcdcd6b6bcb09706b5880d48a25a18fb03b'),('66ab2b26bb150a97014a65ea1d1e3a7d9140ab027bf4bc34f6d33045acdae041','0cff91020102ff9200010a000025ff9200012000002f1699168e04d96dffdabf08ca941051b8cf55989692be20c1b5d167c558'),('67c9453ffffde9b1093f56a44e77541c57eb127b9a64f43197dd1042e71bb125','0cff9b020102ff9c00010a000025ff9c0001200000f68eb1123beefa10d90339933bcdcd6b6bcb09706b5880d48a25a18fb03b'),('68cda3eb8d1a55e474f013797b79246bea51210d123456d4c2e50f138784c0a4','0cff91020102ff9200010a000025ff92000120000012054faf4690d846ab73c014797a214d6a5d786fc255bcabe2cd6941c074'),('6a630ea32f17b98243b185fd89dd7a2aba291c29b489694cf6af832169d5a013','0cff91020102ff9200010a000025ff9200012000001a3ace3c14910efc2f0ded7cf953291d6700c31c6cbbd9c296bae7053523'),('6e11200b32cddcedb8aec5a34445ee83a528069df5e01d6633beac432b7e76fe','0cff91020102ff9200010a000025ff920001200000b53183044b28225c5fbe2cf27f333f30aa25c93eed9d26b8c62117e35439'),('6ef839f6208ae027003a938b3435e5c4bfdb959d8cfe15a73612a67f9a07097d','0cff9b020102ff9c00010a000025ff9c00012000008ff5bf97c56ef23f43959e5e06ed22eec2178b68587447db4033eba3ad6d'),('70fa6d34cfedaf1233a57c86bdb6c1fdde45cf7234a7c459e052edc9116d5883','0cff9b020102ff9c00010a000025ff9c00012000008ff5bf97c56ef23f43959e5e06ed22eec2178b68587447db4033eba3ad6d'),('7a49eb3f5bcff6fc164577d6d5024d45618164f57bfa2925f70fd23cdb5737de','0cff9b020102ff9c00010a000025ff9c00012000008ff5bf97c56ef23f43959e5e06ed22eec2178b68587447db4033eba3ad6d'),('7d399446f70135d5dd47dd1fc0ab363d4a3038fedce39201034ac087fef49149','0cff9b020102ff9c00010a000025ff9c00012000008ff5bf97c56ef23f43959e5e06ed22eec2178b68587447db4033eba3ad6d'),('7ee03c9aabdfe440dbfed22a3d2139cc8deeb9965f0c74feee33ca5e96c83e50','0cff91020102ff9200010a000025ff9200012000001a3ace3c14910efc2f0ded7cf953291d6700c31c6cbbd9c296bae7053523'),('85c70ed944c001cbaf5ad77f31a8157cecda2b580ca9ee04bf983784dfd40e9d','0cff9b020102ff9c00010a000025ff9c00012000008ff5bf97c56ef23f43959e5e06ed22eec2178b68587447db4033eba3ad6d'),('89b98ba5ec518ed028243a41650390698d484015b2ad7a0c9b829f4c96f333c7','0cff9b020102ff9c00010a000025ff9c0001200000f68eb1123beefa10d90339933bcdcd6b6bcb09706b5880d48a25a18fb03b'),('8cf82b65ca9ca8136b5e7585ecfaa3944f1d5b3cf79f43cb8d110868bb9bb1d6','0cff9b020102ff9c00010a000025ff9c0001200000f68eb1123beefa10d90339933bcdcd6b6bcb09706b5880d48a25a18fb03b'),('9388b7c0a8930e99d814d38c6203c0df6da9455b761505cc8653a87982376697','0cff91020102ff9200010a000025ff92000120000012054faf4690d846ab73c014797a214d6a5d786fc255bcabe2cd6941c074'),('95d277ec067d287d38f5e9794f89ffe75b4d86b4d0756a3376cf8274d60a20f9','0cff9b020102ff9c00010a000025ff9c0001200000f68eb1123beefa10d90339933bcdcd6b6bcb09706b5880d48a25a18fb03b'),('9b448ce63ac774267a8b001240f033b19b5aedb7a13f3e897a5c126932bf0cef','0cff9b020102ff9c00010a000025ff9c0001200000f68eb1123beefa10d90339933bcdcd6b6bcb09706b5880d48a25a18fb03b'),('a2b7c17f05b0041647d599eb2e7e894f568f4cc0996a84eb2db0a5e09aad3908','0cff9b020102ff9c00010a000025ff9c00012000008ff5bf97c56ef23f43959e5e06ed22eec2178b68587447db4033eba3ad6d'),('aca7cd973ec3c5d8a5947ccaa1dc4ebb4ad4c812ec3650ef01ef121226de622c','0cff91020102ff9200010a000025ff920001200000ab51db953f8a0f917d48751a61ea46f29e23f821f7ee405a9040e9df4990'),('b6af2b05b3b323b48c097312573727c8cc9a980d10e1b4c3b7a73fed618a8086','0cff91020102ff9200010a000025ff92000120000012054faf4690d846ab73c014797a214d6a5d786fc255bcabe2cd6941c074'),('dd9b4429e94ddedce007f5d75070bc7ddb508c44a38ae8a4b579704146bceaf6','0cff91020102ff9200010a000025ff920001200000ab51db953f8a0f917d48751a61ea46f29e23f821f7ee405a9040e9df4990'),('df074e36bc4c2d77bd03331a0bf32ad79bf5297a1d2799a9e1e62b3330e5f685','0cff91020102ff9200010a000025ff9200012000003e21d815b25b7d2fb28c321c72addda9995ddf0ddc5c03e81393470b7793'),('e2089f6a235cc7c16552f7c8daa513b306a583491ceecc8f33603846267ec023','0cff91020102ff9200010a000025ff920001200000ab51db953f8a0f917d48751a61ea46f29e23f821f7ee405a9040e9df4990'),('f0d97d64197b330eb3b1cc79fb79e6203fbdcdca11c06ff0b467be090a357bcb','0cff91020102ff9200010a000025ff9200012000001a3ace3c14910efc2f0ded7cf953291d6700c31c6cbbd9c296bae7053523'),('f8767e2823f7d1334b9e5256a5e75aec1d4591dafb514565f0a2b54134e9c8a5','0cff9b020102ff9c00010a000025ff9c00012000008ff5bf97c56ef23f43959e5e06ed22eec2178b68587447db4033eba3ad6d');

/*!40000 ALTER TABLE transactions ENABLE KEYS */;
UNLOCK TABLES;

--
-- Table structure for table transactionsoutputs
--

DROP TABLE IF EXISTS transactionsoutputs;
/*!40101 SET @saved_cs_client     = @@character_set_client */;
/*!40101 SET character_set_client = utf8 */;
CREATE TABLE `transactionsoutputs` (
  `k` varbinary(100) NOT NULL,
  `v` blob,
  PRIMARY KEY (`k`)
) ENGINE=InnoDB DEFAULT CHARSET=latin1;
/*!40101 SET character_set_client = @saved_cs_client */;
--
-- Dumping data for table transactionsoutputs
--

LOCK TABLES transactionsoutputs WRITE;
/*!40000 ALTER TABLE transactionsoutputs DISABLE KEYS */;

INSERT INTO transactionsoutputs VALUES ('01b7161388474753c9b4c136a312f396ade0a9e6077dcfd3e13a0aae4f2b0dca','0dff99020102ff9a0001ff9800005eff970301011d5472616e73616374696f6e73496e6465785370656e744f75747075747301ff9800010401064f7574496e64010400010b5458576865726555736564010a000105496e496e640104000109426c6f636b48617368010a00000049ff9a00010220b6af2b05b3b323b48c097312573727c8cc9a980d10e1b4c3b7a73fed618a80860220000012054faf4690d846ab73c014797a214d6a5d786fc255bcabe2cd6941c07400'),('01f8772268aee39912de6e1f8f3e6e21ede917ae9402746a6844a028d003208c','0dff9f020102ffa00001ff9e00005eff9d0301011d5472616e73616374696f6e73496e6465785370656e744f75747075747301ff9e00010401064f7574496e64010400010b5458576865726555736564010a000105496e496e640104000109426c6f636b48617368010a0000004dffa0000101020120a2b7c17f05b0041647d599eb2e7e894f568f4cc0996a84eb2db0a5e09aad39080104012000008ff5bf97c56ef23f43959e5e06ed22eec2178b68587447db4033eba3ad6d00'),('08ff6686fff559ddcf44245345a6d7be8903a22a55456130c81598ae99b4cd94','0dff9f020102ffa00001ff9e00005eff9d0301011d5472616e73616374696f6e73496e6465785370656e744f75747075747301ff9e00010401064f7574496e64010400010b5458576865726555736564010a000105496e496e640104000109426c6f636b48617368010a0000004bffa0000101020120a2b7c17f05b0041647d599eb2e7e894f568f4cc0996a84eb2db0a5e09aad3908022000008ff5bf97c56ef23f43959e5e06ed22eec2178b68587447db4033eba3ad6d00'),('09ca5f0ecd2b7ce6b8738e15c398c766483bd0591718d6182a942d5aa9aa5451','0dff99020102ff9a0001ff9800005eff970301011d5472616e73616374696f6e73496e6465785370656e744f75747075747301ff9800010401064f7574496e64010400010b5458576865726555736564010a000105496e496e640104000109426c6f636b48617368010a000000ff90ff9a00020102012001f8772268aee39912de6e1f8f3e6e21ede917ae9402746a6844a028d003208c02200000ab51db953f8a0f917d48751a61ea46f29e23f821f7ee405a9040e9df499000022044784028e3b90de25887569796fc7f2c0f7ebc6839ed1348208a2f26c704df1f02200000ab51db953f8a0f917d48751a61ea46f29e23f821f7ee405a9040e9df499000'),('0e57da776897b77678d7f372e17d976653e0db6d61bdbe408d98c460a5eacb84','0dff9f020102ffa00001ff9e00005eff9d0301011d5472616e73616374696f6e73496e6465785370656e744f75747075747301ff9e00010401064f7574496e64010400010b5458576865726555736564010a000105496e496e640104000109426c6f636b48617368010a0000004bffa000010102012089b98ba5ec518ed028243a41650390698d484015b2ad7a0c9b829f4c96f333c702200000f68eb1123beefa10d90339933bcdcd6b6bcb09706b5880d48a25a18fb03b00'),('220821eaebb5c54acf4f896a96ffd19c3f7b381e9efb0b689c5fd3e5caea5c6c','0dff99020102ff9a0001ff9800005eff970301011d5472616e73616374696f6e73496e6465785370656e744f75747075747301ff9800010401064f7574496e64010400010b5458576865726555736564010a000105496e496e640104000109426c6f636b48617368010a00000049ff9a000102209388b7c0a8930e99d814d38c6203c0df6da9455b761505cc8653a879823766970220000012054faf4690d846ab73c014797a214d6a5d786fc255bcabe2cd6941c07400'),('2855ce71a0c5d738724d6a17fd5b6802f5434b3675a8c9ec42714f5fe175b4d3','0dff9f020102ffa00001ff9e00005eff9d0301011d5472616e73616374696f6e73496e6465785370656e744f75747075747301ff9e00010401064f7574496e64010400010b5458576865726555736564010a000105496e496e640104000109426c6f636b48617368010a0000004bffa000010102012067c9453ffffde9b1093f56a44e77541c57eb127b9a64f43197dd1042e71bb12502200000f68eb1123beefa10d90339933bcdcd6b6bcb09706b5880d48a25a18fb03b00'),('3922d3ecff6cf32087d9a4554ca69c1e69767672b53c74ee5c8d465c07786de4','0dff99020102ff9a0001ff9800005eff970301011d5472616e73616374696f6e73496e6465785370656e744f75747075747301ff9800010401064f7574496e64010400010b5458576865726555736564010a000105496e496e640104000109426c6f636b48617368010a00000049ff9a000102207ee03c9aabdfe440dbfed22a3d2139cc8deeb9965f0c74feee33ca5e96c83e50022000001a3ace3c14910efc2f0ded7cf953291d6700c31c6cbbd9c296bae705352300'),('39231d34bc0565e2bfc37b0485ed751c91dc91543dd0a429e171e48ea19bc9a2','0dff99020102ff9a0001ff9800005eff970301011d5472616e73616374696f6e73496e6465785370656e744f75747075747301ff9800010401064f7574496e64010400010b5458576865726555736564010a000105496e496e640104000109426c6f636b48617368010a000000ff92ff9a000201020120e2089f6a235cc7c16552f7c8daa513b306a583491ceecc8f33603846267ec02302200000ab51db953f8a0f917d48751a61ea46f29e23f821f7ee405a9040e9df4990000220dd9b4429e94ddedce007f5d75070bc7ddb508c44a38ae8a4b579704146bceaf6010201200000ab51db953f8a0f917d48751a61ea46f29e23f821f7ee405a9040e9df499000'),('57d17bba185b91622e18b4e68ce4f0b6ecb82035d26e6fba3bf2835a2e54b93e','0dff9f020102ffa00001ff9e00005eff9d0301011d5472616e73616374696f6e73496e6465785370656e744f75747075747301ff9e00010401064f7574496e64010400010b5458576865726555736564010a000105496e496e640104000109426c6f636b48617368010a0000004bffa00001010201200e57da776897b77678d7f372e17d976653e0db6d61bdbe408d98c460a5eacb8402200000f68eb1123beefa10d90339933bcdcd6b6bcb09706b5880d48a25a18fb03b00'),('66ab2b26bb150a97014a65ea1d1e3a7d9140ab027bf4bc34f6d33045acdae041','0dff99020102ff9a0001ff9800005eff970301011d5472616e73616374696f6e73496e6465785370656e744f75747075747301ff9800010401064f7574496e64010400010b5458576865726555736564010a000105496e496e640104000109426c6f636b48617368010a000000ff90ff9a0002022039231d34bc0565e2bfc37b0485ed751c91dc91543dd0a429e171e48ea19bc9a20220000012054faf4690d846ab73c014797a214d6a5d786fc255bcabe2cd6941c074000102012009ca5f0ecd2b7ce6b8738e15c398c766483bd0591718d6182a942d5aa9aa54510220000012054faf4690d846ab73c014797a214d6a5d786fc255bcabe2cd6941c07400'),('67c9453ffffde9b1093f56a44e77541c57eb127b9a64f43197dd1042e71bb125','0dff9f020102ffa00001ff9e00005eff9d0301011d5472616e73616374696f6e73496e6465785370656e744f75747075747301ff9e00010401064f7574496e64010400010b5458576865726555736564010a000105496e496e640104000109426c6f636b48617368010a0000004bffa00001010201208cf82b65ca9ca8136b5e7585ecfaa3944f1d5b3cf79f43cb8d110868bb9bb1d602200000f68eb1123beefa10d90339933bcdcd6b6bcb09706b5880d48a25a18fb03b00'),('6a630ea32f17b98243b185fd89dd7a2aba291c29b489694cf6af832169d5a013','0dff99020102ff9a0001ff9800005eff970301011d5472616e73616374696f6e73496e6465785370656e744f75747075747301ff9800010401064f7574496e64010400010b5458576865726555736564010a000105496e496e640104000109426c6f636b48617368010a000000ff90ff9a000201020120220821eaebb5c54acf4f896a96ffd19c3f7b381e9efb0b689c5fd3e5caea5c6c022000002f1699168e04d96dffdabf08ca941051b8cf55989692be20c1b5d167c55800022066ab2b26bb150a97014a65ea1d1e3a7d9140ab027bf4bc34f6d33045acdae041022000002f1699168e04d96dffdabf08ca941051b8cf55989692be20c1b5d167c55800'),('6e11200b32cddcedb8aec5a34445ee83a528069df5e01d6633beac432b7e76fe','0dff99020102ff9a0001ff9800005eff970301011d5472616e73616374696f6e73496e6465785370656e744f75747075747301ff9800010401064f7574496e64010400010b5458576865726555736564010a000105496e496e640104000109426c6f636b48617368010a00000049ff9a00010220df074e36bc4c2d77bd03331a0bf32ad79bf5297a1d2799a9e1e62b3330e5f685022000003e21d815b25b7d2fb28c321c72addda9995ddf0ddc5c03e81393470b779300'),('70fa6d34cfedaf1233a57c86bdb6c1fdde45cf7234a7c459e052edc9116d5883','0dff9f020102ffa00001ff9e00005eff9d0301011d5472616e73616374696f6e73496e6465785370656e744f75747075747301ff9e00010401064f7574496e64010400010b5458576865726555736564010a000105496e496e640104000109426c6f636b48617368010a0000004bffa000010102012085c70ed944c001cbaf5ad77f31a8157cecda2b580ca9ee04bf983784dfd40e9d022000008ff5bf97c56ef23f43959e5e06ed22eec2178b68587447db4033eba3ad6d00'),('7a49eb3f5bcff6fc164577d6d5024d45618164f57bfa2925f70fd23cdb5737de','0dff9f020102ffa00001ff9e00005eff9d0301011d5472616e73616374696f6e73496e6465785370656e744f75747075747301ff9e00010401064f7574496e64010400010b5458576865726555736564010a000105496e496e640104000109426c6f636b48617368010a000000ff90ffa00002010201207d399446f70135d5dd47dd1fc0ab363d4a3038fedce39201034ac087fef49149022000008ff5bf97c56ef23f43959e5e06ed22eec2178b68587447db4033eba3ad6d0002209b448ce63ac774267a8b001240f033b19b5aedb7a13f3e897a5c126932bf0cef02200000f68eb1123beefa10d90339933bcdcd6b6bcb09706b5880d48a25a18fb03b00'),('7d399446f70135d5dd47dd1fc0ab363d4a3038fedce39201034ac087fef49149','0dff9f020102ffa00001ff9e00005eff9d0301011d5472616e73616374696f6e73496e6465785370656e744f75747075747301ff9e00010401064f7574496e64010400010b5458576865726555736564010a000105496e496e640104000109426c6f636b48617368010a0000004bffa00001010201206ef839f6208ae027003a938b3435e5c4bfdb959d8cfe15a73612a67f9a07097d022000008ff5bf97c56ef23f43959e5e06ed22eec2178b68587447db4033eba3ad6d00'),('7ee03c9aabdfe440dbfed22a3d2139cc8deeb9965f0c74feee33ca5e96c83e50','0dff9f020102ffa00001ff9e00005eff9d0301011d5472616e73616374696f6e73496e6465785370656e744f75747075747301ff9e00010401064f7574496e64010400010b5458576865726555736564010a000105496e496e640104000109426c6f636b48617368010a00000049ffa00001022070fa6d34cfedaf1233a57c86bdb6c1fdde45cf7234a7c459e052edc9116d5883022000008ff5bf97c56ef23f43959e5e06ed22eec2178b68587447db4033eba3ad6d00'),('85c70ed944c001cbaf5ad77f31a8157cecda2b580ca9ee04bf983784dfd40e9d','0dff9f020102ffa00001ff9e00005eff9d0301011d5472616e73616374696f6e73496e6465785370656e744f75747075747301ff9e00010401064f7574496e64010400010b5458576865726555736564010a000105496e496e640104000109426c6f636b48617368010a0000004bffa00001010201207a49eb3f5bcff6fc164577d6d5024d45618164f57bfa2925f70fd23cdb5737de022000008ff5bf97c56ef23f43959e5e06ed22eec2178b68587447db4033eba3ad6d00'),('9388b7c0a8930e99d814d38c6203c0df6da9455b761505cc8653a87982376697','0dff99020102ff9a0001ff9800005eff970301011d5472616e73616374696f6e73496e6465785370656e744f75747075747301ff9800010401064f7574496e64010400010b5458576865726555736564010a000105496e496e640104000109426c6f636b48617368010a000000ff92ff9a000201020120dd9b4429e94ddedce007f5d75070bc7ddb508c44a38ae8a4b579704146bceaf602200000ab51db953f8a0f917d48751a61ea46f29e23f821f7ee405a9040e9df499000022008ff6686fff559ddcf44245345a6d7be8903a22a55456130c81598ae99b4cd94010201200000ab51db953f8a0f917d48751a61ea46f29e23f821f7ee405a9040e9df499000'),('9b448ce63ac774267a8b001240f033b19b5aedb7a13f3e897a5c126932bf0cef','0dff9f020102ffa00001ff9e00005eff9d0301011d5472616e73616374696f6e73496e6465785370656e744f75747075747301ff9e00010401064f7574496e64010400010b5458576865726555736564010a000105496e496e640104000109426c6f636b48617368010a0000004bffa000010102012057d17bba185b91622e18b4e68ce4f0b6ecb82035d26e6fba3bf2835a2e54b93e02200000f68eb1123beefa10d90339933bcdcd6b6bcb09706b5880d48a25a18fb03b00'),('a2b7c17f05b0041647d599eb2e7e894f568f4cc0996a84eb2db0a5e09aad3908','0dff9f020102ffa00001ff9e00005eff9d0301011d5472616e73616374696f6e73496e6465785370656e744f75747075747301ff9e00010401064f7574496e64010400010b5458576865726555736564010a000105496e496e640104000109426c6f636b48617368010a00000049ffa0000102202855ce71a0c5d738724d6a17fd5b6802f5434b3675a8c9ec42714f5fe175b4d302200000f68eb1123beefa10d90339933bcdcd6b6bcb09706b5880d48a25a18fb03b00'),('b6af2b05b3b323b48c097312573727c8cc9a980d10e1b4c3b7a73fed618a8086','0dff99020102ff9a0001ff9800005eff970301011d5472616e73616374696f6e73496e6465785370656e744f75747075747301ff9800010401064f7574496e64010400010b5458576865726555736564010a000105496e496e640104000109426c6f636b48617368010a000000ff92ff9a00020220e2089f6a235cc7c16552f7c8daa513b306a583491ceecc8f33603846267ec023010201200000ab51db953f8a0f917d48751a61ea46f29e23f821f7ee405a9040e9df4990000102012008ff6686fff559ddcf44245345a6d7be8903a22a55456130c81598ae99b4cd9402200000ab51db953f8a0f917d48751a61ea46f29e23f821f7ee405a9040e9df499000'),('dd9b4429e94ddedce007f5d75070bc7ddb508c44a38ae8a4b579704146bceaf6','0dff9f020102ffa00001ff9e00005eff9d0301011d5472616e73616374696f6e73496e6465785370656e744f75747075747301ff9e00010401064f7574496e64010400010b5458576865726555736564010a000105496e496e640104000109426c6f636b48617368010a0000004bffa000010220a2b7c17f05b0041647d599eb2e7e894f568f4cc0996a84eb2db0a5e09aad39080102012000008ff5bf97c56ef23f43959e5e06ed22eec2178b68587447db4033eba3ad6d00'),('df074e36bc4c2d77bd03331a0bf32ad79bf5297a1d2799a9e1e62b3330e5f685','0dff99020102ff9a0001ff9800005eff970301011d5472616e73616374696f6e73496e6465785370656e744f75747075747301ff9800010401064f7574496e64010400010b5458576865726555736564010a000105496e496e640104000109426c6f636b48617368010a000000ff90ff9a0002010201206a630ea32f17b98243b185fd89dd7a2aba291c29b489694cf6af832169d5a013022000001a3ace3c14910efc2f0ded7cf953291d6700c31c6cbbd9c296bae705352300022001b7161388474753c9b4c136a312f396ade0a9e6077dcfd3e13a0aae4f2b0dca022000002f1699168e04d96dffdabf08ca941051b8cf55989692be20c1b5d167c55800');

/*!40000 ALTER TABLE transactionsoutputs ENABLE KEYS */;
UNLOCK TABLES;

--
-- Table structure for table unapprovedtransactions
--

DROP TABLE IF EXISTS unapprovedtransactions;
/*!40101 SET @saved_cs_client     = @@character_set_client */;
/*!40101 SET character_set_client = utf8 */;
CREATE TABLE `unapprovedtransactions` (
  `k` varbinary(100) NOT NULL,
  `v` longblob,
  PRIMARY KEY (`k`)
) ENGINE=InnoDB DEFAULT CHARSET=latin1;
/*!40101 SET character_set_client = @saved_cs_client */;
--
-- Dumping data for table unapprovedtransactions
--

LOCK TABLES unapprovedtransactions WRITE;
/*!40000 ALTER TABLE unapprovedtransactions DISABLE KEYS */;

/*!40000 ALTER TABLE unapprovedtransactions ENABLE KEYS */;
UNLOCK TABLES;

--
-- Table structure for table unspentoutputstransactions
--

DROP TABLE IF EXISTS unspentoutputstransactions;
/*!40101 SET @saved_cs_client     = @@character_set_client */;
/*!40101 SET character_set_client = utf8 */;
CREATE TABLE `unspentoutputstransactions` (
  `k` varbinary(100) NOT NULL,
  `v` longblob,
  PRIMARY KEY (`k`)
) ENGINE=InnoDB DEFAULT CHARSET=latin1;
/*!40101 SET character_set_client = @saved_cs_client */;
--
-- Dumping data for table unspentoutputstransactions
--

LOCK TABLES unspentoutputstransactions WRITE;
/*!40000 ALTER TABLE unspentoutputstransactions DISABLE KEYS */;

INSERT INTO unspentoutputstransactions VALUES ('01b7161388474753c9b4c136a312f396ade0a9e6077dcfd3e13a0aae4f2b0dca','0dff95020102ff960001ff9400007eff930301011354584f7574707574496e646570656e64656e7401ff94000107010556616c7565010800010e446573745075624b657948617368010a00010e53656e645075624b657948617368010a00010454584944010a0001064f496e64657801040001064973426173650102000109426c6f636b48617368010a000000ff81ff96000101f8ae47e17a14aeef3f0114430632734828a49f23d9cfe5d4a7d18503f3e3660114430632734828a49f23d9cfe5d4a7d18503f3e366012001b7161388474753c9b4c136a312f396ade0a9e6077dcfd3e13a0aae4f2b0dca0102022000002f1699168e04d96dffdabf08ca941051b8cf55989692be20c1b5d167c55800'),('01f8772268aee39912de6e1f8f3e6e21ede917ae9402746a6844a028d003208c','0dffa3020102ffa40001ffa200007effa10301011354584f7574707574496e646570656e64656e7401ffa2000107010556616c7565010800010e446573745075624b657948617368010a00010e53656e645075624b657948617368010a00010454584944010a0001064f496e64657801040001064973426173650102000109426c6f636b48617368010a0000007fffa4000101f8b0111481e2ae833f0114d11f6ee399d9c0a8bb67931db0075ef0b89cf34a011453e87e8937d35e8adad97ab91cd905f609374cb0012001f8772268aee39912de6e1f8f3e6e21ede917ae9402746a6844a028d003208c03200000ab51db953f8a0f917d48751a61ea46f29e23f821f7ee405a9040e9df499000'),('08ff6686fff559ddcf44245345a6d7be8903a22a55456130c81598ae99b4cd94','0dffa3020102ffa40001ffa200007effa10301011354584f7574707574496e646570656e64656e7401ffa2000107010556616c7565010800010e446573745075624b657948617368010a00010e53656e645075624b657948617368010a00010454584944010a0001064f496e64657801040001064973426173650102000109426c6f636b48617368010a0000007fffa4000101f8b6d05b5dcad0833f0114d11f6ee399d9c0a8bb67931db0075ef0b89cf34a011453e87e8937d35e8adad97ab91cd905f609374cb0012008ff6686fff559ddcf44245345a6d7be8903a22a55456130c81598ae99b4cd9403200000ab51db953f8a0f917d48751a61ea46f29e23f821f7ee405a9040e9df499000'),('0e57da776897b77678d7f372e17d976653e0db6d61bdbe408d98c460a5eacb84','0dffa3020102ffa40001ffa200007effa10301011354584f7574707574496e646570656e64656e7401ffa2000107010556616c7565010800010e446573745075624b657948617368010a00010e53656e645075624b657948617368010a00010454584944010a0001064f496e64657801040001064973426173650102000109426c6f636b48617368010a0000007fffa4000101f802834125f07fb93f0114de442f36111b93d8d11affd2c53da6cb3a25ba54011437db2e1f1e74d0808bdb0db442af8fbcf599ff4f01200e57da776897b77678d7f372e17d976653e0db6d61bdbe408d98c460a5eacb8403200000f68eb1123beefa10d90339933bcdcd6b6bcb09706b5880d48a25a18fb03b00'),('122affaf6c835812b367c8e91681b9563e7d66ca4af1fa3daf0899311371eb29','0dff95020102ff960001ff9400007eff930301011354584f7574707574496e646570656e64656e7401ff94000107010556616c7565010800010e446573745075624b657948617368010a00010e53656e645075624b657948617368010a00010454584944010a0001064f496e64657801040001064973426173650102000109426c6f636b48617368010a00000065ff96000101fe24400114d11f6ee399d9c0a8bb67931db0075ef0b89cf34a0220122affaf6c835812b367c8e91681b9563e7d66ca4af1fa3daf0899311371eb290201012000002f1699168e04d96dffdabf08ca941051b8cf55989692be20c1b5d167c55800'),('220821eaebb5c54acf4f896a96ffd19c3f7b381e9efb0b689c5fd3e5caea5c6c','0dff95020102ff960001ff9400007eff930301011354584f7574707574496e646570656e64656e7401ff94000107010556616c7565010800010e446573745075624b657948617368010a00010e53656e645075624b657948617368010a00010454584944010a0001064f496e64657801040001064973426173650102000109426c6f636b48617368010a000000ff81ff96000101f8f6285c8fc2f51b400114d11f6ee399d9c0a8bb67931db0075ef0b89cf34a0114d11f6ee399d9c0a8bb67931db0075ef0b89cf34a0120220821eaebb5c54acf4f896a96ffd19c3f7b381e9efb0b689c5fd3e5caea5c6c0102022000002f1699168e04d96dffdabf08ca941051b8cf55989692be20c1b5d167c55800'),('2855ce71a0c5d738724d6a17fd5b6802f5434b3675a8c9ec42714f5fe175b4d3','0dffa3020102ffa40001ffa200007effa10301011354584f7574707574496e646570656e64656e7401ffa2000107010556616c7565010800010e446573745075624b657948617368010a00010e53656e645075624b657948617368010a00010454584944010a0001064f496e64657801040001064973426173650102000109426c6f636b48617368010a0000007fffa4000101f802834125f07fb93f0114de442f36111b93d8d11affd2c53da6cb3a25ba54011437db2e1f1e74d0808bdb0db442af8fbcf599ff4f01202855ce71a0c5d738724d6a17fd5b6802f5434b3675a8c9ec42714f5fe175b4d303200000f68eb1123beefa10d90339933bcdcd6b6bcb09706b5880d48a25a18fb03b00'),('44784028e3b90de25887569796fc7f2c0f7ebc6839ed1348208a2f26c704df1f','0dff95020102ff960001ff9400007eff930301011354584f7574707574496e646570656e64656e7401ff94000107010556616c7565010800010e446573745075624b657948617368010a00010e53656e645075624b657948617368010a00010454584944010a0001064f496e64657801040001064973426173650102000109426c6f636b48617368010a000000fffcff96000201f8b0111481e2ae833f0114430632734828a49f23d9cfe5d4a7d18503f3e3660114d11f6ee399d9c0a8bb67931db0075ef0b89cf34a012044784028e3b90de25887569796fc7f2c0f7ebc6839ed1348208a2f26c704df1f03200000ab51db953f8a0f917d48751a61ea46f29e23f821f7ee405a9040e9df49900001f8a01d6bca3e5d373f0114d11f6ee399d9c0a8bb67931db0075ef0b89cf34a0114d11f6ee399d9c0a8bb67931db0075ef0b89cf34a012044784028e3b90de25887569796fc7f2c0f7ebc6839ed1348208a2f26c704df1f010202200000ab51db953f8a0f917d48751a61ea46f29e23f821f7ee405a9040e9df499000'),('57d17bba185b91622e18b4e68ce4f0b6ecb82035d26e6fba3bf2835a2e54b93e','0dffa3020102ffa40001ffa200007effa10301011354584f7574707574496e646570656e64656e7401ffa2000107010556616c7565010800010e446573745075624b657948617368010a00010e53656e645075624b657948617368010a00010454584944010a0001064f496e64657801040001064973426173650102000109426c6f636b48617368010a0000007fffa4000101f802834125f07fb93f0114de442f36111b93d8d11affd2c53da6cb3a25ba54011437db2e1f1e74d0808bdb0db442af8fbcf599ff4f012057d17bba185b91622e18b4e68ce4f0b6ecb82035d26e6fba3bf2835a2e54b93e03200000f68eb1123beefa10d90339933bcdcd6b6bcb09706b5880d48a25a18fb03b00'),('67c9453ffffde9b1093f56a44e77541c57eb127b9a64f43197dd1042e71bb125','0dffa3020102ffa40001ffa200007effa10301011354584f7574707574496e646570656e64656e7401ffa2000107010556616c7565010800010e446573745075624b657948617368010a00010e53656e645075624b657948617368010a00010454584944010a0001064f496e64657801040001064973426173650102000109426c6f636b48617368010a0000007fffa4000101f802834125f07fb93f0114de442f36111b93d8d11affd2c53da6cb3a25ba54011437db2e1f1e74d0808bdb0db442af8fbcf599ff4f012067c9453ffffde9b1093f56a44e77541c57eb127b9a64f43197dd1042e71bb12503200000f68eb1123beefa10d90339933bcdcd6b6bcb09706b5880d48a25a18fb03b00'),('68cda3eb8d1a55e474f013797b79246bea51210d123456d4c2e50f138784c0a4','0dff95020102ff960001ff9400007eff930301011354584f7574707574496e646570656e64656e7401ff94000107010556616c7565010800010e446573745075624b657948617368010a00010e53656e645075624b657948617368010a00010454584944010a0001064f496e64657801040001064973426173650102000109426c6f636b48617368010a00000065ff96000101fe24400114d11f6ee399d9c0a8bb67931db0075ef0b89cf34a022068cda3eb8d1a55e474f013797b79246bea51210d123456d4c2e50f138784c0a402010120000012054faf4690d846ab73c014797a214d6a5d786fc255bcabe2cd6941c07400'),('6ef839f6208ae027003a938b3435e5c4bfdb959d8cfe15a73612a67f9a07097d','0dffa3020102ffa40001ffa200007effa10301011354584f7574707574496e646570656e64656e7401ffa2000107010556616c7565010800010e446573745075624b657948617368010a00010e53656e645075624b657948617368010a00010454584944010a0001064f496e64657801040001064973426173650102000109426c6f636b48617368010a000000fffcffa4000201f8a5720b44ecdfdf3f0114de442f36111b93d8d11affd2c53da6cb3a25ba54011453e87e8937d35e8adad97ab91cd905f609374cb001206ef839f6208ae027003a938b3435e5c4bfdb959d8cfe15a73612a67f9a07097d032000008ff5bf97c56ef23f43959e5e06ed22eec2178b68587447db4033eba3ad6d0001f86261e3553150e03f011453e87e8937d35e8adad97ab91cd905f609374cb0011453e87e8937d35e8adad97ab91cd905f609374cb001206ef839f6208ae027003a938b3435e5c4bfdb959d8cfe15a73612a67f9a07097d0102022000008ff5bf97c56ef23f43959e5e06ed22eec2178b68587447db4033eba3ad6d00'),('70fa6d34cfedaf1233a57c86bdb6c1fdde45cf7234a7c459e052edc9116d5883','0dffa3020102ffa40001ffa200007effa10301011354584f7574707574496e646570656e64656e7401ffa2000107010556616c7565010800010e446573745075624b657948617368010a00010e53656e645075624b657948617368010a00010454584944010a0001064f496e64657801040001064973426173650102000109426c6f636b48617368010a0000007fffa4000101f8a5720b44ecdfdf3f01144907e9109da98730d2ebc01601fd02ad466a4470011453e87e8937d35e8adad97ab91cd905f609374cb0012070fa6d34cfedaf1233a57c86bdb6c1fdde45cf7234a7c459e052edc9116d5883032000008ff5bf97c56ef23f43959e5e06ed22eec2178b68587447db4033eba3ad6d00'),('7d399446f70135d5dd47dd1fc0ab363d4a3038fedce39201034ac087fef49149','0dffa3020102ffa40001ffa200007effa10301011354584f7574707574496e646570656e64656e7401ffa2000107010556616c7565010800010e446573745075624b657948617368010a00010e53656e645075624b657948617368010a00010454584944010a0001064f496e64657801040001064973426173650102000109426c6f636b48617368010a0000007fffa4000101f8a5720b44ecdfdf3f01144907e9109da98730d2ebc01601fd02ad466a4470011453e87e8937d35e8adad97ab91cd905f609374cb001207d399446f70135d5dd47dd1fc0ab363d4a3038fedce39201034ac087fef49149032000008ff5bf97c56ef23f43959e5e06ed22eec2178b68587447db4033eba3ad6d00'),('7ee03c9aabdfe440dbfed22a3d2139cc8deeb9965f0c74feee33ca5e96c83e50','0dffa3020102ffa40001ffa200007effa10301011354584f7574707574496e646570656e64656e7401ffa2000107010556616c7565010800010e446573745075624b657948617368010a00010e53656e645075624b657948617368010a00010454584944010a0001064f496e64657801040001064973426173650102000109426c6f636b48617368010a0000007bffa4000101fe1c400114d11f6ee399d9c0a8bb67931db0075ef0b89cf34a0114d11f6ee399d9c0a8bb67931db0075ef0b89cf34a01207ee03c9aabdfe440dbfed22a3d2139cc8deeb9965f0c74feee33ca5e96c83e500102022000001a3ace3c14910efc2f0ded7cf953291d6700c31c6cbbd9c296bae705352300'),('85c70ed944c001cbaf5ad77f31a8157cecda2b580ca9ee04bf983784dfd40e9d','0dffa3020102ffa40001ffa200007effa10301011354584f7574707574496e646570656e64656e7401ffa2000107010556616c7565010800010e446573745075624b657948617368010a00010e53656e645075624b657948617368010a00010454584944010a0001064f496e64657801040001064973426173650102000109426c6f636b48617368010a0000007fffa4000101f8a5720b44ecdfdf3f0114de442f36111b93d8d11affd2c53da6cb3a25ba54011453e87e8937d35e8adad97ab91cd905f609374cb0012085c70ed944c001cbaf5ad77f31a8157cecda2b580ca9ee04bf983784dfd40e9d032000008ff5bf97c56ef23f43959e5e06ed22eec2178b68587447db4033eba3ad6d00'),('89b98ba5ec518ed028243a41650390698d484015b2ad7a0c9b829f4c96f333c7','0dffa3020102ffa40001ffa200007effa10301011354584f7574707574496e646570656e64656e7401ffa2000107010556616c7565010800010e446573745075624b657948617368010a00010e53656e645075624b657948617368010a00010454584944010a0001064f496e64657801040001064973426173650102000109426c6f636b48617368010a000000fffcffa4000201f802834125f07fb93f0114de442f36111b93d8d11affd2c53da6cb3a25ba54011437db2e1f1e74d0808bdb0db442af8fbcf599ff4f012089b98ba5ec518ed028243a41650390698d484015b2ad7a0c9b829f4c96f333c703200000f68eb1123beefa10d90339933bcdcd6b6bcb09706b5880d48a25a18fb03b0001f88cbe277bf07fb93f011437db2e1f1e74d0808bdb0db442af8fbcf599ff4f011437db2e1f1e74d0808bdb0db442af8fbcf599ff4f012089b98ba5ec518ed028243a41650390698d484015b2ad7a0c9b829f4c96f333c7010202200000f68eb1123beefa10d90339933bcdcd6b6bcb09706b5880d48a25a18fb03b00'),('8cf82b65ca9ca8136b5e7585ecfaa3944f1d5b3cf79f43cb8d110868bb9bb1d6','0dffa3020102ffa40001ffa200007effa10301011354584f7574707574496e646570656e64656e7401ffa2000107010556616c7565010800010e446573745075624b657948617368010a00010e53656e645075624b657948617368010a00010454584944010a0001064f496e64657801040001064973426173650102000109426c6f636b48617368010a000000fffcffa4000201f802834125f07fb93f0114de442f36111b93d8d11affd2c53da6cb3a25ba54011437db2e1f1e74d0808bdb0db442af8fbcf599ff4f01208cf82b65ca9ca8136b5e7585ecfaa3944f1d5b3cf79f43cb8d110868bb9bb1d603200000f68eb1123beefa10d90339933bcdcd6b6bcb09706b5880d48a25a18fb03b0001f8c7a03450f07fc93f011437db2e1f1e74d0808bdb0db442af8fbcf599ff4f011437db2e1f1e74d0808bdb0db442af8fbcf599ff4f01208cf82b65ca9ca8136b5e7585ecfaa3944f1d5b3cf79f43cb8d110868bb9bb1d6010202200000f68eb1123beefa10d90339933bcdcd6b6bcb09706b5880d48a25a18fb03b00'),('95d277ec067d287d38f5e9794f89ffe75b4d86b4d0756a3376cf8274d60a20f9','0dffa3020102ffa40001ffa200007effa10301011354584f7574707574496e646570656e64656e7401ffa2000107010556616c7565010800010e446573745075624b657948617368010a00010e53656e645075624b657948617368010a00010454584944010a0001064f496e64657801040001064973426173650102000109426c6f636b48617368010a00000065ffa4000101fe2440011437db2e1f1e74d0808bdb0db442af8fbcf599ff4f022095d277ec067d287d38f5e9794f89ffe75b4d86b4d0756a3376cf8274d60a20f9020101200000f68eb1123beefa10d90339933bcdcd6b6bcb09706b5880d48a25a18fb03b00'),('9b448ce63ac774267a8b001240f033b19b5aedb7a13f3e897a5c126932bf0cef','0dffa3020102ffa40001ffa200007effa10301011354584f7574707574496e646570656e64656e7401ffa2000107010556616c7565010800010e446573745075624b657948617368010a00010e53656e645075624b657948617368010a00010454584944010a0001064f496e64657801040001064973426173650102000109426c6f636b48617368010a0000007fffa4000101f802834125f07fb93f01144907e9109da98730d2ebc01601fd02ad466a4470011437db2e1f1e74d0808bdb0db442af8fbcf599ff4f01209b448ce63ac774267a8b001240f033b19b5aedb7a13f3e897a5c126932bf0cef03200000f68eb1123beefa10d90339933bcdcd6b6bcb09706b5880d48a25a18fb03b00'),('a2b7c17f05b0041647d599eb2e7e894f568f4cc0996a84eb2db0a5e09aad3908','0dffa3020102ffa40001ffa200007effa10301011354584f7574707574496e646570656e64656e7401ffa2000107010556616c7565010800010e446573745075624b657948617368010a00010e53656e645075624b657948617368010a00010454584944010a0001064f496e64657801040001064973426173650102000109426c6f636b48617368010a000000ff81ffa4000101f85f2c0c91d3b7f73f011453e87e8937d35e8adad97ab91cd905f609374cb0011453e87e8937d35e8adad97ab91cd905f609374cb00120a2b7c17f05b0041647d599eb2e7e894f568f4cc0996a84eb2db0a5e09aad39080102022000008ff5bf97c56ef23f43959e5e06ed22eec2178b68587447db4033eba3ad6d00'),('aca7cd973ec3c5d8a5947ccaa1dc4ebb4ad4c812ec3650ef01ef121226de622c','0dff95020102ff960001ff9400007eff930301011354584f7574707574496e646570656e64656e7401ff94000107010556616c7565010800010e446573745075624b657948617368010a00010e53656e645075624b657948617368010a00010454584944010a0001064f496e64657801040001064973426173650102000109426c6f636b48617368010a00000065ff96000101fe24400114d11f6ee399d9c0a8bb67931db0075ef0b89cf34a0220aca7cd973ec3c5d8a5947ccaa1dc4ebb4ad4c812ec3650ef01ef121226de622c020101200000ab51db953f8a0f917d48751a61ea46f29e23f821f7ee405a9040e9df499000'),('dd9b4429e94ddedce007f5d75070bc7ddb508c44a38ae8a4b579704146bceaf6','0dffa3020102ffa40001ffa200007effa10301011354584f7574707574496e646570656e64656e7401ffa2000107010556616c7565010800010e446573745075624b657948617368010a00010e53656e645075624b657948617368010a00010454584944010a0001064f496e64657801040001064973426173650102000109426c6f636b48617368010a000000ff81ffa4000101f84078bbb95395213f0114430632734828a49f23d9cfe5d4a7d18503f3e3660114430632734828a49f23d9cfe5d4a7d18503f3e3660120dd9b4429e94ddedce007f5d75070bc7ddb508c44a38ae8a4b579704146bceaf6010202200000ab51db953f8a0f917d48751a61ea46f29e23f821f7ee405a9040e9df499000'),('e2089f6a235cc7c16552f7c8daa513b306a583491ceecc8f33603846267ec023','0dff95020102ff960001ff9400007eff930301011354584f7574707574496e646570656e64656e7401ff94000107010556616c7565010800010e446573745075624b657948617368010a00010e53656e645075624b657948617368010a00010454584944010a0001064f496e64657801040001064973426173650102000109426c6f636b48617368010a000000fffcff96000201f89d6a6777cc69843f0114430632734828a49f23d9cfe5d4a7d18503f3e3660114d11f6ee399d9c0a8bb67931db0075ef0b89cf34a0120e2089f6a235cc7c16552f7c8daa513b306a583491ceecc8f33603846267ec02303200000ab51db953f8a0f917d48751a61ea46f29e23f821f7ee405a9040e9df49900001f880f07fec9a352d3f0114d11f6ee399d9c0a8bb67931db0075ef0b89cf34a0114d11f6ee399d9c0a8bb67931db0075ef0b89cf34a0120e2089f6a235cc7c16552f7c8daa513b306a583491ceecc8f33603846267ec023010202200000ab51db953f8a0f917d48751a61ea46f29e23f821f7ee405a9040e9df499000'),('f0d97d64197b330eb3b1cc79fb79e6203fbdcdca11c06ff0b467be090a357bcb','0dff95020102ff960001ff9400007eff930301011354584f7574707574496e646570656e64656e7401ff94000107010556616c7565010800010e446573745075624b657948617368010a00010e53656e645075624b657948617368010a00010454584944010a0001064f496e64657801040001064973426173650102000109426c6f636b48617368010a00000065ff96000101fe24400114d11f6ee399d9c0a8bb67931db0075ef0b89cf34a0220f0d97d64197b330eb3b1cc79fb79e6203fbdcdca11c06ff0b467be090a357bcb0201012000001a3ace3c14910efc2f0ded7cf953291d6700c31c6cbbd9c296bae705352300'),('f8767e2823f7d1334b9e5256a5e75aec1d4591dafb514565f0a2b54134e9c8a5','0dffa3020102ffa40001ffa200007effa10301011354584f7574707574496e646570656e64656e7401ffa2000107010556616c7565010800010e446573745075624b657948617368010a00010e53656e645075624b657948617368010a00010454584944010a0001064f496e64657801040001064973426173650102000109426c6f636b48617368010a00000065ffa4000101fe2440011453e87e8937d35e8adad97ab91cd905f609374cb00220f8767e2823f7d1334b9e5256a5e75aec1d4591dafb514565f0a2b54134e9c8a50201012000008ff5bf97c56ef23f43959e5e06ed22eec2178b68587447db4033eba3ad6d00');

/*!40000 ALTER TABLE unspentoutputstransactions ENABLE KEYS */;
UNLOCK TABLES;

-- Dump completed on 2018-08-12 13:21:56.893430123 +0300 EEST m=+0.211151020
