-- Go SQL Dump 0.2.2
--
-- ------------------------------------------------------
-- Server version	5.7.23-0ubuntu0.16.04.1

/*!40101 SET @OLD_CHARACTER_SET_CLIENT=@@CHARACTER_SET_CLIENT */;
/*!40101 SET @OLD_CHARACTER_SET_RESULTS=@@CHARACTER_SET_RESULTS */;
/*!40101 SET @OLD_COLLATION_CONNECTION=@@COLLATION_CONNECTION */;
/*!40101 SET NAMES utf8 */;
/*!40103 SET @OLD_TIME_ZONE=@@TIME_ZONE */;
/*!40103 SET TIME_ZONE='+00:00' */;
/*!40014 SET @OLD_UNIQUE_CHECKS=@@UNIQUE_CHECKS, UNIQUE_CHECKS=0 */;
/*!40014 SET @OLD_FOREIGN_KEY_CHECKS=@@FOREIGN_KEY_CHECKS, FOREIGN_KEY_CHECKS=0 */;
/*!40101 SET @OLD_SQL_MODE=@@SQL_MODE, SQL_MODE='NO_AUTO_VALUE_ON_ZERO' */;
/*!40111 SET @OLD_SQL_NOTES=@@SQL_NOTES, SQL_NOTES=0 */;



--
-- Table structure for table blockchain
--

DROP TABLE IF EXISTS blockchain;
/*!40101 SET @saved_cs_client     = @@character_set_client */;
/*!40101 SET character_set_client = utf8 */;
CREATE TABLE `blockchain` (
  `k` varbinary(100) NOT NULL,
  `v` varbinary(300) DEFAULT NULL,
  PRIMARY KEY (`k`)
) ENGINE=InnoDB DEFAULT CHARSET=latin1;
/*!40101 SET character_set_client = @saved_cs_client */;
--
-- Dumping data for table blockchain
--

LOCK TABLES blockchain WRITE;
/*!40000 ALTER TABLE blockchain DISABLE KEYS */;

INSERT INTO blockchain VALUES ('000009a6e803738984392515aeecceeb2753ac7773323aeeaea183991b887f24','0000c093048972ddcebc8da2b0f7c8757d188dc401f4fb8c97e060038bbcfc8100001916f3ea31b470bbd26c78cb8a523898d4f0e19a551a405b0f1424dcbe28'),('00001916f3ea31b470bbd26c78cb8a523898d4f0e19a551a405b0f1424dcbe28','000009a6e803738984392515aeecceeb2753ac7773323aeeaea183991b887f2400008070497ec3996dea4fc4279e98cb73ffca3f80052fb140558068722cce26'),('0000271a5a8a0b8365662b154764401349e720d0422acd8db38e8c770415ffb9','00002c8aa7f87a8ae4c6aca52666c2afe5e1e7e1e39c2f05e16db6672fb1127c0000c093048972ddcebc8da2b0f7c8757d188dc401f4fb8c97e060038bbcfc81'),('00002a19356c2330fc8e38ac129d9ba369f128a49d563be80e9215903405e49f','0000628960f0f268e769c16f761541e582dfb4c4683f49726017a28bd04807e10000000000000000000000000000000000000000000000000000000000000000'),('00002c8aa7f87a8ae4c6aca52666c2afe5e1e7e1e39c2f05e16db6672fb1127c','00000000000000000000000000000000000000000000000000000000000000000000271a5a8a0b8365662b154764401349e720d0422acd8db38e8c770415ffb9'),('0000628960f0f268e769c16f761541e582dfb4c4683f49726017a28bd04807e1','0000a7b9f50016d6cd11cfd4390c48ee0b290dc1000b2206dbf364e1aa2599ec00002a19356c2330fc8e38ac129d9ba369f128a49d563be80e9215903405e49f'),('00008070497ec3996dea4fc4279e98cb73ffca3f80052fb140558068722cce26','00001916f3ea31b470bbd26c78cb8a523898d4f0e19a551a405b0f1424dcbe280000a7b9f50016d6cd11cfd4390c48ee0b290dc1000b2206dbf364e1aa2599ec'),('0000a7b9f50016d6cd11cfd4390c48ee0b290dc1000b2206dbf364e1aa2599ec','00008070497ec3996dea4fc4279e98cb73ffca3f80052fb140558068722cce260000628960f0f268e769c16f761541e582dfb4c4683f49726017a28bd04807e1'),('0000c093048972ddcebc8da2b0f7c8757d188dc401f4fb8c97e060038bbcfc81','0000271a5a8a0b8365662b154764401349e720d0422acd8db38e8c770415ffb9000009a6e803738984392515aeecceeb2753ac7773323aeeaea183991b887f24');

/*!40000 ALTER TABLE blockchain ENABLE KEYS */;
UNLOCK TABLES;

--
-- Table structure for table blocks
--

DROP TABLE IF EXISTS blocks;
/*!40101 SET @saved_cs_client     = @@character_set_client */;
/*!40101 SET character_set_client = utf8 */;
CREATE TABLE `blocks` (
  `k` varbinary(100) NOT NULL,
  `v` longblob,
  PRIMARY KEY (`k`)
) ENGINE=InnoDB DEFAULT CHARSET=latin1;
/*!40101 SET character_set_client = @saved_cs_client */;
--
-- Dumping data for table blocks
--

LOCK TABLES blocks WRITE;
/*!40000 ALTER TABLE blocks DISABLE KEYS */;

INSERT INTO blocks VALUES ('000009a6e803738984392515aeecceeb2753ac7773323aeeaea183991b887f24','63ff8103010105426c6f636b01ff82000106010954696d657374616d70010400010c5472616e73616374696f6e7301ff9000010d50726576426c6f636b48617368010a00010448617368010a0001054e6f6e63650104000106486569676874010400000027ff8f020101185b5d737472756374757265732e5472616e73616374696f6e01ff900001ff84000075ff830301010b5472616e73616374696f6e01ff8400010801024944010a00010454696d6501040001095369676e6174757265010a00010842795075624b6579010a00010356696e01ff88000104566f757401ff8c00010a53514c436f6d6d616e6401ff8e00010953514c426173655458010a0000002bff870201011c5b5d737472756374757265732e545843757272656e6379496e70757401ff880001ff8600002fff850301010f545843757272656e6379496e70757401ff86000102010454786964010a000104566f757401040000002dff8b0201011e5b5d737472756374757265732e54584375727272656e63794f757470757401ff8c0001ff8a000038ff890301011154584375727272656e63794f757470757401ff8a000102010556616c7565010800010a5075624b657948617368010a00000057ff8d0301010953514c55706461746501ff8e000104010b5265666572656e63654944010a0001055175657279010a00010d526f6c6c6261636b5175657279010a00010f507265765472616e73616374696f6e010a000000fe040fff8201fcb74b9fc0010401205540cdcd72d0e2a1a238cca8a6f65ab403a128966ee6f2e042f3473c447ff6bd01f82aad41f0f6d19f760146304402202bb7e07e049795da6bf216bfd53326c3349ba963d5c9b1386c800eafcd6d8f9502202d46e6a4fda96fb8fa386f5e81fc18cd4bb4b9216840218aeb4fea58614c876f01400425ee20a14fdb8b046f15c4b7c630fd1562198f5abcabce4428a4242bef325d59ff343d5b8f7dc7f450b8eee6186b847bf290b5a480849f347fe746245fbdb8010101201f68ecda086e9c55f363099f6d29a7a3237b5123f87acae50fe2ab840d2f9a2c010200010201f87b14ae47e17a843f0114a50eb1fd89981ba8e0da1dda03c9beba1234ca7f0001f8f6285c8fc2f51b4001143ed325cf1210ee3bb1565fb6d0fd3036faf2892500010000012056d6f562d6ea01528326ba09d8df6b8814922cfb2911abcf554d90bb18c8e69b01f82aad41f0feeb04e6014630440220eab5d9f932251a808b5352b6647a437d941922139d9e804cc790740ece724d9102208084fcda55044e48ceebd9ec574da616a8ac989b788e9ab895f69b910a90f9eb0140169b05603690090f9d1938f15c337e35caa8432b2474de1f2b8b594c4faa7a07ca4f99051abb436b664f96aca4b55021cff32d65496a3b69f9309783e34035ba01010120d80a15aa6549b91fbe0d75f73ddd2284a8efb1514e00d51edc61990813d3a54500010201f87b14ae47e17a843f0114c1e423ec114fe99e85346dd2867eab0c71e9afa10001f8ae47e17a14aeef3f0114a50eb1fd89981ba8e0da1dda03c9beba1234ca7f000100000120098c44d1ec5ad09fe4fee51239eab2d33e60283dab7eeaa09e2bff790df9d61c01f82aad41f106f3593a0146304402206eb486cae47afdedbe1e7258b292cb83d1bd0a0f8c2e51ba64342009dfc0af6d022034a9bae99bacf0eba136bc240d239299b2004e271c1ee02cb531d8cab4e795ff0140ab577ea8f95e1b0baecdab03e52decbdd77fff7981ea2cedad8ebc14c0533a2eb8894476c217b08543a1bcab9065a5602edddf3a26aed88fc11c9f6368bcc6cf010101201f68ecda086e9c55f363099f6d29a7a3237b5123f87acae50fe2ab840d2f9a2c00010201f87b14ae47e17a843f01143ed325cf1210ee3bb1565fb6d0fd3036faf289250001f8d7a3703d0ad7ff3f0114c1e423ec114fe99e85346dd2867eab0c71e9afa1000100000120d7c1d1d1ed861dde6fb1f8d3b00637b1ff8f4a5e20fa7eb20b104efc04ea19cf01f82aad41f111cc6bc80301020100010101fe244001143ed325cf1210ee3bb1565fb6d0fd3036faf289250001000001200000c093048972ddcebc8da2b0f7c8757d188dc401f4fb8c97e060038bbcfc810120000009a6e803738984392515aeecceeb2753ac7773323aeeaea183991b887f2401fd040f3c010600'),('00001916f3ea31b470bbd26c78cb8a523898d4f0e19a551a405b0f1424dcbe28','63ff8103010105426c6f636b01ff82000106010954696d657374616d70010400010c5472616e73616374696f6e7301ff9000010d50726576426c6f636b48617368010a00010448617368010a0001054e6f6e63650104000106486569676874010400000027ff8f020101185b5d737472756374757265732e5472616e73616374696f6e01ff900001ff84000075ff830301010b5472616e73616374696f6e01ff8400010801024944010a00010454696d6501040001095369676e6174757265010a00010842795075624b6579010a00010356696e01ff88000104566f757401ff8c00010a53514c436f6d6d616e6401ff8e00010953514c426173655458010a0000002bff870201011c5b5d737472756374757265732e545843757272656e6379496e70757401ff880001ff8600002fff850301010f545843757272656e6379496e70757401ff86000102010454786964010a000104566f757401040000002dff8b0201011e5b5d737472756374757265732e54584375727272656e63794f757470757401ff8c0001ff8a000038ff890301011154584375727272656e63794f757470757401ff8a000102010556616c7565010800010a5075624b657948617368010a00000057ff8d0301010953514c55706461746501ff8e000104010b5265666572656e63654944010a0001055175657279010a00010d526f6c6c6261636b5175657279010a00010f507265765472616e73616374696f6e010a000000fe0530ff8201fcb74b9fc801050120d6ac70d7b9b2d01342704206a3d6b43e356c9af6310520ef24382d0bf18e528501f82aad41f3266e3eb001463044022046d8af1f328ecab408106fa8ff92f789b1c11ad453d2e5fb335a0addb23f242d02205b82e2c93393135ec748c1f968901039c5dcd06078fe2cb7b7540720a920790201400425ee20a14fdb8b046f15c4b7c630fd1562198f5abcabce4428a4242bef325d59ff343d5b8f7dc7f450b8eee6186b847bf290b5a480849f347fe746245fbdb801010120098c44d1ec5ad09fe4fee51239eab2d33e60283dab7eeaa09e2bff790df9d61c00010201f8dac812290f03843f0114a50eb1fd89981ba8e0da1dda03c9beba1234ca7f0001f840e8d2a687f42d3f01143ed325cf1210ee3bb1565fb6d0fd3036faf289250001000001202d865d522404503ca4a78050661cacbad7140d952d49ffa880cab7a96a1a888801f82aad41f32f4d61700146304402207f7329026f46b3409f66f6be11c339143543f6078ce8e1d89b44b2b8e7a70f54022004f8af5544726cda45a69bc2bc34c09dc6de974ad1e0d2728bc655c899e03f0b0140169b05603690090f9d1938f15c337e35caa8432b2474de1f2b8b594c4faa7a07ca4f99051abb436b664f96aca4b55021cff32d65496a3b69f9309783e34035ba010101205540cdcd72d0e2a1a238cca8a6f65ab403a128966ee6f2e042f3473c447ff6bd00010201f843f7d5eae556843f0114c1e423ec114fe99e85346dd2867eab0c71e9afa10001f99c0e6caefd113f0114a50eb1fd89981ba8e0da1dda03c9beba1234ca7f000100000120d987b62f365a2dcab789741534437abef84ec79120438a2bbe11f2a082fce3c801f82aad41f337412a80014630440220af32a1b778bb1e91587cb65fd331eeea70f51777ff5a23e11f5352254864569702200845b51413d3da61193d211b8df789c73b0c8b21c4f0b8273600c380bbea1bff0140ab577ea8f95e1b0baecdab03e52decbdd77fff7981ea2cedad8ebc14c0533a2eb8894476c217b08543a1bcab9065a5602edddf3a26aed88fc11c9f6368bcc6cf0101012056d6f562d6ea01528326ba09d8df6b8814922cfb2911abcf554d90bb18c8e69b00010201f8f7562426a8e1833f01143ed325cf1210ee3bb1565fb6d0fd3036faf289250001f880b037312427333f0114c1e423ec114fe99e85346dd2867eab0c71e9afa1000100000120509192f9ac0372a6a6b432503b6f52d068d89778c976a8dcdebba98db2cc3a7901f82aad41f340403bc401463044022072e908369725c4af8e4527f4e39d3546c40207414c6297cdd20940045eb8414f022015d3d5378f983e1f2d0de1d1e5d08d768e88dbcb0464ba33242d8abb25a4b0360140ab577ea8f95e1b0baecdab03e52decbdd77fff7981ea2cedad8ebc14c0533a2eb8894476c217b08543a1bcab9065a5602edddf3a26aed88fc11c9f6368bcc6cf01010120098c44d1ec5ad09fe4fee51239eab2d33e60283dab7eeaa09e2bff790df9d61c010200010201f8d63c05c8e94e843f01143ed325cf1210ee3bb1565fb6d0fd3036faf289250001f85d99e0696caeff3f0114c1e423ec114fe99e85346dd2867eab0c71e9afa1000100000120fc52dbbfb331073410ec74bb1ab30b308d198b4b449a047cf1fbb76798a7578401f82aad41f350d35b400301020100010101fe244001143ed325cf1210ee3bb1565fb6d0fd3036faf28925000100000120000009a6e803738984392515aeecceeb2753ac7773323aeeaea183991b887f24012000001916f3ea31b470bbd26c78cb8a523898d4f0e19a551a405b0f1424dcbe2801fd0391e6010800'),('0000271a5a8a0b8365662b154764401349e720d0422acd8db38e8c770415ffb9','63ff8103010105426c6f636b01ff82000106010954696d657374616d70010400010c5472616e73616374696f6e7301ff9000010d50726576426c6f636b48617368010a00010448617368010a0001054e6f6e63650104000106486569676874010400000027ff8f020101185b5d737472756374757265732e5472616e73616374696f6e01ff900001ff84000075ff830301010b5472616e73616374696f6e01ff8400010801024944010a00010454696d6501040001095369676e6174757265010a00010842795075624b6579010a00010356696e01ff88000104566f757401ff8c00010a53514c436f6d6d616e6401ff8e00010953514c426173655458010a0000002bff870201011c5b5d737472756374757265732e545843757272656e6379496e70757401ff880001ff8600002fff850301010f545843757272656e6379496e70757401ff86000102010454786964010a000104566f757401040000002dff8b0201011e5b5d737472756374757265732e54584375727272656e63794f757470757401ff8c0001ff8a000038ff890301011154584375727272656e63794f757470757401ff8a000102010556616c7565010800010a5075624b657948617368010a00000057ff8d0301010953514c55706461746501ff8e000104010b5265666572656e63654944010a0001055175657279010a00010d526f6c6c6261636b5175657279010a00010f507265765472616e73616374696f6e010a000000fe01bcff8201fcb74b9fb001020120d80a15aa6549b91fbe0d75f73ddd2284a8efb1514e00d51edc61990813d3a54501f82aad41ed447212260146304402209db72a4570e5570b529ef90541614879acbd2b9718b5f9590f6a3b7bc34c9f6d02206a9966c95ff4c86f8fae297e691d387959914a4be4152b3c7742715bb098133c01400425ee20a14fdb8b046f15c4b7c630fd1562198f5abcabce4428a4242bef325d59ff343d5b8f7dc7f450b8eee6186b847bf290b5a480849f347fe746245fbdb801010120d0db2978ac91f8c557ea02bffe5efc70cba46f5352b8706f5552a84a90072bd100010201fef03f0114a50eb1fd89981ba8e0da1dda03c9beba1234ca7f0001fe224001143ed325cf1210ee3bb1565fb6d0fd3036faf28925000100000120bb47137431b2d5f78609f84f6ce979da8883e2de4b974ff1332ec28e7432b3d601f82aad41ed4e22269c0301020100010101fe244001143ed325cf1210ee3bb1565fb6d0fd3036faf2892500010000012000002c8aa7f87a8ae4c6aca52666c2afe5e1e7e1e39c2f05e16db6672fb1127c01200000271a5a8a0b8365662b154764401349e720d0422acd8db38e8c770415ffb901fe2a3c010200'),('00002a19356c2330fc8e38ac129d9ba369f128a49d563be80e9215903405e49f','63ff9703010105426c6f636b01ff98000106010954696d657374616d70010400010c5472616e73616374696f6e7301ff9a00010d50726576426c6f636b48617368010a00010448617368010a0001054e6f6e63650104000106486569676874010400000027ff99020101185b5d737472756374757265732e5472616e73616374696f6e01ff9a0001ff8c000075ff8b0301010b5472616e73616374696f6e01ff8c00010801024944010a00010454696d6501040001095369676e6174757265010a00010842795075624b6579010a00010356696e01ff90000104566f757401ff9400010a53514c436f6d6d616e6401ff9600010953514c426173655458010a0000002bff8f0201011c5b5d737472756374757265732e545843757272656e6379496e70757401ff900001ff8e00002fff8d0301010f545843757272656e6379496e70757401ff8e000102010454786964010a000104566f757401040000002dff930201011e5b5d737472756374757265732e54584375727272656e63794f757470757401ff940001ff92000038ff910301011154584375727272656e63794f757470757401ff92000102010556616c7565010800010a5075624b657948617368010a00000057ff950301010953514c55706461746501ff96000104010b5265666572656e63654944010a0001055175657279010a00010d526f6c6c6261636b5175657279010a00010f507265765472616e73616374696f6e010a000000fe09cdff9801fcb75208be01090120a448372de5f3ff0988eb563aabc38abb1a9db98fd94891a7389239812021c54e01f82aaec001c15c1d080146304402201351d4f1c1ab449422cdfa8cf4d57bdc164e6f70853ef29a599dfe8439830018022097bf95be1ef4e1fd7716bb87e60cc104c50489b79e5c2708f96c066f19ebc02e0140ab577ea8f95e1b0baecdab03e52decbdd77fff7981ea2cedad8ebc14c0533a2eb8894476c217b08543a1bcab9065a5602edddf3a26aed88fc11c9f6368bcc6cf010101201baf5dfc4d3406f0df57d7d29be7ceb112bd1eb65650740088e70ccf393fdeed010200010201f859eef583f493e53f011480e23bd80c90ad8e1e2b2e84ebc6668478ef77950001f848332779bf1bc13f0114c1e423ec114fe99e85346dd2867eab0c71e9afa100010000012045e56979d4de9387052741b6a84016829475ca6eb620f104584d852eeeae3b5c01f82aaec00218e681ec0146304402202bd66f190285e83922ffe3b9ea97879521445b1a92835e1c23a31bfdc2887d6e0220f005f08a61cb41f9835e188467e34b85700a071108049250a9af5b28551db74b0140ab577ea8f95e1b0baecdab03e52decbdd77fff7981ea2cedad8ebc14c0533a2eb8894476c217b08543a1bcab9065a5602edddf3a26aed88fc11c9f6368bcc6cf010101205f768a018e248722efea776b0a346c4c0a37e365de560733a6c2ec3932f42581010200010201f859eef583f493e53f011480e23bd80c90ad8e1e2b2e84ebc6668478ef77950001f88736088c58f8e43f0114c1e423ec114fe99e85346dd2867eab0c71e9afa1000100000120de74d25e0361448c07430337a3ec4a4f71633d31859e068440215ecf9d47f64101f82aaec0027f1a7cca0146304402207f6e87e0071ede1b25f33d518c83fe0c22b073c16c8c8f6b656dea55b3cbcd800220668f52c0578063b5ef96d7b8db95ffbc88a8462c266a5d9320d3dddca938e9d40140ab577ea8f95e1b0baecdab03e52decbdd77fff7981ea2cedad8ebc14c0533a2eb8894476c217b08543a1bcab9065a5602edddf3a26aed88fc11c9f6368bcc6cf0101012000cfbb6dbbe3158cfb129703b2d9fe7939b783ffe12ad2a8b561f757ee2d28f9010200010201f859eef583f493e53f011480e23bd80c90ad8e1e2b2e84ebc6668478ef77950001f83442816f814d21400114c1e423ec114fe99e85346dd2867eab0c71e9afa1000100000120563aefcefdfee58c85426e57d0b9112ee2229a44ac6579eff778c6dfafa0e27501f82aaec002c561622c014630440220c0245e571d552c1e16786ee4da867404038da1fb4c19891466385861296c82e60220baa1a32098e16eab5f651d9beaf467d4548e2f156dc6d9b554448bef60afbdac0140ab577ea8f95e1b0baecdab03e52decbdd77fff7981ea2cedad8ebc14c0533a2eb8894476c217b08543a1bcab9065a5602edddf3a26aed88fc11c9f6368bcc6cf01010120029e6ff1b9689d3866ae372dc0aa5efd6e093ce82e971f652d89ce41604f9e0500010201f859eef583f493e53f011480e23bd80c90ad8e1e2b2e84ebc6668478ef77950001f81aa1c0b7c0a622400114c1e423ec114fe99e85346dd2867eab0c71e9afa1000100000120bfcc1844e8832a96df940af9f85279cefdbed14aac7b322cc181b017a743e99301f82aaec0036f49bfe601463044022075fbac4fc08e334483adb52ebd1f18e96f47d9983a8c61e3da7a091402ab97070220bbf20bbaaec1a576373f27142cad7a63eb53a859082c1a14f1eb8caabcb662d40140ab577ea8f95e1b0baecdab03e52decbdd77fff7981ea2cedad8ebc14c0533a2eb8894476c217b08543a1bcab9065a5602edddf3a26aed88fc11c9f6368bcc6cf030106746573743a370122494e5345525420494e544f20746573742053455420623d27726f7737272c20613d37011c44454c4554452046524f4d207465737420574845524520613d273727000120a357fffb0811b8d03febb348b0d2e809ecee3187cc0eadbb51942a8fcc33b7310001208ee4629385ce9446af79bafcbf80cc6fdffd14c01d3f57d78629dde80f9d44ba01f82aaec00389e1767401463044022061d9933e4a887b337e499feccb3de73e80e4f956bb717d18981a694edee770440220b6480287577df00856e25adbf9a115755d4a4154a703222d60b5c8c81c1c0a580140ab577ea8f95e1b0baecdab03e52decbdd77fff7981ea2cedad8ebc14c0533a2eb8894476c217b08543a1bcab9065a5602edddf3a26aed88fc11c9f6368bcc6cf030106746573743a380122494e5345525420494e544f20746573742053455420623d27726f7738272c20613d38011c44454c4554452046524f4d207465737420574845524520613d273827000120a357fffb0811b8d03febb348b0d2e809ecee3187cc0eadbb51942a8fcc33b7310001209f435cb8b14eb9fc5884bf7563bf3c48b33b7c76e53017fd973928513e5ad12601f82aaec003a6f89e960146304402204791170176d4a3be96f0353ebfeadcdd7382f6375d7d2a4ace13a264713290650220b6876bb7af66d1c915c31762b59f72100483ed92c33562d909e24f6306946a480140ab577ea8f95e1b0baecdab03e52decbdd77fff7981ea2cedad8ebc14c0533a2eb8894476c217b08543a1bcab9065a5602edddf3a26aed88fc11c9f6368bcc6cf030106746573743a390122494e5345525420494e544f20746573742053455420623d27726f7739272c20613d39011c44454c4554452046524f4d207465737420574845524520613d273927000120a357fffb0811b8d03febb348b0d2e809ecee3187cc0eadbb51942a8fcc33b7310001205f2017e65dcff8503c3d1fbfc20f9f83231f00102817b4ba57161729206b7ed101f82aaec003bc2b81300146304402200ca58c90d65b73dc52af48b150c2351068515fa79f2de6ed77bc0e0b524374440220243175fb26ac698534b1bfff82e2df8594508db79d76cc4f338fc54cb37fbb8b0140ab577ea8f95e1b0baecdab03e52decbdd77fff7981ea2cedad8ebc14c0533a2eb8894476c217b08543a1bcab9065a5602edddf3a26aed88fc11c9f6368bcc6cf030107746573743a31300124494e5345525420494e544f20746573742053455420623d27726f773130272c20613d3130011d44454c4554452046524f4d207465737420574845524520613d27313027000120a357fffb0811b8d03febb348b0d2e809ecee3187cc0eadbb51942a8fcc33b731000120aadd41032045d17ec58d6f0675c2dfe905e43e5966a57ed5c6897fc3a4fbc67b01f82aaec003d6f990300301020100010101fe24400114c1e423ec114fe99e85346dd2867eab0c71e9afa10001000001200000628960f0f268e769c16f761541e582dfb4c4683f49726017a28bd04807e1012000002a19356c2330fc8e38ac129d9ba369f128a49d563be80e9215903405e49f01fd034c34011000'),('00002c8aa7f87a8ae4c6aca52666c2afe5e1e7e1e39c2f05e16db6672fb1127c','63ff8103010105426c6f636b01ff82000106010954696d657374616d70010400010c5472616e73616374696f6e7301ff9000010d50726576426c6f636b48617368010a00010448617368010a0001054e6f6e63650104000106486569676874010400000027ff8f020101185b5d737472756374757265732e5472616e73616374696f6e01ff900001ff84000075ff830301010b5472616e73616374696f6e01ff8400010801024944010a00010454696d6501040001095369676e6174757265010a00010842795075624b6579010a00010356696e01ff88000104566f757401ff8c00010a53514c436f6d6d616e6401ff8e00010953514c426173655458010a0000002bff870201011c5b5d737472756374757265732e545843757272656e6379496e70757401ff880001ff8600002fff850301010f545843757272656e6379496e70757401ff86000102010454786964010a000104566f757401040000002dff8b0201011e5b5d737472756374757265732e54584375727272656e63794f757470757401ff8c0001ff8a000038ff890301011154584375727272656e63794f757470757401ff8a000102010556616c7565010800010a5075624b657948617368010a00000057ff8d0301010953514c55706461746501ff8e000104010b5265666572656e63654944010a0001055175657279010a00010d526f6c6c6261636b5175657279010a00010f507265765472616e73616374696f6e010a000000ff83ff8201fcb74b9fa001010120d0db2978ac91f8c557ea02bffe5efc70cba46f5352b8706f5552a84a90072bd101f82aad41e9e0624d2c0301020100010101fe244001143ed325cf1210ee3bb1565fb6d0fd3036faf2892500010000022000002c8aa7f87a8ae4c6aca52666c2afe5e1e7e1e39c2f05e16db6672fb1127c01fd0259f200'),('0000628960f0f268e769c16f761541e582dfb4c4683f49726017a28bd04807e1','63ff9703010105426c6f636b01ff98000106010954696d657374616d70010400010c5472616e73616374696f6e7301ff9a00010d50726576426c6f636b48617368010a00010448617368010a0001054e6f6e63650104000106486569676874010400000027ff99020101185b5d737472756374757265732e5472616e73616374696f6e01ff9a0001ff8c000075ff8b0301010b5472616e73616374696f6e01ff8c00010801024944010a00010454696d6501040001095369676e6174757265010a00010842795075624b6579010a00010356696e01ff90000104566f757401ff9400010a53514c436f6d6d616e6401ff9600010953514c426173655458010a0000002bff8f0201011c5b5d737472756374757265732e545843757272656e6379496e70757401ff900001ff8e00002fff8d0301010f545843757272656e6379496e70757401ff8e000102010454786964010a000104566f757401040000002dff930201011e5b5d737472756374757265732e54584375727272656e63794f757470757401ff940001ff92000038ff910301011154584375727272656e63794f757470757401ff92000102010556616c7565010800010a5075624b657948617368010a00000057ff950301010953514c55706461746501ff96000104010b5265666572656e63654944010a0001055175657279010a00010d526f6c6c6261636b5175657279010a00010f507265765472616e73616374696f6e010a000000fe08cbff9801fcb75208a6010801201baf5dfc4d3406f0df57d7d29be7ceb112bd1eb65650740088e70ccf393fdeed01f82aaebffcc35daf5001463044022066c728b908e62ace60e87a03fe465fa8165ace4a15bc49046534e9daaffb34c7022031d6b7ee01d84d92f23f1fa00083fa8ab4e15bf1be2b3cf6b6c427e819d15cc50140ab577ea8f95e1b0baecdab03e52decbdd77fff7981ea2cedad8ebc14c0533a2eb8894476c217b08543a1bcab9065a5602edddf3a26aed88fc11c9f6368bcc6cf0101012022cf046f6d18b33c2e51cb116571c791f8b1b6838ddedb622769ec711eeb1b42010200010201f859eef583f493e53f0114387c48296efef82f1b15381f6f1bb9bd6e8a43440001f82bbb3f62e4dae93f0114c1e423ec114fe99e85346dd2867eab0c71e9afa10001000001205f768a018e248722efea776b0a346c4c0a37e365de560733a6c2ec3932f4258101f82aaebffcfb05a9600146304402208a9085f63a802f550c16f9acb27097816a4e160d7d2e719ae51656d0e710a4be02204a53dc4cf374cd19809a0a144511426e63a454e55c0714757a1ed288e86064630140ab577ea8f95e1b0baecdab03e52decbdd77fff7981ea2cedad8ebc14c0533a2eb8894476c217b08543a1bcab9065a5602edddf3a26aed88fc11c9f6368bcc6cf01010120d3b9097274d50d77ca0a5e762ee540a9cd5287c902cf8b4f8019d080ba5f0690010200010201f859eef583f493e53f0114387c48296efef82f1b15381f6f1bb9bd6e8a43440001f87012ff872646f53f0114c1e423ec114fe99e85346dd2867eab0c71e9afa100010000012000cfbb6dbbe3158cfb129703b2d9fe7939b783ffe12ad2a8b561f757ee2d28f901f82aaebffd4f1c69d2014630440220b91059da5be1ca49c4b8fefc426ee2cb575f85a66f44eea01f7913e496e4ee4a02201e48b57db962cfd6db1c1ef3828ae407722abed86afb6bf6fd17d1c672f614fb0140ab577ea8f95e1b0baecdab03e52decbdd77fff7981ea2cedad8ebc14c0533a2eb8894476c217b08543a1bcab9065a5602edddf3a26aed88fc11c9f6368bcc6cf0101012093fa26ba47ac2707a8cff041562dac70042dbc62bcc8b552d2dc449ecc8f3a4600010201f859eef583f493e53f0114387c48296efef82f1b15381f6f1bb9bd6e8a43440001f81aa1c0b7c0a622400114c1e423ec114fe99e85346dd2867eab0c71e9afa1000100000120cb6f53ddde3bafc9cd55c3cbb4e3f57a02b848824fa53d57533371d0788b3f7201f82aaebffda9115ab8014630440220b54572023d593254eb4c3d75a5570f35c7dbd2e7eceb342b6a50225229168fe40220fff7c8ca9f7b376d7ec5d722dcfa36b33bd66b28f58546085ce5e864e797a3560140ab577ea8f95e1b0baecdab03e52decbdd77fff7981ea2cedad8ebc14c0533a2eb8894476c217b08543a1bcab9065a5602edddf3a26aed88fc11c9f6368bcc6cf030106746573743a32012a55504441544520746573742053455420623d27726f77325f757064617465642720574845524520613d3201255550444154452074657374205345542020623d27726f77322720574845524520613d2732270001203c70ee665fae373a62b53794c169fbe6c57e2b7ddfc6b7c47568d756939c220100012087ea728c5c45b52861130e68ffa32ab0b59dcfdc40fa2e290712ded3b9d7a7a001f82aaebffdd68b111e01463044022082499fcedea853815023a7e62e39014410ed1014613d0687be6801086b03e39c022099212828c12fae58f44f8865879255f352449ae48aab446c67d822710a994d770140ab577ea8f95e1b0baecdab03e52decbdd77fff7981ea2cedad8ebc14c0533a2eb8894476c217b08543a1bcab9065a5602edddf3a26aed88fc11c9f6368bcc6cf030106746573743a330124494e5345525420494e544f20746573742053455420623d27726f7733272c20613d273327011c44454c4554452046524f4d207465737420574845524520613d273327000120a357fffb0811b8d03febb348b0d2e809ecee3187cc0eadbb51942a8fcc33b7310001202888cfbd81e0eb3a9e9c9f93d830026a58a00271a55fa42574e3eba5cffa2e9901f82aaebffdec4dff3801463044022099b1cf67b07de84f703e541a286412dee39a57516dcd02f5aaf1067bc08e36d7022098ec283ae5ff701504ad526713763f4c0ed2ed0565e255ecde0a25becc0059640140ab577ea8f95e1b0baecdab03e52decbdd77fff7981ea2cedad8ebc14c0533a2eb8894476c217b08543a1bcab9065a5602edddf3a26aed88fc11c9f6368bcc6cf030106746573743a340124494e5345525420494e544f20746573742053455420623d27726f7734272c20613d273427011c44454c4554452046524f4d207465737420574845524520613d273427000120a357fffb0811b8d03febb348b0d2e809ecee3187cc0eadbb51942a8fcc33b731000120c724dfdf6e275c15656b2443a59495d4b8c3b5c040e55290f3a9d501c20da5a001f82aaebffe0a183ee8014630440220a27d07a368bbf6cab6587e19eef22f7de558be6adb0b26467711e37b9735843a022006cffe8d8fbc8d46ba69519c81f757e11fc3c97e26a8cddb4294439046a82fb40140ab577ea8f95e1b0baecdab03e52decbdd77fff7981ea2cedad8ebc14c0533a2eb8894476c217b08543a1bcab9065a5602edddf3a26aed88fc11c9f6368bcc6cf030106746573743a34012a55504441544520746573742053455420623d27726f77345f757064617465642720574845524520613d3401255550444154452074657374205345542020623d27726f77342720574845524520613d2734270001202888cfbd81e0eb3a9e9c9f93d830026a58a00271a55fa42574e3eba5cffa2e99000120029e6ff1b9689d3866ae372dc0aa5efd6e093ce82e971f652d89ce41604f9e0501f82aaebffe5732181a0301020100010101fe24400114c1e423ec114fe99e85346dd2867eab0c71e9afa10001000001200000a7b9f50016d6cd11cfd4390c48ee0b290dc1000b2206dbf364e1aa2599ec01200000628960f0f268e769c16f761541e582dfb4c4683f49726017a28bd04807e101fd01e23c010e00'),('00008070497ec3996dea4fc4279e98cb73ffca3f80052fb140558068722cce26','63ff8103010105426c6f636b01ff82000106010954696d657374616d70010400010c5472616e73616374696f6e7301ff9000010d50726576426c6f636b48617368010a00010448617368010a0001054e6f6e63650104000106486569676874010400000027ff8f020101185b5d737472756374757265732e5472616e73616374696f6e01ff900001ff84000075ff830301010b5472616e73616374696f6e01ff8400010801024944010a00010454696d6501040001095369676e6174757265010a00010842795075624b6579010a00010356696e01ff88000104566f757401ff8c00010a53514c436f6d6d616e6401ff8e00010953514c426173655458010a0000002bff870201011c5b5d737472756374757265732e545843757272656e6379496e70757401ff880001ff8600002fff850301010f545843757272656e6379496e70757401ff86000102010454786964010a000104566f757401040000002dff8b0201011e5b5d737472756374757265732e54584375727272656e63794f757470757401ff8c0001ff8a000038ff890301011154584375727272656e63794f757470757401ff8a000102010556616c7565010800010a5075624b657948617368010a00000057ff8d0301010953514c55706461746501ff8e000104010b5265666572656e63654944010a0001055175657279010a00010d526f6c6c6261636b5175657279010a00010f507265765472616e73616374696f6e010a000000fe06c0ff8201fcb74b9fd201060120ff15e84416d7b790cb1d97c43abbdd05e4400fbaadebb19535a1ad442c7a4d7f01f82aad41f573ecbfe0014630440220e9b01d24c0f1cece5ad739ea1a992bd46a93242c1ac4dc57fba70f9c9943492202200bf525840a665b3793167f79ffba4c5b5935208a99bece854f0a05b3d513661101400425ee20a14fdb8b046f15c4b7c630fd1562198f5abcabce4428a4242bef325d59ff343d5b8f7dc7f450b8eee6186b847bf290b5a480849f347fe746245fbdb801020120d6ac70d7b9b2d01342704206a3d6b43e356c9af6310520ef24382d0bf18e52850102000120d987b62f365a2dcab789741534437abef84ec79120438a2bbe11f2a082fce3c800010201f8d63c05c8e94e843f0114a50eb1fd89981ba8e0da1dda03c9beba1234ca7f0001f984cb74f920f53e01143ed325cf1210ee3bb1565fb6d0fd3036faf28925000100000120af0462e8f9cd6c3e51f103709a7bfae08a8ca2c7753ac5b6166d757a88d92f6901f82aad41f57e05f2680146304402208505bceaee75e1d92b0a9156d1fce92ffb0b1bc9159402d0088368ca53d4cc390220bac7bcf7cc0121dce5e903118eafb623b51331c24b65f5678d32653a04acf94f0140169b05603690090f9d1938f15c337e35caa8432b2474de1f2b8b594c4faa7a07ca4f99051abb436b664f96aca4b55021cff32d65496a3b69f9309783e34035ba010201202d865d522404503ca4a78050661cacbad7140d952d49ffa880cab7a96a1a88880102000120d6ac70d7b9b2d01342704206a3d6b43e356c9af6310520ef24382d0bf18e528500010201f8f7562426a8e1833f0114c1e423ec114fe99e85346dd2867eab0c71e9afa10001f8c0c6a3f19758213f0114a50eb1fd89981ba8e0da1dda03c9beba1234ca7f000100000120d6349379b76284f1e18bb13922b4c4e689667723b183ed1488015152d8424c9101f82aad41f587709360014630440220fab94a742acfe5be5ef0e0f92119beb2be34171f978c6bd2ebf74df550abba430220ff9c7f7e9e31ae547cb95b4b94d52d5c2143334823214f94752ad9434ee9e4f30140ab577ea8f95e1b0baecdab03e52decbdd77fff7981ea2cedad8ebc14c0533a2eb8894476c217b08543a1bcab9065a5602edddf3a26aed88fc11c9f6368bcc6cf01020120d987b62f365a2dcab789741534437abef84ec79120438a2bbe11f2a082fce3c801020001202d865d522404503ca4a78050661cacbad7140d952d49ffa880cab7a96a1a888800010201f843f7d5eae556843f01143ed325cf1210ee3bb1565fb6d0fd3036faf289250001f880b037312427333f0114c1e423ec114fe99e85346dd2867eab0c71e9afa1000100000120158882c12867873df8756c56eb5df7beb737cbe8e9a1826322c5d4d69f805ed301f82aad41f592078f1c014630440220ed3fc72b46273a76cf538798299e1ccf91cf2c91b4d7ab967c830a75e83be00b0220dfbb3b0541aaf09c9c531e78b4f4b60eeb0c2b9f7980580d445153f731076c2c0140ab577ea8f95e1b0baecdab03e52decbdd77fff7981ea2cedad8ebc14c0533a2eb8894476c217b08543a1bcab9065a5602edddf3a26aed88fc11c9f6368bcc6cf01010120509192f9ac0372a6a6b432503b6f52d068d89778c976a8dcdebba98db2cc3a79010200010201f8dac812290f03843f01143ed325cf1210ee3bb1565fb6d0fd3036faf289250001f8cb738e4b6686ff3f0114c1e423ec114fe99e85346dd2867eab0c71e9afa1000100000120b9eb0fb26db3863854a64a2c3f5fe5b26c0e218061b78ec7685ca8b19c4a33e601f82aad41f59c65dd16014630440220c87e3ce9ea9f016e952249526e16d44b78880dfee33f7a22e503f7d4c23db4030220be6c5f465f0b079b8ddf7a457eb4aedce1ad166cda1a8adeff7a5598a05e317401400425ee20a14fdb8b046f15c4b7c630fd1562198f5abcabce4428a4242bef325d59ff343d5b8f7dc7f450b8eee6186b847bf290b5a480849f347fe746245fbdb801010120509192f9ac0372a6a6b432503b6f52d068d89778c976a8dcdebba98db2cc3a7900010201f8dac812290f03843f0114a50eb1fd89981ba8e0da1dda03c9beba1234ca7f0001f9ff9cbca7f6223f01143ed325cf1210ee3bb1565fb6d0fd3036faf289250001000001208edbc576e8f9fc2d48513c4ed8a1663cfdbf70351ae6c1882a9e18544f5a3b0c01f82aad41f5a850af0c0301020100010101fe244001143ed325cf1210ee3bb1565fb6d0fd3036faf2892500010000012000001916f3ea31b470bbd26c78cb8a523898d4f0e19a551a405b0f1424dcbe28012000008070497ec3996dea4fc4279e98cb73ffca3f80052fb140558068722cce2601fd02c132010a00'),('0000a7b9f50016d6cd11cfd4390c48ee0b290dc1000b2206dbf364e1aa2599ec','63ff9703010105426c6f636b01ff98000106010954696d657374616d70010400010c5472616e73616374696f6e7301ff9a00010d50726576426c6f636b48617368010a00010448617368010a0001054e6f6e63650104000106486569676874010400000027ff99020101185b5d737472756374757265732e5472616e73616374696f6e01ff9a0001ff8c000075ff8b0301010b5472616e73616374696f6e01ff8c00010801024944010a00010454696d6501040001095369676e6174757265010a00010842795075624b6579010a00010356696e01ff90000104566f757401ff9400010a53514c436f6d6d616e6401ff9600010953514c426173655458010a0000002bff8f0201011c5b5d737472756374757265732e545843757272656e6379496e70757401ff900001ff8e00002fff8d0301010f545843757272656e6379496e70757401ff8e000102010454786964010a000104566f757401040000002dff930201011e5b5d737472756374757265732e54584375727272656e63794f757470757401ff940001ff92000038ff910301011154584375727272656e63794f757470757401ff92000102010556616c7565010800010a5075624b657948617368010a00000057ff950301010953514c55706461746501ff96000104010b5265666572656e63654944010a0001055175657279010a00010d526f6c6c6261636b5175657279010a00010f507265765472616e73616374696f6e010a000000fe07bbff9801fcb75208320107012022cf046f6d18b33c2e51cb116571c791f8b1b6838ddedb622769ec711eeb1b4201f82aaebfe04a76552c0146304402202b43aa51c5e05bd277e31bc7017b85367ebed0993981fef471499c7497dd5dd20220d3dcb3f5aad5830a34768b862bb82b447a48141dd11ad5de1ec7da63ab79ee0d0140ab577ea8f95e1b0baecdab03e52decbdd77fff7981ea2cedad8ebc14c0533a2eb8894476c217b08543a1bcab9065a5602edddf3a26aed88fc11c9f6368bcc6cf01030120d6349379b76284f1e18bb13922b4c4e689667723b183ed1488015152d8424c910102000120af0462e8f9cd6c3e51f103709a7bfae08a8ca2c7753ac5b6166d757a88d92f69000120158882c12867873df8756c56eb5df7beb737cbe8e9a1826322c5d4d69f805ed3010200010201f8c8ec0b6cbedfdf3f0114c6d7ce5cf33775c01252beeebdaad6e18c417c350001f8c2d41a736cb7f73f0114c1e423ec114fe99e85346dd2867eab0c71e9afa100010000012045d2e1b5a27dc65af74a6dd48c000b757816ae06111587e21dc7421aed3a7af001f82aaebfe120a269040146304402203f9b84ec1ba543504ee8556ee7c80374b5c5ec36d7dd799237dc8337e61645750220bded919868354392998bb6bb6f4243aa0c733b776b812763f490d4fbed98fc190140ab577ea8f95e1b0baecdab03e52decbdd77fff7981ea2cedad8ebc14c0533a2eb8894476c217b08543a1bcab9065a5602edddf3a26aed88fc11c9f6368bcc6cf0101012092a2b2a8b6fd994d6139c43d08d639a8d476aebe71c98be0e55d8aaed3204de700010201f8c8ec0b6cbedfdf3f0114b0f797dcdf597108f42ee1461d14d8e43d85e9770001f867827e32080404400114c1e423ec114fe99e85346dd2867eab0c71e9afa1000100000120d3b9097274d50d77ca0a5e762ee540a9cd5287c902cf8b4f8019d080ba5f069001f82aaebfe21f7c9236014630440220f2e52f6c6df196895fce8f70c87d8d508d6c10d3a01e2bb96fa3fe148432bbbf02203564014ec53878e2716bce73ee9774db8ee101f699b7eb1dce60640b4acacb0d0140ab577ea8f95e1b0baecdab03e52decbdd77fff7981ea2cedad8ebc14c0533a2eb8894476c217b08543a1bcab9065a5602edddf3a26aed88fc11c9f6368bcc6cf0101012045d2e1b5a27dc65af74a6dd48c000b757816ae06111587e21dc7421aed3a7af0010200010201f8c8ec0b6cbedfdf3f0114032fa7c512a05fe5bd27da46e2d449feb37f121c0001f8ce04fd64100800400114c1e423ec114fe99e85346dd2867eab0c71e9afa1000100000120a357fffb0811b8d03febb348b0d2e809ecee3187cc0eadbb51942a8fcc33b73101f82aaebfe2d3ac9c3a014630440220d365ef5a68d7547383f5b583ae663b4146bd5775391004225d425541dae358810220a2e9514c4bb63b6d87c34ce42dd4c3b8a965f23dd1b6408f9bc44bb35c5b0eec0140ab577ea8f95e1b0baecdab03e52decbdd77fff7981ea2cedad8ebc14c0533a2eb8894476c217b08543a1bcab9065a5602edddf3a26aed88fc11c9f6368bcc6cf030106746573743a2a0143435245415445205441424c45207465737420286120494e54206175746f5f696e6372656d656e74205052494d415259204b45592c206220564152434841522832302929010f44524f50205441424c45207465737400000120e57f3a3f5428f2d80b514056e0f9045106378bfeaa780d947904fcc254b37ff201f82aaebfe3311798560146304402207c569cec931ea38432a263fd26f723dfe565feeb78889b1173066eeb8758bc5f02208e6044d0a25e94a9b8a1a8b9f073d3c32d159c6997fe575ce236e3df5a813a920140ab577ea8f95e1b0baecdab03e52decbdd77fff7981ea2cedad8ebc14c0533a2eb8894476c217b08543a1bcab9065a5602edddf3a26aed88fc11c9f6368bcc6cf030106746573743a310124494e5345525420494e544f20746573742053455420623d27726f7731272c20613d273127011c44454c4554452046524f4d207465737420574845524520613d273127000120a357fffb0811b8d03febb348b0d2e809ecee3187cc0eadbb51942a8fcc33b7310001203c70ee665fae373a62b53794c169fbe6c57e2b7ddfc6b7c47568d756939c220101f82aaebfe34b54cff80146304402202a1bb35efea10946133cd2d14d7d43e581a9ce89b860539311e254989d0f6a5c02205cf8ef5e3c3498081a5655bd0ef3e980c0b19af36ce95fd652033321d249c17f0140ab577ea8f95e1b0baecdab03e52decbdd77fff7981ea2cedad8ebc14c0533a2eb8894476c217b08543a1bcab9065a5602edddf3a26aed88fc11c9f6368bcc6cf030106746573743a320121494e5345525420494e544f20746573742053455420613d322c623d27726f773227011c44454c4554452046524f4d207465737420574845524520613d273227000120a357fffb0811b8d03febb348b0d2e809ecee3187cc0eadbb51942a8fcc33b73100012093fa26ba47ac2707a8cff041562dac70042dbc62bcc8b552d2dc449ecc8f3a4601f82aaebfe368c8b7fa0301020100010101fe24400114c1e423ec114fe99e85346dd2867eab0c71e9afa100010000012000008070497ec3996dea4fc4279e98cb73ffca3f80052fb140558068722cce2601200000a7b9f50016d6cd11cfd4390c48ee0b290dc1000b2206dbf364e1aa2599ec01fd03c9b6010c00'),('0000c093048972ddcebc8da2b0f7c8757d188dc401f4fb8c97e060038bbcfc81','63ff8103010105426c6f636b01ff82000106010954696d657374616d70010400010c5472616e73616374696f6e7301ff9000010d50726576426c6f636b48617368010a00010448617368010a0001054e6f6e63650104000106486569676874010400000027ff8f020101185b5d737472756374757265732e5472616e73616374696f6e01ff900001ff84000075ff830301010b5472616e73616374696f6e01ff8400010801024944010a00010454696d6501040001095369676e6174757265010a00010842795075624b6579010a00010356696e01ff88000104566f757401ff8c00010a53514c436f6d6d616e6401ff8e00010953514c426173655458010a0000002bff870201011c5b5d737472756374757265732e545843757272656e6379496e70757401ff880001ff8600002fff850301010f545843757272656e6379496e70757401ff86000102010454786964010a000104566f757401040000002dff8b0201011e5b5d737472756374757265732e54584375727272656e63794f757470757401ff8c0001ff8a000038ff890301011154584375727272656e63794f757470757401ff8a000102010556616c7565010800010a5075624b657948617368010a00000057ff8d0301010953514c55706461746501ff8e000104010b5265666572656e63654944010a0001055175657279010a00010d526f6c6c6261636b5175657279010a00010f507265765472616e73616374696f6e010a000000fe02d3ff8201fcb74b9fb8010301201f68ecda086e9c55f363099f6d29a7a3237b5123f87acae50fe2ab840d2f9a2c01f82aad41ef1987eedc01463044022073ecbb228f3ffd9d85a69af50a3d71fbed9dc8b1b3500cdabbe07d2d0b3d439d0220cd1a3961a02e8f9b138062c0e591061f3bed0be76ba78bf3c9eafe4e6ae09f9301400425ee20a14fdb8b046f15c4b7c630fd1562198f5abcabce4428a4242bef325d59ff343d5b8f7dc7f450b8eee6186b847bf290b5a480849f347fe746245fbdb801010120d80a15aa6549b91fbe0d75f73ddd2284a8efb1514e00d51edc61990813d3a545010200010201400114c1e423ec114fe99e85346dd2867eab0c71e9afa10001fe1c4001143ed325cf1210ee3bb1565fb6d0fd3036faf2892500010000012092a2b2a8b6fd994d6139c43d08d639a8d476aebe71c98be0e55d8aaed3204de701f82aad41ef22dd1300014630440220a3e13b987f6622f551dc714af06de8be7ed7697e96d8fa5255cedef659a76e200220892277ddfca42dcdd714f5d8a06b07354dfa88d9d6da3e5308bb754dc70f4a1601400425ee20a14fdb8b046f15c4b7c630fd1562198f5abcabce4428a4242bef325d59ff343d5b8f7dc7f450b8eee6186b847bf290b5a480849f347fe746245fbdb801010120bb47137431b2d5f78609f84f6ce979da8883e2de4b974ff1332ec28e7432b3d600010201fe08400114c1e423ec114fe99e85346dd2867eab0c71e9afa10001fe1c4001143ed325cf1210ee3bb1565fb6d0fd3036faf28925000100000120b3f1352ff3f9d8c0f387d0653b6021c504630bf09666f474b1e44bafaa2be07101f82aad41ef2c4d6c780301020100010101fe244001143ed325cf1210ee3bb1565fb6d0fd3036faf289250001000001200000271a5a8a0b8365662b154764401349e720d0422acd8db38e8c770415ffb901200000c093048972ddcebc8da2b0f7c8757d188dc401f4fb8c97e060038bbcfc8101fd01df08010400'),('66','00002c8aa7f87a8ae4c6aca52666c2afe5e1e7e1e39c2f05e16db6672fb1127c'),('6c','00002a19356c2330fc8e38ac129d9ba369f128a49d563be80e9215903405e49f');

/*!40000 ALTER TABLE blocks ENABLE KEYS */;
UNLOCK TABLES;

--
-- Table structure for table nodes
--

DROP TABLE IF EXISTS nodes;
/*!40101 SET @saved_cs_client     = @@character_set_client */;
/*!40101 SET character_set_client = utf8 */;
CREATE TABLE `nodes` (
  `k` varbinary(100) NOT NULL,
  `v` varbinary(200) DEFAULT NULL,
  PRIMARY KEY (`k`)
) ENGINE=InnoDB DEFAULT CHARSET=latin1;
/*!40101 SET character_set_client = @saved_cs_client */;
--
-- Dumping data for table nodes
--

LOCK TABLES nodes WRITE;
/*!40000 ALTER TABLE nodes DISABLE KEYS */;

INSERT INTO nodes VALUES ('3132372e302e302e313a3330303030','3132372e302e302e313a3330303030'),('3132372e302e302e313a3330303035','3132372e302e302e313a3330303035'),('6c6f63616c686f73743a3330303030','6c6f63616c686f73743a3330303030');

/*!40000 ALTER TABLE nodes ENABLE KEYS */;
UNLOCK TABLES;

--
-- Table structure for table rowstotransactions
--

DROP TABLE IF EXISTS rowstotransactions;
/*!40101 SET @saved_cs_client     = @@character_set_client */;
/*!40101 SET character_set_client = utf8 */;
CREATE TABLE `rowstotransactions` (
  `k` varbinary(100) NOT NULL,
  `v` varbinary(100) DEFAULT NULL,
  PRIMARY KEY (`k`)
) ENGINE=InnoDB DEFAULT CHARSET=latin1;
/*!40101 SET character_set_client = @saved_cs_client */;
--
-- Dumping data for table rowstotransactions
--

LOCK TABLES rowstotransactions WRITE;
/*!40000 ALTER TABLE rowstotransactions DISABLE KEYS */;

INSERT INTO rowstotransactions VALUES ('746573743a2a','a357fffb0811b8d03febb348b0d2e809ecee3187cc0eadbb51942a8fcc33b731'),('746573743a31','e57f3a3f5428f2d80b514056e0f9045106378bfeaa780d947904fcc254b37ff2'),('746573743a3130','5f2017e65dcff8503c3d1fbfc20f9f83231f00102817b4ba57161729206b7ed1'),('746573743a32','cb6f53ddde3bafc9cd55c3cbb4e3f57a02b848824fa53d57533371d0788b3f72'),('746573743a33','87ea728c5c45b52861130e68ffa32ab0b59dcfdc40fa2e290712ded3b9d7a7a0'),('746573743a34','c724dfdf6e275c15656b2443a59495d4b8c3b5c040e55290f3a9d501c20da5a0'),('746573743a37','bfcc1844e8832a96df940af9f85279cefdbed14aac7b322cc181b017a743e993'),('746573743a38','8ee4629385ce9446af79bafcbf80cc6fdffd14c01d3f57d78629dde80f9d44ba'),('746573743a39','9f435cb8b14eb9fc5884bf7563bf3c48b33b7c76e53017fd973928513e5ad126');

/*!40000 ALTER TABLE rowstotransactions ENABLE KEYS */;
UNLOCK TABLES;

--
-- Table structure for table test
--

DROP TABLE IF EXISTS test;
/*!40101 SET @saved_cs_client     = @@character_set_client */;
/*!40101 SET character_set_client = utf8 */;
CREATE TABLE `test` (
  `a` int(11) NOT NULL AUTO_INCREMENT,
  `b` varchar(20) DEFAULT NULL,
  PRIMARY KEY (`a`)
) ENGINE=InnoDB AUTO_INCREMENT=11 DEFAULT CHARSET=latin1;
/*!40101 SET character_set_client = @saved_cs_client */;
--
-- Dumping data for table test
--

LOCK TABLES test WRITE;
/*!40000 ALTER TABLE test DISABLE KEYS */;

INSERT INTO test VALUES ('1','row1'),('2','row2_updated'),('3','row3'),('4','row4_updated'),('7','row7'),('8','row8'),('9','row9'),('10','row10');

/*!40000 ALTER TABLE test ENABLE KEYS */;
UNLOCK TABLES;

--
-- Table structure for table transactions
--

DROP TABLE IF EXISTS transactions;
/*!40101 SET @saved_cs_client     = @@character_set_client */;
/*!40101 SET character_set_client = utf8 */;
CREATE TABLE `transactions` (
  `k` varbinary(100) NOT NULL,
  `v` blob,
  PRIMARY KEY (`k`)
) ENGINE=InnoDB DEFAULT CHARSET=latin1;
/*!40101 SET character_set_client = @saved_cs_client */;
--
-- Dumping data for table transactions
--

LOCK TABLES transactions WRITE;
/*!40000 ALTER TABLE transactions DISABLE KEYS */;

INSERT INTO transactions VALUES ('00cfbb6dbbe3158cfb129703b2d9fe7939b783ffe12ad2a8b561f757ee2d28f9','0cff9b020102ff9c00010a000025ff9c0001200000628960f0f268e769c16f761541e582dfb4c4683f49726017a28bd04807e1'),('029e6ff1b9689d3866ae372dc0aa5efd6e093ce82e971f652d89ce41604f9e05','0cff9b020102ff9c00010a000025ff9c0001200000628960f0f268e769c16f761541e582dfb4c4683f49726017a28bd04807e1'),('098c44d1ec5ad09fe4fee51239eab2d33e60283dab7eeaa09e2bff790df9d61c','0cff91020102ff9200010a000025ff92000120000009a6e803738984392515aeecceeb2753ac7773323aeeaea183991b887f24'),('158882c12867873df8756c56eb5df7beb737cbe8e9a1826322c5d4d69f805ed3','0cff91020102ff9200010a000025ff9200012000008070497ec3996dea4fc4279e98cb73ffca3f80052fb140558068722cce26'),('1baf5dfc4d3406f0df57d7d29be7ceb112bd1eb65650740088e70ccf393fdeed','0cff9b020102ff9c00010a000025ff9c0001200000628960f0f268e769c16f761541e582dfb4c4683f49726017a28bd04807e1'),('1f68ecda086e9c55f363099f6d29a7a3237b5123f87acae50fe2ab840d2f9a2c','0cff91020102ff9200010a000025ff920001200000c093048972ddcebc8da2b0f7c8757d188dc401f4fb8c97e060038bbcfc81'),('22cf046f6d18b33c2e51cb116571c791f8b1b6838ddedb622769ec711eeb1b42','0cff9b020102ff9c00010a000025ff9c0001200000a7b9f50016d6cd11cfd4390c48ee0b290dc1000b2206dbf364e1aa2599ec'),('2888cfbd81e0eb3a9e9c9f93d830026a58a00271a55fa42574e3eba5cffa2e99','0cff9b020102ff9c00010a000025ff9c0001200000628960f0f268e769c16f761541e582dfb4c4683f49726017a28bd04807e1'),('2d865d522404503ca4a78050661cacbad7140d952d49ffa880cab7a96a1a8888','0cff91020102ff9200010a000025ff9200012000001916f3ea31b470bbd26c78cb8a523898d4f0e19a551a405b0f1424dcbe28'),('3c70ee665fae373a62b53794c169fbe6c57e2b7ddfc6b7c47568d756939c2201','0cff9b020102ff9c00010a000025ff9c0001200000a7b9f50016d6cd11cfd4390c48ee0b290dc1000b2206dbf364e1aa2599ec'),('45d2e1b5a27dc65af74a6dd48c000b757816ae06111587e21dc7421aed3a7af0','0cff9b020102ff9c00010a000025ff9c0001200000a7b9f50016d6cd11cfd4390c48ee0b290dc1000b2206dbf364e1aa2599ec'),('45e56979d4de9387052741b6a84016829475ca6eb620f104584d852eeeae3b5c','0cff9b020102ff9c00010a000025ff9c00012000002a19356c2330fc8e38ac129d9ba369f128a49d563be80e9215903405e49f'),('509192f9ac0372a6a6b432503b6f52d068d89778c976a8dcdebba98db2cc3a79','0cff91020102ff9200010a000025ff9200012000001916f3ea31b470bbd26c78cb8a523898d4f0e19a551a405b0f1424dcbe28'),('5540cdcd72d0e2a1a238cca8a6f65ab403a128966ee6f2e042f3473c447ff6bd','0cff91020102ff9200010a000025ff92000120000009a6e803738984392515aeecceeb2753ac7773323aeeaea183991b887f24'),('563aefcefdfee58c85426e57d0b9112ee2229a44ac6579eff778c6dfafa0e275','0cff9b020102ff9c00010a000025ff9c00012000002a19356c2330fc8e38ac129d9ba369f128a49d563be80e9215903405e49f'),('56d6f562d6ea01528326ba09d8df6b8814922cfb2911abcf554d90bb18c8e69b','0cff91020102ff9200010a000025ff92000120000009a6e803738984392515aeecceeb2753ac7773323aeeaea183991b887f24'),('5f2017e65dcff8503c3d1fbfc20f9f83231f00102817b4ba57161729206b7ed1','0cff9b020102ff9c00010a000025ff9c00012000002a19356c2330fc8e38ac129d9ba369f128a49d563be80e9215903405e49f'),('5f768a018e248722efea776b0a346c4c0a37e365de560733a6c2ec3932f42581','0cff9b020102ff9c00010a000025ff9c0001200000628960f0f268e769c16f761541e582dfb4c4683f49726017a28bd04807e1'),('87ea728c5c45b52861130e68ffa32ab0b59dcfdc40fa2e290712ded3b9d7a7a0','0cff9b020102ff9c00010a000025ff9c0001200000628960f0f268e769c16f761541e582dfb4c4683f49726017a28bd04807e1'),('8edbc576e8f9fc2d48513c4ed8a1663cfdbf70351ae6c1882a9e18544f5a3b0c','0cff91020102ff9200010a000025ff9200012000008070497ec3996dea4fc4279e98cb73ffca3f80052fb140558068722cce26'),('8ee4629385ce9446af79bafcbf80cc6fdffd14c01d3f57d78629dde80f9d44ba','0cff9b020102ff9c00010a000025ff9c00012000002a19356c2330fc8e38ac129d9ba369f128a49d563be80e9215903405e49f'),('92a2b2a8b6fd994d6139c43d08d639a8d476aebe71c98be0e55d8aaed3204de7','0cff91020102ff9200010a000025ff920001200000c093048972ddcebc8da2b0f7c8757d188dc401f4fb8c97e060038bbcfc81'),('93fa26ba47ac2707a8cff041562dac70042dbc62bcc8b552d2dc449ecc8f3a46','0cff9b020102ff9c00010a000025ff9c0001200000a7b9f50016d6cd11cfd4390c48ee0b290dc1000b2206dbf364e1aa2599ec'),('9f435cb8b14eb9fc5884bf7563bf3c48b33b7c76e53017fd973928513e5ad126','0cff9b020102ff9c00010a000025ff9c00012000002a19356c2330fc8e38ac129d9ba369f128a49d563be80e9215903405e49f'),('a357fffb0811b8d03febb348b0d2e809ecee3187cc0eadbb51942a8fcc33b731','0cff9b020102ff9c00010a000025ff9c0001200000a7b9f50016d6cd11cfd4390c48ee0b290dc1000b2206dbf364e1aa2599ec'),('a448372de5f3ff0988eb563aabc38abb1a9db98fd94891a7389239812021c54e','0cff9b020102ff9c00010a000025ff9c00012000002a19356c2330fc8e38ac129d9ba369f128a49d563be80e9215903405e49f'),('aadd41032045d17ec58d6f0675c2dfe905e43e5966a57ed5c6897fc3a4fbc67b','0cff9b020102ff9c00010a000025ff9c00012000002a19356c2330fc8e38ac129d9ba369f128a49d563be80e9215903405e49f'),('af0462e8f9cd6c3e51f103709a7bfae08a8ca2c7753ac5b6166d757a88d92f69','0cff91020102ff9200010a000025ff9200012000008070497ec3996dea4fc4279e98cb73ffca3f80052fb140558068722cce26'),('b3f1352ff3f9d8c0f387d0653b6021c504630bf09666f474b1e44bafaa2be071','0cff91020102ff9200010a000025ff920001200000c093048972ddcebc8da2b0f7c8757d188dc401f4fb8c97e060038bbcfc81'),('b9eb0fb26db3863854a64a2c3f5fe5b26c0e218061b78ec7685ca8b19c4a33e6','0cff91020102ff9200010a000025ff9200012000008070497ec3996dea4fc4279e98cb73ffca3f80052fb140558068722cce26'),('bb47137431b2d5f78609f84f6ce979da8883e2de4b974ff1332ec28e7432b3d6','0cff91020102ff9200010a000025ff920001200000271a5a8a0b8365662b154764401349e720d0422acd8db38e8c770415ffb9'),('bfcc1844e8832a96df940af9f85279cefdbed14aac7b322cc181b017a743e993','0cff9b020102ff9c00010a000025ff9c00012000002a19356c2330fc8e38ac129d9ba369f128a49d563be80e9215903405e49f'),('c724dfdf6e275c15656b2443a59495d4b8c3b5c040e55290f3a9d501c20da5a0','0cff9b020102ff9c00010a000025ff9c0001200000628960f0f268e769c16f761541e582dfb4c4683f49726017a28bd04807e1'),('cb6f53ddde3bafc9cd55c3cbb4e3f57a02b848824fa53d57533371d0788b3f72','0cff9b020102ff9c00010a000025ff9c0001200000628960f0f268e769c16f761541e582dfb4c4683f49726017a28bd04807e1'),('d0db2978ac91f8c557ea02bffe5efc70cba46f5352b8706f5552a84a90072bd1','0cff91020102ff9200010a000025ff9200012000002c8aa7f87a8ae4c6aca52666c2afe5e1e7e1e39c2f05e16db6672fb1127c'),('d3b9097274d50d77ca0a5e762ee540a9cd5287c902cf8b4f8019d080ba5f0690','0cff9b020102ff9c00010a000025ff9c0001200000a7b9f50016d6cd11cfd4390c48ee0b290dc1000b2206dbf364e1aa2599ec'),('d6349379b76284f1e18bb13922b4c4e689667723b183ed1488015152d8424c91','0cff91020102ff9200010a000025ff9200012000008070497ec3996dea4fc4279e98cb73ffca3f80052fb140558068722cce26'),('d6ac70d7b9b2d01342704206a3d6b43e356c9af6310520ef24382d0bf18e5285','0cff91020102ff9200010a000025ff9200012000001916f3ea31b470bbd26c78cb8a523898d4f0e19a551a405b0f1424dcbe28'),('d7c1d1d1ed861dde6fb1f8d3b00637b1ff8f4a5e20fa7eb20b104efc04ea19cf','0cff91020102ff9200010a000025ff92000120000009a6e803738984392515aeecceeb2753ac7773323aeeaea183991b887f24'),('d80a15aa6549b91fbe0d75f73ddd2284a8efb1514e00d51edc61990813d3a545','0cff91020102ff9200010a000025ff920001200000271a5a8a0b8365662b154764401349e720d0422acd8db38e8c770415ffb9'),('d987b62f365a2dcab789741534437abef84ec79120438a2bbe11f2a082fce3c8','0cff91020102ff9200010a000025ff9200012000001916f3ea31b470bbd26c78cb8a523898d4f0e19a551a405b0f1424dcbe28'),('de74d25e0361448c07430337a3ec4a4f71633d31859e068440215ecf9d47f641','0cff9b020102ff9c00010a000025ff9c00012000002a19356c2330fc8e38ac129d9ba369f128a49d563be80e9215903405e49f'),('e57f3a3f5428f2d80b514056e0f9045106378bfeaa780d947904fcc254b37ff2','0cff9b020102ff9c00010a000025ff9c0001200000a7b9f50016d6cd11cfd4390c48ee0b290dc1000b2206dbf364e1aa2599ec'),('fc52dbbfb331073410ec74bb1ab30b308d198b4b449a047cf1fbb76798a75784','0cff91020102ff9200010a000025ff9200012000001916f3ea31b470bbd26c78cb8a523898d4f0e19a551a405b0f1424dcbe28'),('ff15e84416d7b790cb1d97c43abbdd05e4400fbaadebb19535a1ad442c7a4d7f','0cff91020102ff9200010a000025ff9200012000008070497ec3996dea4fc4279e98cb73ffca3f80052fb140558068722cce26');

/*!40000 ALTER TABLE transactions ENABLE KEYS */;
UNLOCK TABLES;

--
-- Table structure for table transactionsoutputs
--

DROP TABLE IF EXISTS transactionsoutputs;
/*!40101 SET @saved_cs_client     = @@character_set_client */;
/*!40101 SET character_set_client = utf8 */;
CREATE TABLE `transactionsoutputs` (
  `k` varbinary(100) NOT NULL,
  `v` blob,
  PRIMARY KEY (`k`)
) ENGINE=InnoDB DEFAULT CHARSET=latin1;
/*!40101 SET character_set_client = @saved_cs_client */;
--
-- Dumping data for table transactionsoutputs
--

LOCK TABLES transactionsoutputs WRITE;
/*!40000 ALTER TABLE transactionsoutputs DISABLE KEYS */;

INSERT INTO transactionsoutputs VALUES ('00cfbb6dbbe3158cfb129703b2d9fe7939b783ffe12ad2a8b561f757ee2d28f9','0dff9f020102ffa00001ff9e00005eff9d0301011d5472616e73616374696f6e73496e6465785370656e744f75747075747301ff9e00010401064f7574496e64010400010b5458576865726555736564010a000105496e496e640104000109426c6f636b48617368010a0000004bffa0000101020120de74d25e0361448c07430337a3ec4a4f71633d31859e068440215ecf9d47f641022000002a19356c2330fc8e38ac129d9ba369f128a49d563be80e9215903405e49f00'),('029e6ff1b9689d3866ae372dc0aa5efd6e093ce82e971f652d89ce41604f9e05','0dff9f020102ffa00001ff9e00005eff9d0301011d5472616e73616374696f6e73496e6465785370656e744f75747075747301ff9e00010401064f7574496e64010400010b5458576865726555736564010a000105496e496e640104000109426c6f636b48617368010a00000049ffa000010220563aefcefdfee58c85426e57d0b9112ee2229a44ac6579eff778c6dfafa0e275022000002a19356c2330fc8e38ac129d9ba369f128a49d563be80e9215903405e49f00'),('098c44d1ec5ad09fe4fee51239eab2d33e60283dab7eeaa09e2bff790df9d61c','0dff99020102ff9a0001ff9800005eff970301011d5472616e73616374696f6e73496e6465785370656e744f75747075747301ff9800010401064f7574496e64010400010b5458576865726555736564010a000105496e496e640104000109426c6f636b48617368010a000000ff90ff9a00020220d6ac70d7b9b2d01342704206a3d6b43e356c9af6310520ef24382d0bf18e5285022000001916f3ea31b470bbd26c78cb8a523898d4f0e19a551a405b0f1424dcbe280001020120509192f9ac0372a6a6b432503b6f52d068d89778c976a8dcdebba98db2cc3a79022000001916f3ea31b470bbd26c78cb8a523898d4f0e19a551a405b0f1424dcbe2800'),('158882c12867873df8756c56eb5df7beb737cbe8e9a1826322c5d4d69f805ed3','0dff9f020102ffa00001ff9e00005eff9d0301011d5472616e73616374696f6e73496e6465785370656e744f75747075747301ff9e00010401064f7574496e64010400010b5458576865726555736564010a000105496e496e640104000109426c6f636b48617368010a0000004dffa000010102012022cf046f6d18b33c2e51cb116571c791f8b1b6838ddedb622769ec711eeb1b42010401200000a7b9f50016d6cd11cfd4390c48ee0b290dc1000b2206dbf364e1aa2599ec00'),('1baf5dfc4d3406f0df57d7d29be7ceb112bd1eb65650740088e70ccf393fdeed','0dff9f020102ffa00001ff9e00005eff9d0301011d5472616e73616374696f6e73496e6465785370656e744f75747075747301ff9e00010401064f7574496e64010400010b5458576865726555736564010a000105496e496e640104000109426c6f636b48617368010a0000004bffa0000101020120a448372de5f3ff0988eb563aabc38abb1a9db98fd94891a7389239812021c54e022000002a19356c2330fc8e38ac129d9ba369f128a49d563be80e9215903405e49f00'),('1f68ecda086e9c55f363099f6d29a7a3237b5123f87acae50fe2ab840d2f9a2c','0dff99020102ff9a0001ff9800005eff970301011d5472616e73616374696f6e73496e6465785370656e744f75747075747301ff9800010401064f7574496e64010400010b5458576865726555736564010a000105496e496e640104000109426c6f636b48617368010a000000ff90ff9a0002010201205540cdcd72d0e2a1a238cca8a6f65ab403a128966ee6f2e042f3473c447ff6bd0220000009a6e803738984392515aeecceeb2753ac7773323aeeaea183991b887f24000220098c44d1ec5ad09fe4fee51239eab2d33e60283dab7eeaa09e2bff790df9d61c0220000009a6e803738984392515aeecceeb2753ac7773323aeeaea183991b887f2400'),('22cf046f6d18b33c2e51cb116571c791f8b1b6838ddedb622769ec711eeb1b42','0dff9f020102ffa00001ff9e00005eff9d0301011d5472616e73616374696f6e73496e6465785370656e744f75747075747301ff9e00010401064f7574496e64010400010b5458576865726555736564010a000105496e496e640104000109426c6f636b48617368010a0000004bffa00001010201201baf5dfc4d3406f0df57d7d29be7ceb112bd1eb65650740088e70ccf393fdeed02200000628960f0f268e769c16f761541e582dfb4c4683f49726017a28bd04807e100'),('2d865d522404503ca4a78050661cacbad7140d952d49ffa880cab7a96a1a8888','0dff99020102ff9a0001ff9800005eff970301011d5472616e73616374696f6e73496e6465785370656e744f75747075747301ff9800010401064f7574496e64010400010b5458576865726555736564010a000105496e496e640104000109426c6f636b48617368010a000000ff92ff9a000201020120af0462e8f9cd6c3e51f103709a7bfae08a8ca2c7753ac5b6166d757a88d92f69022000008070497ec3996dea4fc4279e98cb73ffca3f80052fb140558068722cce26000220d6349379b76284f1e18bb13922b4c4e689667723b183ed1488015152d8424c910102012000008070497ec3996dea4fc4279e98cb73ffca3f80052fb140558068722cce2600'),('45d2e1b5a27dc65af74a6dd48c000b757816ae06111587e21dc7421aed3a7af0','0dff9f020102ffa00001ff9e00005eff9d0301011d5472616e73616374696f6e73496e6465785370656e744f75747075747301ff9e00010401064f7574496e64010400010b5458576865726555736564010a000105496e496e640104000109426c6f636b48617368010a0000004bffa0000101020120d3b9097274d50d77ca0a5e762ee540a9cd5287c902cf8b4f8019d080ba5f069002200000a7b9f50016d6cd11cfd4390c48ee0b290dc1000b2206dbf364e1aa2599ec00'),('509192f9ac0372a6a6b432503b6f52d068d89778c976a8dcdebba98db2cc3a79','0dff99020102ff9a0001ff9800005eff970301011d5472616e73616374696f6e73496e6465785370656e744f75747075747301ff9800010401064f7574496e64010400010b5458576865726555736564010a000105496e496e640104000109426c6f636b48617368010a000000ff90ff9a000201020120158882c12867873df8756c56eb5df7beb737cbe8e9a1826322c5d4d69f805ed3022000008070497ec3996dea4fc4279e98cb73ffca3f80052fb140558068722cce26000220b9eb0fb26db3863854a64a2c3f5fe5b26c0e218061b78ec7685ca8b19c4a33e6022000008070497ec3996dea4fc4279e98cb73ffca3f80052fb140558068722cce2600'),('5540cdcd72d0e2a1a238cca8a6f65ab403a128966ee6f2e042f3473c447ff6bd','0dff99020102ff9a0001ff9800005eff970301011d5472616e73616374696f6e73496e6465785370656e744f75747075747301ff9800010401064f7574496e64010400010b5458576865726555736564010a000105496e496e640104000109426c6f636b48617368010a00000049ff9a000102202d865d522404503ca4a78050661cacbad7140d952d49ffa880cab7a96a1a8888022000001916f3ea31b470bbd26c78cb8a523898d4f0e19a551a405b0f1424dcbe2800'),('56d6f562d6ea01528326ba09d8df6b8814922cfb2911abcf554d90bb18c8e69b','0dff99020102ff9a0001ff9800005eff970301011d5472616e73616374696f6e73496e6465785370656e744f75747075747301ff9800010401064f7574496e64010400010b5458576865726555736564010a000105496e496e640104000109426c6f636b48617368010a00000049ff9a00010220d987b62f365a2dcab789741534437abef84ec79120438a2bbe11f2a082fce3c8022000001916f3ea31b470bbd26c78cb8a523898d4f0e19a551a405b0f1424dcbe2800'),('5f768a018e248722efea776b0a346c4c0a37e365de560733a6c2ec3932f42581','0dff9f020102ffa00001ff9e00005eff9d0301011d5472616e73616374696f6e73496e6465785370656e744f75747075747301ff9e00010401064f7574496e64010400010b5458576865726555736564010a000105496e496e640104000109426c6f636b48617368010a0000004bffa000010102012045e56979d4de9387052741b6a84016829475ca6eb620f104584d852eeeae3b5c022000002a19356c2330fc8e38ac129d9ba369f128a49d563be80e9215903405e49f00'),('92a2b2a8b6fd994d6139c43d08d639a8d476aebe71c98be0e55d8aaed3204de7','0dff9f020102ffa00001ff9e00005eff9d0301011d5472616e73616374696f6e73496e6465785370656e744f75747075747301ff9e00010401064f7574496e64010400010b5458576865726555736564010a000105496e496e640104000109426c6f636b48617368010a00000049ffa00001022045d2e1b5a27dc65af74a6dd48c000b757816ae06111587e21dc7421aed3a7af002200000a7b9f50016d6cd11cfd4390c48ee0b290dc1000b2206dbf364e1aa2599ec00'),('93fa26ba47ac2707a8cff041562dac70042dbc62bcc8b552d2dc449ecc8f3a46','0dff9f020102ffa00001ff9e00005eff9d0301011d5472616e73616374696f6e73496e6465785370656e744f75747075747301ff9e00010401064f7574496e64010400010b5458576865726555736564010a000105496e496e640104000109426c6f636b48617368010a00000049ffa00001022000cfbb6dbbe3158cfb129703b2d9fe7939b783ffe12ad2a8b561f757ee2d28f902200000628960f0f268e769c16f761541e582dfb4c4683f49726017a28bd04807e100'),('af0462e8f9cd6c3e51f103709a7bfae08a8ca2c7753ac5b6166d757a88d92f69','0dff9f020102ffa00001ff9e00005eff9d0301011d5472616e73616374696f6e73496e6465785370656e744f75747075747301ff9e00010401064f7574496e64010400010b5458576865726555736564010a000105496e496e640104000109426c6f636b48617368010a0000004bffa00001022022cf046f6d18b33c2e51cb116571c791f8b1b6838ddedb622769ec711eeb1b42010201200000a7b9f50016d6cd11cfd4390c48ee0b290dc1000b2206dbf364e1aa2599ec00'),('bb47137431b2d5f78609f84f6ce979da8883e2de4b974ff1332ec28e7432b3d6','0dff99020102ff9a0001ff9800005eff970301011d5472616e73616374696f6e73496e6465785370656e744f75747075747301ff9800010401064f7574496e64010400010b5458576865726555736564010a000105496e496e640104000109426c6f636b48617368010a00000049ff9a0001022092a2b2a8b6fd994d6139c43d08d639a8d476aebe71c98be0e55d8aaed3204de702200000c093048972ddcebc8da2b0f7c8757d188dc401f4fb8c97e060038bbcfc8100'),('d0db2978ac91f8c557ea02bffe5efc70cba46f5352b8706f5552a84a90072bd1','0dff99020102ff9a0001ff9800005eff970301011d5472616e73616374696f6e73496e6465785370656e744f75747075747301ff9800010401064f7574496e64010400010b5458576865726555736564010a000105496e496e640104000109426c6f636b48617368010a00000049ff9a00010220d80a15aa6549b91fbe0d75f73ddd2284a8efb1514e00d51edc61990813d3a54502200000271a5a8a0b8365662b154764401349e720d0422acd8db38e8c770415ffb900'),('d3b9097274d50d77ca0a5e762ee540a9cd5287c902cf8b4f8019d080ba5f0690','0dff9f020102ffa00001ff9e00005eff9d0301011d5472616e73616374696f6e73496e6465785370656e744f75747075747301ff9e00010401064f7574496e64010400010b5458576865726555736564010a000105496e496e640104000109426c6f636b48617368010a0000004bffa00001010201205f768a018e248722efea776b0a346c4c0a37e365de560733a6c2ec3932f4258102200000628960f0f268e769c16f761541e582dfb4c4683f49726017a28bd04807e100'),('d6349379b76284f1e18bb13922b4c4e689667723b183ed1488015152d8424c91','0dff9f020102ffa00001ff9e00005eff9d0301011d5472616e73616374696f6e73496e6465785370656e744f75747075747301ff9e00010401064f7574496e64010400010b5458576865726555736564010a000105496e496e640104000109426c6f636b48617368010a0000004bffa000010102012022cf046f6d18b33c2e51cb116571c791f8b1b6838ddedb622769ec711eeb1b4202200000a7b9f50016d6cd11cfd4390c48ee0b290dc1000b2206dbf364e1aa2599ec00'),('d6ac70d7b9b2d01342704206a3d6b43e356c9af6310520ef24382d0bf18e5285','0dff99020102ff9a0001ff9800005eff970301011d5472616e73616374696f6e73496e6465785370656e744f75747075747301ff9800010401064f7574496e64010400010b5458576865726555736564010a000105496e496e640104000109426c6f636b48617368010a000000ff92ff9a000201020120ff15e84416d7b790cb1d97c43abbdd05e4400fbaadebb19535a1ad442c7a4d7f022000008070497ec3996dea4fc4279e98cb73ffca3f80052fb140558068722cce26000220af0462e8f9cd6c3e51f103709a7bfae08a8ca2c7753ac5b6166d757a88d92f690102012000008070497ec3996dea4fc4279e98cb73ffca3f80052fb140558068722cce2600'),('d80a15aa6549b91fbe0d75f73ddd2284a8efb1514e00d51edc61990813d3a545','0dff99020102ff9a0001ff9800005eff970301011d5472616e73616374696f6e73496e6465785370656e744f75747075747301ff9800010401064f7574496e64010400010b5458576865726555736564010a000105496e496e640104000109426c6f636b48617368010a000000ff90ff9a0002010201201f68ecda086e9c55f363099f6d29a7a3237b5123f87acae50fe2ab840d2f9a2c02200000c093048972ddcebc8da2b0f7c8757d188dc401f4fb8c97e060038bbcfc8100022056d6f562d6ea01528326ba09d8df6b8814922cfb2911abcf554d90bb18c8e69b0220000009a6e803738984392515aeecceeb2753ac7773323aeeaea183991b887f2400'),('d987b62f365a2dcab789741534437abef84ec79120438a2bbe11f2a082fce3c8','0dff99020102ff9a0001ff9800005eff970301011d5472616e73616374696f6e73496e6465785370656e744f75747075747301ff9800010401064f7574496e64010400010b5458576865726555736564010a000105496e496e640104000109426c6f636b48617368010a000000ff92ff9a00020220ff15e84416d7b790cb1d97c43abbdd05e4400fbaadebb19535a1ad442c7a4d7f0102012000008070497ec3996dea4fc4279e98cb73ffca3f80052fb140558068722cce260001020120d6349379b76284f1e18bb13922b4c4e689667723b183ed1488015152d8424c91022000008070497ec3996dea4fc4279e98cb73ffca3f80052fb140558068722cce2600');

/*!40000 ALTER TABLE transactionsoutputs ENABLE KEYS */;
UNLOCK TABLES;

--
-- Table structure for table unapprovedtransactions
--

DROP TABLE IF EXISTS unapprovedtransactions;
/*!40101 SET @saved_cs_client     = @@character_set_client */;
/*!40101 SET character_set_client = utf8 */;
CREATE TABLE `unapprovedtransactions` (
  `k` varbinary(100) NOT NULL,
  `v` longblob,
  PRIMARY KEY (`k`)
) ENGINE=InnoDB DEFAULT CHARSET=latin1;
/*!40101 SET character_set_client = @saved_cs_client */;
--
-- Dumping data for table unapprovedtransactions
--

LOCK TABLES unapprovedtransactions WRITE;
/*!40000 ALTER TABLE unapprovedtransactions DISABLE KEYS */;

/*!40000 ALTER TABLE unapprovedtransactions ENABLE KEYS */;
UNLOCK TABLES;

--
-- Table structure for table unspentoutputstransactions
--

DROP TABLE IF EXISTS unspentoutputstransactions;
/*!40101 SET @saved_cs_client     = @@character_set_client */;
/*!40101 SET character_set_client = utf8 */;
CREATE TABLE `unspentoutputstransactions` (
  `k` varbinary(100) NOT NULL,
  `v` longblob,
  PRIMARY KEY (`k`)
) ENGINE=InnoDB DEFAULT CHARSET=latin1;
/*!40101 SET character_set_client = @saved_cs_client */;
--
-- Dumping data for table unspentoutputstransactions
--

LOCK TABLES unspentoutputstransactions WRITE;
/*!40000 ALTER TABLE unspentoutputstransactions DISABLE KEYS */;

INSERT INTO unspentoutputstransactions VALUES ('00cfbb6dbbe3158cfb129703b2d9fe7939b783ffe12ad2a8b561f757ee2d28f9','0dffa3020102ffa40001ffa200007effa10301011354584f7574707574496e646570656e64656e7401ffa2000107010556616c7565010800010e446573745075624b657948617368010a00010e53656e645075624b657948617368010a00010454584944010a0001064f496e64657801040001064973426173650102000109426c6f636b48617368010a0000007fffa4000101f859eef583f493e53f0114387c48296efef82f1b15381f6f1bb9bd6e8a43440114c1e423ec114fe99e85346dd2867eab0c71e9afa1012000cfbb6dbbe3158cfb129703b2d9fe7939b783ffe12ad2a8b561f757ee2d28f903200000628960f0f268e769c16f761541e582dfb4c4683f49726017a28bd04807e100'),('158882c12867873df8756c56eb5df7beb737cbe8e9a1826322c5d4d69f805ed3','0dffa3020102ffa40001ffa200007effa10301011354584f7574707574496e646570656e64656e7401ffa2000107010556616c7565010800010e446573745075624b657948617368010a00010e53656e645075624b657948617368010a00010454584944010a0001064f496e64657801040001064973426173650102000109426c6f636b48617368010a0000007fffa4000101f8dac812290f03843f01143ed325cf1210ee3bb1565fb6d0fd3036faf289250114c1e423ec114fe99e85346dd2867eab0c71e9afa10120158882c12867873df8756c56eb5df7beb737cbe8e9a1826322c5d4d69f805ed3032000008070497ec3996dea4fc4279e98cb73ffca3f80052fb140558068722cce2600'),('1baf5dfc4d3406f0df57d7d29be7ceb112bd1eb65650740088e70ccf393fdeed','0dffa3020102ffa40001ffa200007effa10301011354584f7574707574496e646570656e64656e7401ffa2000107010556616c7565010800010e446573745075624b657948617368010a00010e53656e645075624b657948617368010a00010454584944010a0001064f496e64657801040001064973426173650102000109426c6f636b48617368010a0000007fffa4000101f859eef583f493e53f0114387c48296efef82f1b15381f6f1bb9bd6e8a43440114c1e423ec114fe99e85346dd2867eab0c71e9afa101201baf5dfc4d3406f0df57d7d29be7ceb112bd1eb65650740088e70ccf393fdeed03200000628960f0f268e769c16f761541e582dfb4c4683f49726017a28bd04807e100'),('22cf046f6d18b33c2e51cb116571c791f8b1b6838ddedb622769ec711eeb1b42','0dffa3020102ffa40001ffa200007effa10301011354584f7574707574496e646570656e64656e7401ffa2000107010556616c7565010800010e446573745075624b657948617368010a00010e53656e645075624b657948617368010a00010454584944010a0001064f496e64657801040001064973426173650102000109426c6f636b48617368010a0000007fffa4000101f8c8ec0b6cbedfdf3f0114c6d7ce5cf33775c01252beeebdaad6e18c417c350114c1e423ec114fe99e85346dd2867eab0c71e9afa1012022cf046f6d18b33c2e51cb116571c791f8b1b6838ddedb622769ec711eeb1b4203200000a7b9f50016d6cd11cfd4390c48ee0b290dc1000b2206dbf364e1aa2599ec00'),('2888cfbd81e0eb3a9e9c9f93d830026a58a00271a55fa42574e3eba5cffa2e99','0dffa3020102ffa40001ffa200007effa10301011354584f7574707574496e646570656e64656e7401ffa2000107010556616c7565010800010e446573745075624b657948617368010a00010e53656e645075624b657948617368010a00010454584944010a0001064f496e64657801040001064973426173650102000109426c6f636b48617368010a00000004ffa40000'),('3c70ee665fae373a62b53794c169fbe6c57e2b7ddfc6b7c47568d756939c2201','0dffa3020102ffa40001ffa200007effa10301011354584f7574707574496e646570656e64656e7401ffa2000107010556616c7565010800010e446573745075624b657948617368010a00010e53656e645075624b657948617368010a00010454584944010a0001064f496e64657801040001064973426173650102000109426c6f636b48617368010a00000004ffa40000'),('45d2e1b5a27dc65af74a6dd48c000b757816ae06111587e21dc7421aed3a7af0','0dffa3020102ffa40001ffa200007effa10301011354584f7574707574496e646570656e64656e7401ffa2000107010556616c7565010800010e446573745075624b657948617368010a00010e53656e645075624b657948617368010a00010454584944010a0001064f496e64657801040001064973426173650102000109426c6f636b48617368010a0000007fffa4000101f8c8ec0b6cbedfdf3f0114b0f797dcdf597108f42ee1461d14d8e43d85e9770114c1e423ec114fe99e85346dd2867eab0c71e9afa1012045d2e1b5a27dc65af74a6dd48c000b757816ae06111587e21dc7421aed3a7af003200000a7b9f50016d6cd11cfd4390c48ee0b290dc1000b2206dbf364e1aa2599ec00'),('45e56979d4de9387052741b6a84016829475ca6eb620f104584d852eeeae3b5c','0dffa3020102ffa40001ffa200007effa10301011354584f7574707574496e646570656e64656e7401ffa2000107010556616c7565010800010e446573745075624b657948617368010a00010e53656e645075624b657948617368010a00010454584944010a0001064f496e64657801040001064973426173650102000109426c6f636b48617368010a000000fffcffa4000201f859eef583f493e53f011480e23bd80c90ad8e1e2b2e84ebc6668478ef77950114c1e423ec114fe99e85346dd2867eab0c71e9afa1012045e56979d4de9387052741b6a84016829475ca6eb620f104584d852eeeae3b5c032000002a19356c2330fc8e38ac129d9ba369f128a49d563be80e9215903405e49f0001f88736088c58f8e43f0114c1e423ec114fe99e85346dd2867eab0c71e9afa10114c1e423ec114fe99e85346dd2867eab0c71e9afa1012045e56979d4de9387052741b6a84016829475ca6eb620f104584d852eeeae3b5c0102022000002a19356c2330fc8e38ac129d9ba369f128a49d563be80e9215903405e49f00'),('5540cdcd72d0e2a1a238cca8a6f65ab403a128966ee6f2e042f3473c447ff6bd','0dff95020102ff960001ff9400007eff930301011354584f7574707574496e646570656e64656e7401ff94000107010556616c7565010800010e446573745075624b657948617368010a00010e53656e645075624b657948617368010a00010454584944010a0001064f496e64657801040001064973426173650102000109426c6f636b48617368010a000000ff81ff96000101f8f6285c8fc2f51b4001143ed325cf1210ee3bb1565fb6d0fd3036faf2892501143ed325cf1210ee3bb1565fb6d0fd3036faf2892501205540cdcd72d0e2a1a238cca8a6f65ab403a128966ee6f2e042f3473c447ff6bd01020220000009a6e803738984392515aeecceeb2753ac7773323aeeaea183991b887f2400'),('563aefcefdfee58c85426e57d0b9112ee2229a44ac6579eff778c6dfafa0e275','0dffa3020102ffa40001ffa200007effa10301011354584f7574707574496e646570656e64656e7401ffa2000107010556616c7565010800010e446573745075624b657948617368010a00010e53656e645075624b657948617368010a00010454584944010a0001064f496e64657801040001064973426173650102000109426c6f636b48617368010a000000fffcffa4000201f859eef583f493e53f011480e23bd80c90ad8e1e2b2e84ebc6668478ef77950114c1e423ec114fe99e85346dd2867eab0c71e9afa10120563aefcefdfee58c85426e57d0b9112ee2229a44ac6579eff778c6dfafa0e275032000002a19356c2330fc8e38ac129d9ba369f128a49d563be80e9215903405e49f0001f81aa1c0b7c0a622400114c1e423ec114fe99e85346dd2867eab0c71e9afa10114c1e423ec114fe99e85346dd2867eab0c71e9afa10120563aefcefdfee58c85426e57d0b9112ee2229a44ac6579eff778c6dfafa0e2750102022000002a19356c2330fc8e38ac129d9ba369f128a49d563be80e9215903405e49f00'),('56d6f562d6ea01528326ba09d8df6b8814922cfb2911abcf554d90bb18c8e69b','0dff95020102ff960001ff9400007eff930301011354584f7574707574496e646570656e64656e7401ff94000107010556616c7565010800010e446573745075624b657948617368010a00010e53656e645075624b657948617368010a00010454584944010a0001064f496e64657801040001064973426173650102000109426c6f636b48617368010a000000ff81ff96000101f8ae47e17a14aeef3f0114a50eb1fd89981ba8e0da1dda03c9beba1234ca7f0114a50eb1fd89981ba8e0da1dda03c9beba1234ca7f012056d6f562d6ea01528326ba09d8df6b8814922cfb2911abcf554d90bb18c8e69b01020220000009a6e803738984392515aeecceeb2753ac7773323aeeaea183991b887f2400'),('5f2017e65dcff8503c3d1fbfc20f9f83231f00102817b4ba57161729206b7ed1','0dffa3020102ffa40001ffa200007effa10301011354584f7574707574496e646570656e64656e7401ffa2000107010556616c7565010800010e446573745075624b657948617368010a00010e53656e645075624b657948617368010a00010454584944010a0001064f496e64657801040001064973426173650102000109426c6f636b48617368010a00000004ffa40000'),('5f768a018e248722efea776b0a346c4c0a37e365de560733a6c2ec3932f42581','0dffa3020102ffa40001ffa200007effa10301011354584f7574707574496e646570656e64656e7401ffa2000107010556616c7565010800010e446573745075624b657948617368010a00010e53656e645075624b657948617368010a00010454584944010a0001064f496e64657801040001064973426173650102000109426c6f636b48617368010a0000007fffa4000101f859eef583f493e53f0114387c48296efef82f1b15381f6f1bb9bd6e8a43440114c1e423ec114fe99e85346dd2867eab0c71e9afa101205f768a018e248722efea776b0a346c4c0a37e365de560733a6c2ec3932f4258103200000628960f0f268e769c16f761541e582dfb4c4683f49726017a28bd04807e100'),('87ea728c5c45b52861130e68ffa32ab0b59dcfdc40fa2e290712ded3b9d7a7a0','0dffa3020102ffa40001ffa200007effa10301011354584f7574707574496e646570656e64656e7401ffa2000107010556616c7565010800010e446573745075624b657948617368010a00010e53656e645075624b657948617368010a00010454584944010a0001064f496e64657801040001064973426173650102000109426c6f636b48617368010a00000004ffa40000'),('8edbc576e8f9fc2d48513c4ed8a1663cfdbf70351ae6c1882a9e18544f5a3b0c','0dff95020102ff960001ff9400007eff930301011354584f7574707574496e646570656e64656e7401ff94000107010556616c7565010800010e446573745075624b657948617368010a00010e53656e645075624b657948617368010a00010454584944010a0001064f496e64657801040001064973426173650102000109426c6f636b48617368010a00000065ff96000101fe244001143ed325cf1210ee3bb1565fb6d0fd3036faf2892502208edbc576e8f9fc2d48513c4ed8a1663cfdbf70351ae6c1882a9e18544f5a3b0c0201012000008070497ec3996dea4fc4279e98cb73ffca3f80052fb140558068722cce2600'),('8ee4629385ce9446af79bafcbf80cc6fdffd14c01d3f57d78629dde80f9d44ba','0dffa3020102ffa40001ffa200007effa10301011354584f7574707574496e646570656e64656e7401ffa2000107010556616c7565010800010e446573745075624b657948617368010a00010e53656e645075624b657948617368010a00010454584944010a0001064f496e64657801040001064973426173650102000109426c6f636b48617368010a00000004ffa40000'),('92a2b2a8b6fd994d6139c43d08d639a8d476aebe71c98be0e55d8aaed3204de7','0dffa3020102ffa40001ffa200007effa10301011354584f7574707574496e646570656e64656e7401ffa2000107010556616c7565010800010e446573745075624b657948617368010a00010e53656e645075624b657948617368010a00010454584944010a0001064f496e64657801040001064973426173650102000109426c6f636b48617368010a0000007bffa4000101fe1c4001143ed325cf1210ee3bb1565fb6d0fd3036faf2892501143ed325cf1210ee3bb1565fb6d0fd3036faf28925012092a2b2a8b6fd994d6139c43d08d639a8d476aebe71c98be0e55d8aaed3204de7010202200000c093048972ddcebc8da2b0f7c8757d188dc401f4fb8c97e060038bbcfc8100'),('9f435cb8b14eb9fc5884bf7563bf3c48b33b7c76e53017fd973928513e5ad126','0dffa3020102ffa40001ffa200007effa10301011354584f7574707574496e646570656e64656e7401ffa2000107010556616c7565010800010e446573745075624b657948617368010a00010e53656e645075624b657948617368010a00010454584944010a0001064f496e64657801040001064973426173650102000109426c6f636b48617368010a00000004ffa40000'),('a357fffb0811b8d03febb348b0d2e809ecee3187cc0eadbb51942a8fcc33b731','0dffa3020102ffa40001ffa200007effa10301011354584f7574707574496e646570656e64656e7401ffa2000107010556616c7565010800010e446573745075624b657948617368010a00010e53656e645075624b657948617368010a00010454584944010a0001064f496e64657801040001064973426173650102000109426c6f636b48617368010a00000004ffa40000'),('a448372de5f3ff0988eb563aabc38abb1a9db98fd94891a7389239812021c54e','0dffa3020102ffa40001ffa200007effa10301011354584f7574707574496e646570656e64656e7401ffa2000107010556616c7565010800010e446573745075624b657948617368010a00010e53656e645075624b657948617368010a00010454584944010a0001064f496e64657801040001064973426173650102000109426c6f636b48617368010a000000fffcffa4000201f859eef583f493e53f011480e23bd80c90ad8e1e2b2e84ebc6668478ef77950114c1e423ec114fe99e85346dd2867eab0c71e9afa10120a448372de5f3ff0988eb563aabc38abb1a9db98fd94891a7389239812021c54e032000002a19356c2330fc8e38ac129d9ba369f128a49d563be80e9215903405e49f0001f848332779bf1bc13f0114c1e423ec114fe99e85346dd2867eab0c71e9afa10114c1e423ec114fe99e85346dd2867eab0c71e9afa10120a448372de5f3ff0988eb563aabc38abb1a9db98fd94891a7389239812021c54e0102022000002a19356c2330fc8e38ac129d9ba369f128a49d563be80e9215903405e49f00'),('aadd41032045d17ec58d6f0675c2dfe905e43e5966a57ed5c6897fc3a4fbc67b','0dffa3020102ffa40001ffa200007effa10301011354584f7574707574496e646570656e64656e7401ffa2000107010556616c7565010800010e446573745075624b657948617368010a00010e53656e645075624b657948617368010a00010454584944010a0001064f496e64657801040001064973426173650102000109426c6f636b48617368010a00000065ffa4000101fe24400114c1e423ec114fe99e85346dd2867eab0c71e9afa10220aadd41032045d17ec58d6f0675c2dfe905e43e5966a57ed5c6897fc3a4fbc67b0201012000002a19356c2330fc8e38ac129d9ba369f128a49d563be80e9215903405e49f00'),('af0462e8f9cd6c3e51f103709a7bfae08a8ca2c7753ac5b6166d757a88d92f69','0dffa3020102ffa40001ffa200007effa10301011354584f7574707574496e646570656e64656e7401ffa2000107010556616c7565010800010e446573745075624b657948617368010a00010e53656e645075624b657948617368010a00010454584944010a0001064f496e64657801040001064973426173650102000109426c6f636b48617368010a000000ff81ffa4000101f8c0c6a3f19758213f0114a50eb1fd89981ba8e0da1dda03c9beba1234ca7f0114a50eb1fd89981ba8e0da1dda03c9beba1234ca7f0120af0462e8f9cd6c3e51f103709a7bfae08a8ca2c7753ac5b6166d757a88d92f690102022000008070497ec3996dea4fc4279e98cb73ffca3f80052fb140558068722cce2600'),('b3f1352ff3f9d8c0f387d0653b6021c504630bf09666f474b1e44bafaa2be071','0dff95020102ff960001ff9400007eff930301011354584f7574707574496e646570656e64656e7401ff94000107010556616c7565010800010e446573745075624b657948617368010a00010e53656e645075624b657948617368010a00010454584944010a0001064f496e64657801040001064973426173650102000109426c6f636b48617368010a00000065ff96000101fe244001143ed325cf1210ee3bb1565fb6d0fd3036faf289250220b3f1352ff3f9d8c0f387d0653b6021c504630bf09666f474b1e44bafaa2be071020101200000c093048972ddcebc8da2b0f7c8757d188dc401f4fb8c97e060038bbcfc8100'),('b9eb0fb26db3863854a64a2c3f5fe5b26c0e218061b78ec7685ca8b19c4a33e6','0dff95020102ff960001ff9400007eff930301011354584f7574707574496e646570656e64656e7401ff94000107010556616c7565010800010e446573745075624b657948617368010a00010e53656e645075624b657948617368010a00010454584944010a0001064f496e64657801040001064973426173650102000109426c6f636b48617368010a000000fffbff96000201f8dac812290f03843f0114a50eb1fd89981ba8e0da1dda03c9beba1234ca7f01143ed325cf1210ee3bb1565fb6d0fd3036faf289250120b9eb0fb26db3863854a64a2c3f5fe5b26c0e218061b78ec7685ca8b19c4a33e6032000008070497ec3996dea4fc4279e98cb73ffca3f80052fb140558068722cce260001f9ff9cbca7f6223f01143ed325cf1210ee3bb1565fb6d0fd3036faf2892501143ed325cf1210ee3bb1565fb6d0fd3036faf289250120b9eb0fb26db3863854a64a2c3f5fe5b26c0e218061b78ec7685ca8b19c4a33e60102022000008070497ec3996dea4fc4279e98cb73ffca3f80052fb140558068722cce2600'),('bfcc1844e8832a96df940af9f85279cefdbed14aac7b322cc181b017a743e993','0dffa3020102ffa40001ffa200007effa10301011354584f7574707574496e646570656e64656e7401ffa2000107010556616c7565010800010e446573745075624b657948617368010a00010e53656e645075624b657948617368010a00010454584944010a0001064f496e64657801040001064973426173650102000109426c6f636b48617368010a00000004ffa40000'),('c724dfdf6e275c15656b2443a59495d4b8c3b5c040e55290f3a9d501c20da5a0','0dffa3020102ffa40001ffa200007effa10301011354584f7574707574496e646570656e64656e7401ffa2000107010556616c7565010800010e446573745075624b657948617368010a00010e53656e645075624b657948617368010a00010454584944010a0001064f496e64657801040001064973426173650102000109426c6f636b48617368010a00000004ffa40000'),('cb6f53ddde3bafc9cd55c3cbb4e3f57a02b848824fa53d57533371d0788b3f72','0dffa3020102ffa40001ffa200007effa10301011354584f7574707574496e646570656e64656e7401ffa2000107010556616c7565010800010e446573745075624b657948617368010a00010e53656e645075624b657948617368010a00010454584944010a0001064f496e64657801040001064973426173650102000109426c6f636b48617368010a00000004ffa40000'),('d3b9097274d50d77ca0a5e762ee540a9cd5287c902cf8b4f8019d080ba5f0690','0dffa3020102ffa40001ffa200007effa10301011354584f7574707574496e646570656e64656e7401ffa2000107010556616c7565010800010e446573745075624b657948617368010a00010e53656e645075624b657948617368010a00010454584944010a0001064f496e64657801040001064973426173650102000109426c6f636b48617368010a0000007fffa4000101f8c8ec0b6cbedfdf3f0114032fa7c512a05fe5bd27da46e2d449feb37f121c0114c1e423ec114fe99e85346dd2867eab0c71e9afa10120d3b9097274d50d77ca0a5e762ee540a9cd5287c902cf8b4f8019d080ba5f069003200000a7b9f50016d6cd11cfd4390c48ee0b290dc1000b2206dbf364e1aa2599ec00'),('d6349379b76284f1e18bb13922b4c4e689667723b183ed1488015152d8424c91','0dffa3020102ffa40001ffa200007effa10301011354584f7574707574496e646570656e64656e7401ffa2000107010556616c7565010800010e446573745075624b657948617368010a00010e53656e645075624b657948617368010a00010454584944010a0001064f496e64657801040001064973426173650102000109426c6f636b48617368010a0000007fffa4000101f843f7d5eae556843f01143ed325cf1210ee3bb1565fb6d0fd3036faf289250114c1e423ec114fe99e85346dd2867eab0c71e9afa10120d6349379b76284f1e18bb13922b4c4e689667723b183ed1488015152d8424c91032000008070497ec3996dea4fc4279e98cb73ffca3f80052fb140558068722cce2600'),('d7c1d1d1ed861dde6fb1f8d3b00637b1ff8f4a5e20fa7eb20b104efc04ea19cf','0dff95020102ff960001ff9400007eff930301011354584f7574707574496e646570656e64656e7401ff94000107010556616c7565010800010e446573745075624b657948617368010a00010e53656e645075624b657948617368010a00010454584944010a0001064f496e64657801040001064973426173650102000109426c6f636b48617368010a00000065ff96000101fe244001143ed325cf1210ee3bb1565fb6d0fd3036faf289250220d7c1d1d1ed861dde6fb1f8d3b00637b1ff8f4a5e20fa7eb20b104efc04ea19cf02010120000009a6e803738984392515aeecceeb2753ac7773323aeeaea183991b887f2400'),('de74d25e0361448c07430337a3ec4a4f71633d31859e068440215ecf9d47f641','0dffa3020102ffa40001ffa200007effa10301011354584f7574707574496e646570656e64656e7401ffa2000107010556616c7565010800010e446573745075624b657948617368010a00010e53656e645075624b657948617368010a00010454584944010a0001064f496e64657801040001064973426173650102000109426c6f636b48617368010a000000fffcffa4000201f859eef583f493e53f011480e23bd80c90ad8e1e2b2e84ebc6668478ef77950114c1e423ec114fe99e85346dd2867eab0c71e9afa10120de74d25e0361448c07430337a3ec4a4f71633d31859e068440215ecf9d47f641032000002a19356c2330fc8e38ac129d9ba369f128a49d563be80e9215903405e49f0001f83442816f814d21400114c1e423ec114fe99e85346dd2867eab0c71e9afa10114c1e423ec114fe99e85346dd2867eab0c71e9afa10120de74d25e0361448c07430337a3ec4a4f71633d31859e068440215ecf9d47f6410102022000002a19356c2330fc8e38ac129d9ba369f128a49d563be80e9215903405e49f00'),('e57f3a3f5428f2d80b514056e0f9045106378bfeaa780d947904fcc254b37ff2','0dffa3020102ffa40001ffa200007effa10301011354584f7574707574496e646570656e64656e7401ffa2000107010556616c7565010800010e446573745075624b657948617368010a00010e53656e645075624b657948617368010a00010454584944010a0001064f496e64657801040001064973426173650102000109426c6f636b48617368010a00000004ffa40000'),('fc52dbbfb331073410ec74bb1ab30b308d198b4b449a047cf1fbb76798a75784','0dff95020102ff960001ff9400007eff930301011354584f7574707574496e646570656e64656e7401ff94000107010556616c7565010800010e446573745075624b657948617368010a00010e53656e645075624b657948617368010a00010454584944010a0001064f496e64657801040001064973426173650102000109426c6f636b48617368010a00000065ff96000101fe244001143ed325cf1210ee3bb1565fb6d0fd3036faf289250220fc52dbbfb331073410ec74bb1ab30b308d198b4b449a047cf1fbb76798a757840201012000001916f3ea31b470bbd26c78cb8a523898d4f0e19a551a405b0f1424dcbe2800'),('ff15e84416d7b790cb1d97c43abbdd05e4400fbaadebb19535a1ad442c7a4d7f','0dff95020102ff960001ff9400007eff930301011354584f7574707574496e646570656e64656e7401ff94000107010556616c7565010800010e446573745075624b657948617368010a00010e53656e645075624b657948617368010a00010454584944010a0001064f496e64657801040001064973426173650102000109426c6f636b48617368010a000000fffbff96000201f8d63c05c8e94e843f0114a50eb1fd89981ba8e0da1dda03c9beba1234ca7f01143ed325cf1210ee3bb1565fb6d0fd3036faf289250120ff15e84416d7b790cb1d97c43abbdd05e4400fbaadebb19535a1ad442c7a4d7f032000008070497ec3996dea4fc4279e98cb73ffca3f80052fb140558068722cce260001f984cb74f920f53e01143ed325cf1210ee3bb1565fb6d0fd3036faf2892501143ed325cf1210ee3bb1565fb6d0fd3036faf289250120ff15e84416d7b790cb1d97c43abbdd05e4400fbaadebb19535a1ad442c7a4d7f0102022000008070497ec3996dea4fc4279e98cb73ffca3f80052fb140558068722cce2600');

/*!40000 ALTER TABLE unspentoutputstransactions ENABLE KEYS */;
UNLOCK TABLES;

-- Dump completed on 2018-09-24 18:36:37.924258491 +0300 EEST m=+0.193813494
