-- Go SQL Dump 0.2.2
--
-- ------------------------------------------------------
-- Server version	5.7.23-0ubuntu0.16.04.1

/*!40101 SET @OLD_CHARACTER_SET_CLIENT=@@CHARACTER_SET_CLIENT */;
/*!40101 SET @OLD_CHARACTER_SET_RESULTS=@@CHARACTER_SET_RESULTS */;
/*!40101 SET @OLD_COLLATION_CONNECTION=@@COLLATION_CONNECTION */;
/*!40101 SET NAMES utf8 */;
/*!40103 SET @OLD_TIME_ZONE=@@TIME_ZONE */;
/*!40103 SET TIME_ZONE='+00:00' */;
/*!40014 SET @OLD_UNIQUE_CHECKS=@@UNIQUE_CHECKS, UNIQUE_CHECKS=0 */;
/*!40014 SET @OLD_FOREIGN_KEY_CHECKS=@@FOREIGN_KEY_CHECKS, FOREIGN_KEY_CHECKS=0 */;
/*!40101 SET @OLD_SQL_MODE=@@SQL_MODE, SQL_MODE='NO_AUTO_VALUE_ON_ZERO' */;
/*!40111 SET @OLD_SQL_NOTES=@@SQL_NOTES, SQL_NOTES=0 */;



--
-- Table structure for table blockchain
--

DROP TABLE IF EXISTS blockchain;
/*!40101 SET @saved_cs_client     = @@character_set_client */;
/*!40101 SET character_set_client = utf8 */;
CREATE TABLE `blockchain` (
  `k` varbinary(100) NOT NULL,
  `v` varbinary(300) DEFAULT NULL,
  PRIMARY KEY (`k`)
) ENGINE=InnoDB DEFAULT CHARSET=latin1;
/*!40101 SET character_set_client = @saved_cs_client */;
--
-- Dumping data for table blockchain
--

LOCK TABLES blockchain WRITE;
/*!40000 ALTER TABLE blockchain DISABLE KEYS */;

INSERT INTO blockchain VALUES ('000012054faf4690d846ab73c014797a214d6a5d786fc255bcabe2cd6941c074','00002f1699168e04d96dffdabf08ca941051b8cf55989692be20c1b5d167c5580000ab51db953f8a0f917d48751a61ea46f29e23f821f7ee405a9040e9df4990'),('00001a3ace3c14910efc2f0ded7cf953291d6700c31c6cbbd9c296bae7053523','00003e21d815b25b7d2fb28c321c72addda9995ddf0ddc5c03e81393470b779300002f1699168e04d96dffdabf08ca941051b8cf55989692be20c1b5d167c558'),('00002f1699168e04d96dffdabf08ca941051b8cf55989692be20c1b5d167c558','00001a3ace3c14910efc2f0ded7cf953291d6700c31c6cbbd9c296bae7053523000012054faf4690d846ab73c014797a214d6a5d786fc255bcabe2cd6941c074'),('00003e21d815b25b7d2fb28c321c72addda9995ddf0ddc5c03e81393470b7793','0000b53183044b28225c5fbe2cf27f333f30aa25c93eed9d26b8c62117e3543900001a3ace3c14910efc2f0ded7cf953291d6700c31c6cbbd9c296bae7053523'),('0000580bc46aac34460acb3c103a954823102831ee574db988d75906131845cb','00007a5bafb378e310010e52eadc5ccbc02642d142796889a1065db3375a61180000000000000000000000000000000000000000000000000000000000000000'),('00007a5bafb378e310010e52eadc5ccbc02642d142796889a1065db3375a6118','00008ff5bf97c56ef23f43959e5e06ed22eec2178b68587447db4033eba3ad6d0000580bc46aac34460acb3c103a954823102831ee574db988d75906131845cb'),('00008ff5bf97c56ef23f43959e5e06ed22eec2178b68587447db4033eba3ad6d','0000ab51db953f8a0f917d48751a61ea46f29e23f821f7ee405a9040e9df499000007a5bafb378e310010e52eadc5ccbc02642d142796889a1065db3375a6118'),('0000ab51db953f8a0f917d48751a61ea46f29e23f821f7ee405a9040e9df4990','000012054faf4690d846ab73c014797a214d6a5d786fc255bcabe2cd6941c07400008ff5bf97c56ef23f43959e5e06ed22eec2178b68587447db4033eba3ad6d'),('0000b53183044b28225c5fbe2cf27f333f30aa25c93eed9d26b8c62117e35439','000000000000000000000000000000000000000000000000000000000000000000003e21d815b25b7d2fb28c321c72addda9995ddf0ddc5c03e81393470b7793');

/*!40000 ALTER TABLE blockchain ENABLE KEYS */;
UNLOCK TABLES;

--
-- Table structure for table blocks
--

DROP TABLE IF EXISTS blocks;
/*!40101 SET @saved_cs_client     = @@character_set_client */;
/*!40101 SET character_set_client = utf8 */;
CREATE TABLE `blocks` (
  `k` varbinary(100) NOT NULL,
  `v` longblob,
  PRIMARY KEY (`k`)
) ENGINE=InnoDB DEFAULT CHARSET=latin1;
/*!40101 SET character_set_client = @saved_cs_client */;
--
-- Dumping data for table blocks
--

LOCK TABLES blocks WRITE;
/*!40000 ALTER TABLE blocks DISABLE KEYS */;

INSERT INTO blocks VALUES ('000012054faf4690d846ab73c014797a214d6a5d786fc255bcabe2cd6941c074','63ff8d03010105426c6f636b01ff8e000106010954696d657374616d70010400010c5472616e73616374696f6e7301ff9000010d50726576426c6f636b48617368010a00010448617368010a0001054e6f6e63650104000106486569676874010400000027ff8f020101185b5d737472756374757265732e5472616e73616374696f6e01ff900001ff82000075ff810301010b5472616e73616374696f6e01ff8200010801024944010a00010454696d6501040001095369676e6174757265010a00010842795075624b6579010a00010356696e01ff86000104566f757401ff8a00010a53514c436f6d6d616e6401ff8c00010953514c426173655458010a0000002bff850201011c5b5d737472756374757265732e545843757272656e6379496e70757401ff860001ff8400002fff830301010f545843757272656e6379496e70757401ff84000102010454786964010a000104566f757401040000002dff890201011e5b5d737472756374757265732e54584375727272656e63794f757470757401ff8a0001ff88000038ff870301011154584375727272656e63794f757470757401ff88000102010556616c7565010800010a5075624b657948617368010a00000057ff8b0301010953514c55706461746501ff8c000104010b5265666572656e63654944010a0001055175657279010a00010d526f6c6c6261636b5175657279010a00010f507265765472616e73616374696f6e010a000000fe0519ff8e01fcb6e0126e0105012039231d34bc0565e2bfc37b0485ed751c91dc91543dd0a429e171e48ea19bc9a201f82a9437571fa794e401409eafe139a8303e51be0bf800eb22a1110fe87d8deaaba558c5cb3fc24339302e07fe812be69a5479e32f670159853454fe670ea28f313eb206bff6cf78c940de01405dad72a4bb1a748684ba23af710fd362d0192e3a22793a61925f33a64e9bb8f898c725f6b4966abe5f5993ff4dbc4f0c28c17a162b223b65b63a0e55f08b32a50101012066ab2b26bb150a97014a65ea1d1e3a7d9140ab027bf4bc34f6d33045acdae04100010201f8b0111481e2ae833f0114430632734828a49f23d9cfe5d4a7d18503f3e3660001f8605940d3d87f393f0114d11f6ee399d9c0a8bb67931db0075ef0b89cf34a0001000001209388b7c0a8930e99d814d38c6203c0df6da9455b761505cc8653a8798237669701f82a9437572911ea220140f127edc4683a06cf36f2d83002a891666ea5fe010e6bfa7748b43e5b39d2f56b4d5e3ead81dcc4f822d158fc50b0620ee9a10ae0bf5193d81ec5fbe3ca5d8e0b0140d90a41bc9961c6abb5595e55e005f0a9b1196e08b4f2bfe6f4d0a743b11fb5415a4ed186255bf703850adb20249830930956b95d57232c5f178379e3fba9ef1f01010120220821eaebb5c54acf4f896a96ffd19c3f7b381e9efb0b689c5fd3e5caea5c6c00010201f8b6d05b5dcad0833f011453e87e8937d35e8adad97ab91cd905f609374cb00001f8a078484add42353f0114430632734828a49f23d9cfe5d4a7d18503f3e366000100000120b6af2b05b3b323b48c097312573727c8cc9a980d10e1b4c3b7a73fed618a808601f82a9437574bb5920c01401ed4fbaa9656e786b67534ec133264035eb6b0b5410473aa655c736b4f3e6e1bd0037c2699819a818b7d73b6052d0eb76108a9ddddea8f4d321d9fb47504454101405a47af20a0858be899787e73b40ae6cfa5ca0097f8a682fc90fe537b6f5856ef63552fd9299ffac40a71c35c755dc3b9bf88082fbe35727d232530f7a26b22c90101012001b7161388474753c9b4c136a312f396ade0a9e6077dcfd3e13a0aae4f2b0dca00010201f894677f1ca412843f0114d11f6ee399d9c0a8bb67931db0075ef0b89cf34a0001f8c039abcb4a0f2a3f011453e87e8937d35e8adad97ab91cd905f609374cb000010000012009ca5f0ecd2b7ce6b8738e15c398c766483bd0591718d6182a942d5aa9aa545101f82a94375756bdd1720140747c7f2ca19b13b7162302723dd88707de0dc62b9d4f6b24fef7f2aefb89386c29c478799e06ceadc253b50925e02def75633038d1dc76c5aed5c74853d5640701405a47af20a0858be899787e73b40ae6cfa5ca0097f8a682fc90fe537b6f5856ef63552fd9299ffac40a71c35c755dc3b9bf88082fbe35727d232530f7a26b22c90101012066ab2b26bb150a97014a65ea1d1e3a7d9140ab027bf4bc34f6d33045acdae041010200010201f89d6a6777cc69843f0114d11f6ee399d9c0a8bb67931db0075ef0b89cf34a0001f802d581a436aeff3f011453e87e8937d35e8adad97ab91cd905f609374cb000010000012068cda3eb8d1a55e474f013797b79246bea51210d123456d4c2e50f138784c0a401f82a943757648a4f6a0301020100010101fe24400114d11f6ee399d9c0a8bb67931db0075ef0b89cf34a00010000012000002f1699168e04d96dffdabf08ca941051b8cf55989692be20c1b5d167c5580120000012054faf4690d846ab73c014797a214d6a5d786fc255bcabe2cd6941c07401fd013b82010800'),('00001a3ace3c14910efc2f0ded7cf953291d6700c31c6cbbd9c296bae7053523','63ff8d03010105426c6f636b01ff8e000106010954696d657374616d70010400010c5472616e73616374696f6e7301ff9000010d50726576426c6f636b48617368010a00010448617368010a0001054e6f6e63650104000106486569676874010400000027ff8f020101185b5d737472756374757265732e5472616e73616374696f6e01ff900001ff82000075ff810301010b5472616e73616374696f6e01ff8200010801024944010a00010454696d6501040001095369676e6174757265010a00010842795075624b6579010a00010356696e01ff86000104566f757401ff8a00010a53514c436f6d6d616e6401ff8c00010953514c426173655458010a0000002bff850201011c5b5d737472756374757265732e545843757272656e6379496e70757401ff860001ff8400002fff830301010f545843757272656e6379496e70757401ff84000102010454786964010a000104566f757401040000002dff890201011e5b5d737472756374757265732e54584375727272656e63794f757470757401ff8a0001ff88000038ff870301011154584375727272656e63794f757470757401ff88000102010556616c7565010800010a5075624b657948617368010a00000057ff8b0301010953514c55706461746501ff8c000104010b5265666572656e63654944010a0001055175657279010a00010d526f6c6c6261636b5175657279010a00010f507265765472616e73616374696f6e010a000000fe02c6ff8e01fcb6e0125a010301206a630ea32f17b98243b185fd89dd7a2aba291c29b489694cf6af832169d5a01301f82a943752dc0ac4d801403c485a357b2aeb65c2b196ecc4759733a54f6f29d3ac7d7bdd457c5215c932b5ff715a1da5ece02e38f733019699dba3a1075f58a9f1f8d9caa5b283c0d7951401405dad72a4bb1a748684ba23af710fd362d0192e3a22793a61925f33a64e9bb8f898c725f6b4966abe5f5993ff4dbc4f0c28c17a162b223b65b63a0e55f08b32a501010120df074e36bc4c2d77bd03331a0bf32ad79bf5297a1d2799a9e1e62b3330e5f68501020001020140011453e87e8937d35e8adad97ab91cd905f609374cb00001fe1c400114d11f6ee399d9c0a8bb67931db0075ef0b89cf34a0001000001207ee03c9aabdfe440dbfed22a3d2139cc8deeb9965f0c74feee33ca5e96c83e5001f82a943752e528b5620140e2583bb4cf7af49df0e943994d21db3896a7f1ca4e272d83079c535ad44482a271ba0c2743e77912ca2bb374919083feb04aab3d00c93c4ea65603a0cda1e87d01405dad72a4bb1a748684ba23af710fd362d0192e3a22793a61925f33a64e9bb8f898c725f6b4966abe5f5993ff4dbc4f0c28c17a162b223b65b63a0e55f08b32a5010101203922d3ecff6cf32087d9a4554ca69c1e69767672b53c74ee5c8d465c07786de400010201fe0840011453e87e8937d35e8adad97ab91cd905f609374cb00001fe1c400114d11f6ee399d9c0a8bb67931db0075ef0b89cf34a000100000120f0d97d64197b330eb3b1cc79fb79e6203fbdcdca11c06ff0b467be090a357bcb01f82a943752f10a7a320301020100010101fe24400114d11f6ee399d9c0a8bb67931db0075ef0b89cf34a00010000012000003e21d815b25b7d2fb28c321c72addda9995ddf0ddc5c03e81393470b7793012000001a3ace3c14910efc2f0ded7cf953291d6700c31c6cbbd9c296bae705352301fe041c010400'),('00002f1699168e04d96dffdabf08ca941051b8cf55989692be20c1b5d167c558','63ff8d03010105426c6f636b01ff8e000106010954696d657374616d70010400010c5472616e73616374696f6e7301ff9000010d50726576426c6f636b48617368010a00010448617368010a0001054e6f6e63650104000106486569676874010400000027ff8f020101185b5d737472756374757265732e5472616e73616374696f6e01ff900001ff82000075ff810301010b5472616e73616374696f6e01ff8200010801024944010a00010454696d6501040001095369676e6174757265010a00010842795075624b6579010a00010356696e01ff86000104566f757401ff8a00010a53514c436f6d6d616e6401ff8c00010953514c426173655458010a0000002bff850201011c5b5d737472756374757265732e545843757272656e6379496e70757401ff860001ff8400002fff830301010f545843757272656e6379496e70757401ff84000102010454786964010a000104566f757401040000002dff890201011e5b5d737472756374757265732e54584375727272656e63794f757470757401ff8a0001ff88000038ff870301011154584375727272656e63794f757470757401ff88000102010556616c7565010800010a5075624b657948617368010a00000057ff8b0301010953514c55706461746501ff8c000104010b5265666572656e63654944010a0001055175657279010a00010d526f6c6c6261636b5175657279010a00010f507265765472616e73616374696f6e010a000000fe03fdff8e01fcb6e0126401040120220821eaebb5c54acf4f896a96ffd19c3f7b381e9efb0b689c5fd3e5caea5c6c01f82a943754cac262fa014053ccd41b774190437814e5dee349f56216e554201ce49159ba3893d75331f887534ea9514ae1f0d66f3354c9ff3d7b17a80d24e5f5e11360cdab2c3eb45b5b8a01405dad72a4bb1a748684ba23af710fd362d0192e3a22793a61925f33a64e9bb8f898c725f6b4966abe5f5993ff4dbc4f0c28c17a162b223b65b63a0e55f08b32a5010101206a630ea32f17b98243b185fd89dd7a2aba291c29b489694cf6af832169d5a013010200010201f87b14ae47e17a843f0114430632734828a49f23d9cfe5d4a7d18503f3e3660001f8f6285c8fc2f51b400114d11f6ee399d9c0a8bb67931db0075ef0b89cf34a00010000012001b7161388474753c9b4c136a312f396ade0a9e6077dcfd3e13a0aae4f2b0dca01f82a943754e833c90a01409627e486d54f5e7b7df4b402696a7e84e133f04159eb11d28c6547de720ebe99381f79cf83a12e9b98e7f132697d6736c17a3bfde76491795fa15974c285e47c0140d90a41bc9961c6abb5595e55e005f0a9b1196e08b4f2bfe6f4d0a743b11fb5415a4ed186255bf703850adb20249830930956b95d57232c5f178379e3fba9ef1f01010120df074e36bc4c2d77bd03331a0bf32ad79bf5297a1d2799a9e1e62b3330e5f68500010201f87b14ae47e17a843f011453e87e8937d35e8adad97ab91cd905f609374cb00001f8ae47e17a14aeef3f0114430632734828a49f23d9cfe5d4a7d18503f3e36600010000012066ab2b26bb150a97014a65ea1d1e3a7d9140ab027bf4bc34f6d33045acdae04101f82a943754fc41a6420140f8a49e8cf78991e18f577f38eb0acc3bef2835049fbbf9b390b10fa94e4e88048a226693dd1715ef6db9f9bc26b5679da9ed45193abbc54b8c3b7593e7ee8e6901405a47af20a0858be899787e73b40ae6cfa5ca0097f8a682fc90fe537b6f5856ef63552fd9299ffac40a71c35c755dc3b9bf88082fbe35727d232530f7a26b22c9010101206a630ea32f17b98243b185fd89dd7a2aba291c29b489694cf6af832169d5a01300010201f87b14ae47e17a843f0114d11f6ee399d9c0a8bb67931db0075ef0b89cf34a0001f8d7a3703d0ad7ff3f011453e87e8937d35e8adad97ab91cd905f609374cb0000100000120122affaf6c835812b367c8e91681b9563e7d66ca4af1fa3daf0899311371eb2901f82a943755170860520301020100010101fe24400114d11f6ee399d9c0a8bb67931db0075ef0b89cf34a00010000012000001a3ace3c14910efc2f0ded7cf953291d6700c31c6cbbd9c296bae7053523012000002f1699168e04d96dffdabf08ca941051b8cf55989692be20c1b5d167c55801fd03943e010600'),('00003e21d815b25b7d2fb28c321c72addda9995ddf0ddc5c03e81393470b7793','63ff8d03010105426c6f636b01ff8e000106010954696d657374616d70010400010c5472616e73616374696f6e7301ff9000010d50726576426c6f636b48617368010a00010448617368010a0001054e6f6e63650104000106486569676874010400000027ff8f020101185b5d737472756374757265732e5472616e73616374696f6e01ff900001ff82000075ff810301010b5472616e73616374696f6e01ff8200010801024944010a00010454696d6501040001095369676e6174757265010a00010842795075624b6579010a00010356696e01ff86000104566f757401ff8a00010a53514c436f6d6d616e6401ff8c00010953514c426173655458010a0000002bff850201011c5b5d737472756374757265732e545843757272656e6379496e70757401ff860001ff8400002fff830301010f545843757272656e6379496e70757401ff84000102010454786964010a000104566f757401040000002dff890201011e5b5d737472756374757265732e54584375727272656e63794f757470757401ff8a0001ff88000038ff870301011154584375727272656e63794f757470757401ff88000102010556616c7565010800010a5075624b657948617368010a00000057ff8b0301010953514c55706461746501ff8c000104010b5265666572656e63654944010a0001055175657279010a00010d526f6c6c6261636b5175657279010a00010f507265765472616e73616374696f6e010a000000fe01b7ff8e01fcb6e0125201020120df074e36bc4c2d77bd03331a0bf32ad79bf5297a1d2799a9e1e62b3330e5f68501f82a943750d594c55e0140878a021d5b2954daebbb4095faa3ca44809b974cc4cce3f0917655a85057fa29109fcf0680e9ec20d5994884f4fc00275403224785cbe810cf45beca01908ddc01405dad72a4bb1a748684ba23af710fd362d0192e3a22793a61925f33a64e9bb8f898c725f6b4966abe5f5993ff4dbc4f0c28c17a162b223b65b63a0e55f08b32a5010101206e11200b32cddcedb8aec5a34445ee83a528069df5e01d6633beac432b7e76fe00010201fef03f0114430632734828a49f23d9cfe5d4a7d18503f3e3660001fe22400114d11f6ee399d9c0a8bb67931db0075ef0b89cf34a0001000001203922d3ecff6cf32087d9a4554ca69c1e69767672b53c74ee5c8d465c07786de401f82a943750e11ece440301020100010101fe24400114d11f6ee399d9c0a8bb67931db0075ef0b89cf34a0001000001200000b53183044b28225c5fbe2cf27f333f30aa25c93eed9d26b8c62117e35439012000003e21d815b25b7d2fb28c321c72addda9995ddf0ddc5c03e81393470b779301fd039640010200'),('0000580bc46aac34460acb3c103a954823102831ee574db988d75906131845cb','63ff8303010105426c6f636b01ff84000106010954696d657374616d70010400010c5472616e73616374696f6e7301ff9200010d50726576426c6f636b48617368010a00010448617368010a0001054e6f6e63650104000106486569676874010400000027ff91020101185b5d737472756374757265732e5472616e73616374696f6e01ff920001ff86000075ff850301010b5472616e73616374696f6e01ff8600010801024944010a00010454696d6501040001095369676e6174757265010a00010842795075624b6579010a00010356696e01ff8a000104566f757401ff8e00010a53514c436f6d6d616e6401ff9000010953514c426173655458010a0000002bff890201011c5b5d737472756374757265732e545843757272656e6379496e70757401ff8a0001ff8800002fff870301010f545843757272656e6379496e70757401ff88000102010454786964010a000104566f757401040000002dff8d0201011e5b5d737472756374757265732e54584375727272656e63794f757470757401ff8e0001ff8c000038ff8b0301011154584375727272656e63794f757470757401ff8c000102010556616c7565010800010a5075624b657948617368010a00000057ff8f0301010953514c55706461746501ff90000104010b5265666572656e63654944010a0001055175657279010a00010d526f6c6c6261636b5175657279010a00010f507265765472616e73616374696f6e010a000000fe09b9ff8401fcb6e0144601090120230c81563da613613873dc9f83228f475cc6edc6b9087dacf9a4aed35da56fc901f82a9437c23023617c014092426667ca5d40f45f47614a8085983ab71b5f65b948675cdb59cdd861f80e4bd5ead48273649080b3257c56b19f66c8e576cf5a7835966800b756aa5452c2c901405a47af20a0858be899787e73b40ae6cfa5ca0097f8a682fc90fe537b6f5856ef63552fd9299ffac40a71c35c755dc3b9bf88082fbe35727d232530f7a26b22c901010120052df7196e6c3158791ba30616a291e32c50438b12476780906df8b52b03cca8010200010201f86030a804fe2fe33f0114222054418c31ce08018db7ffdbc7e159176c41d10001f86059ab6edc5fe93f011453e87e8937d35e8adad97ab91cd905f609374cb00001000001207ce36713bcbde73d29d2ae0a943640de0f89222c1d650afd6ff627bd4ced5a0501f82a9437c28a444c200140dfd07230ca6876c2b437e8c8dc4aa67d91ada91c548f0d11aaa2c74c2ac426fb48099ee4b77745eb871649275a5f4d263c025a530169d83e84a011a9c455811701405a47af20a0858be899787e73b40ae6cfa5ca0097f8a682fc90fe537b6f5856ef63552fd9299ffac40a71c35c755dc3b9bf88082fbe35727d232530f7a26b22c90101012050659fca7de88011f03589991a1de53df3ca5e030a32cee53a811fc0cbc12989010200010201f86030a804fe2fe33f0114222054418c31ce08018db7ffdbc7e159176c41d10001f8acd5ecbb01361740011453e87e8937d35e8adad97ab91cd905f609374cb0000100000120a8184d02f937cfc53f347bca3f6ba8290c6b6d3fe1b92a9de9551d442cdc668e01f82a9437c3102c45da0140d465ea07d5c5af0074f3b8bf17ba1eb05a0bed35409dc0e51ccbdf13fa56b26becb6620e4b919f9fe02db6f3f5d6411127a47bb1689258906a469dbe7545febe01405a47af20a0858be899787e73b40ae6cfa5ca0097f8a682fc90fe537b6f5856ef63552fd9299ffac40a71c35c755dc3b9bf88082fbe35727d232530f7a26b22c901010120c881b1ec97004fee6ef4c6b351b863671b7cede51401aa2e41b1d3cd1fe3869900010201f86030a804fe2fe33f0114222054418c31ce08018db7ffdbc7e159176c41d10001f8fa7cb51f00cd2240011453e87e8937d35e8adad97ab91cd905f609374cb000010000012075de01d2d0cad34d1d6fc3882aa3ad776642e0b695459ea0d6a8782e2b152ba401f82a9437c3625179e601407343b94827713d4af092df13d1269d184ad22be0f8075b017bf021fb689a990157df4b2fc321540e719b677f8ac83fae577ac5da2bab37a927137492fdc0815501405a47af20a0858be899787e73b40ae6cfa5ca0097f8a682fc90fe537b6f5856ef63552fd9299ffac40a71c35c755dc3b9bf88082fbe35727d232530f7a26b22c901010120a8184d02f937cfc53f347bca3f6ba8290c6b6d3fe1b92a9de9551d442cdc668e010200010201f86030a804fe2fe33f0114222054418c31ce08018db7ffdbc7e159176c41d10001f8f4f96a3f009a2140011453e87e8937d35e8adad97ab91cd905f609374cb000010000012065b93a944a8e840f2667c792921296562ac4d1af7bcc0042b609afc925cad9f901f82a9437c3af371ca6014065430bdbd5dbbb4cf8e48957c3d55d0ce33058c587218e99abab3c246969bac3ce51ca99d06383fc4312f48622de4bad472a720d073033b6b9f8485db7e7458101405a47af20a0858be899787e73b40ae6cfa5ca0097f8a682fc90fe537b6f5856ef63552fd9299ffac40a71c35c755dc3b9bf88082fbe35727d232530f7a26b22c901010120230c81563da613613873dc9f83228f475cc6edc6b9087dacf9a4aed35da56fc9010200010201f86030a804fe2fe33f0114222054418c31ce08018db7ffdbc7e159176c41d10001f9a40ca879bfc83f011453e87e8937d35e8adad97ab91cd905f609374cb00001000001203437f70d202a8fcfc420f29582e82e44048ba1f1e1b1cab85c70ba15014ac8b601f82a9437c404746c100140c3aa74e38ec3ffbb15441054b0efa5e6bd95404cdd05582a5b40e2a0021d95ac787c498b1913521de6ced9f705c6e5370e06d70c790691dd7ccd6acd1697f52401405a47af20a0858be899787e73b40ae6cfa5ca0097f8a682fc90fe537b6f5856ef63552fd9299ffac40a71c35c755dc3b9bf88082fbe35727d232530f7a26b22c90102012065b93a944a8e840f2667c792921296562ac4d1af7bcc0042b609afc925cad9f9010200012075de01d2d0cad34d1d6fc3882aa3ad776642e0b695459ea0d6a8782e2b152ba4010200010201f86030a804fe2fe33f0114222054418c31ce08018db7ffdbc7e159176c41d10001f87ea9c045fec92040011453e87e8937d35e8adad97ab91cd905f609374cb0000100000120fb40677756fb1da7a22038db21d64587d829f39ad947fdd8bd35baa00ce799cd01f82a9437c45ed5ba4e01400a382db6fcef7b5e91812deedf76c1beeb7c7a434d770d9522a4d16308bebaea11372a5fa3ef943f18da8f9e6ca45a71ae37a50ea9bf2bdcb97abfa12ab99b8b01405a47af20a0858be899787e73b40ae6cfa5ca0097f8a682fc90fe537b6f5856ef63552fd9299ffac40a71c35c755dc3b9bf88082fbe35727d232530f7a26b22c9010101207ce36713bcbde73d29d2ae0a943640de0f89222c1d650afd6ff627bd4ced5a05010200010201f86030a804fe2fe33f0114222054418c31ce08018db7ffdbc7e159176c41d10001f8a0cf57fb01d01440011453e87e8937d35e8adad97ab91cd905f609374cb000010000012006a85a3b84f0c2c922da825d13d419ecb82ee808b3895d572619a989eb7a49e001f82a9437c4b7b82ad00140063b4dadc6d860f57904e4d8c29b3a8d4ffa4aa836663de31c82002781d7e8a328970d8f5b754be0db62bf1f84f396b812dcd9cf2c0203a1acae654fac5ee13c01405a47af20a0858be899787e73b40ae6cfa5ca0097f8a682fc90fe537b6f5856ef63552fd9299ffac40a71c35c755dc3b9bf88082fbe35727d232530f7a26b22c901010120fb40677756fb1da7a22038db21d64587d829f39ad947fdd8bd35baa00ce799cd010200010201f86030a804fe2fe33f0114222054418c31ce08018db7ffdbc7e159176c41d10001f894c9c23a026a1240011453e87e8937d35e8adad97ab91cd905f609374cb00001000001203243df0a6b39ac6798f59925f272ec2c7c3b30af5b6a72a91d723dfa976b2ae501f82a9437c562c1b5b80301020100010101fe2440011453e87e8937d35e8adad97ab91cd905f609374cb000010000012000007a5bafb378e310010e52eadc5ccbc02642d142796889a1065db3375a611801200000580bc46aac34460acb3c103a954823102831ee574db988d75906131845cb01fd0380dc011000'),('00007a5bafb378e310010e52eadc5ccbc02642d142796889a1065db3375a6118','63ff8303010105426c6f636b01ff84000106010954696d657374616d70010400010c5472616e73616374696f6e7301ff9200010d50726576426c6f636b48617368010a00010448617368010a0001054e6f6e63650104000106486569676874010400000027ff91020101185b5d737472756374757265732e5472616e73616374696f6e01ff920001ff86000075ff850301010b5472616e73616374696f6e01ff8600010801024944010a00010454696d6501040001095369676e6174757265010a00010842795075624b6579010a00010356696e01ff8a000104566f757401ff8e00010a53514c436f6d6d616e6401ff9000010953514c426173655458010a0000002bff890201011c5b5d737472756374757265732e545843757272656e6379496e70757401ff8a0001ff8800002fff870301010f545843757272656e6379496e70757401ff88000102010454786964010a000104566f757401040000002dff8d0201011e5b5d737472756374757265732e54584375727272656e63794f757470757401ff8e0001ff8c000038ff8b0301011154584375727272656e63794f757470757401ff8c000102010556616c7565010800010a5075624b657948617368010a00000057ff8f0301010953514c55706461746501ff90000104010b5265666572656e63654944010a0001055175657279010a00010d526f6c6c6261636b5175657279010a00010f507265765472616e73616374696f6e010a000000fe089cff8401fcb6e0142a01080120052df7196e6c3158791ba30616a291e32c50438b12476780906df8b52b03cca801f82a9437bc574818180140c796ac66c181a1cb08bce3cd61b4d40b02a50ad924d16c87e4bd1453837042b52ad3240fdc5601c95a0e6ba1e35ccf42b1fcaf15f61cb792799703967c8bc4c501405a47af20a0858be899787e73b40ae6cfa5ca0097f8a682fc90fe537b6f5856ef63552fd9299ffac40a71c35c755dc3b9bf88082fbe35727d232530f7a26b22c9010201206ef839f6208ae027003a938b3435e5c4bfdb959d8cfe15a73612a67f9a07097d0102000120a2b7c17f05b0041647d599eb2e7e894f568f4cc0996a84eb2db0a5e09aad3908010200010201f86030a804fe2fe33f011485426d4431338b5014022ff1e9786cbb506356340001f8e0c4a939ed47f63f011453e87e8937d35e8adad97ab91cd905f609374cb0000100000120e29d880a23dcce6028aee4b59c4d27025534797b04b7ffc6a99b5fa811d26f6901f82a9437bc934127bc0140413c9a8bb9a0c6e9a54913dec35399c17af139b6fc39d8de629df818272ae88a98725f39e610866c8095e2cb1f072061381c3c082d79ad318b97734cf6f80dc601405a47af20a0858be899787e73b40ae6cfa5ca0097f8a682fc90fe537b6f5856ef63552fd9299ffac40a71c35c755dc3b9bf88082fbe35727d232530f7a26b22c901010120f8767e2823f7d1334b9e5256a5e75aec1d4591dafb514565f0a2b54134e9c8a500010201f86030a804fe2fe33f011485426d4431338b5014022ff1e9786cbb506356340001f8fa7cb51f00cd2240011453e87e8937d35e8adad97ab91cd905f609374cb0000100000120c8ec1016bd5e101e3e0e93ad9d1aaa9e5dd248042529820bd8155edfbc92ec3f01f82a9437bd069e8aca01404de437db06bc39c0445d5b93f0fac10afad8624fa7243d2f7c90c273eb8f5f43c7fdad1ab72ee4a4389deafbb3a8dbf85542f3b83f5aee5d42d23344d430fb4901405a47af20a0858be899787e73b40ae6cfa5ca0097f8a682fc90fe537b6f5856ef63552fd9299ffac40a71c35c755dc3b9bf88082fbe35727d232530f7a26b22c901010120e29d880a23dcce6028aee4b59c4d27025534797b04b7ffc6a99b5fa811d26f69010200010201f86030a804fe2fe33f011485426d4431338b5014022ff1e9786cbb506356340001f8f4f96a3f009a2140011453e87e8937d35e8adad97ab91cd905f609374cb0000100000120a251fbdc1308db6c85246ad8eadd8e3572a6a96d38ac0942930d47f31e997bd701f82a9437bd7ca1d2c40140fe0a11b3d2b96bf092b29e181da2440cd7fc359ce6faface13e2e5533d7b73253c623d614f5beb48e0125b6187c0e905b540c86974cf97ab623103509e8b87df01405a47af20a0858be899787e73b40ae6cfa5ca0097f8a682fc90fe537b6f5856ef63552fd9299ffac40a71c35c755dc3b9bf88082fbe35727d232530f7a26b22c901010120c8ec1016bd5e101e3e0e93ad9d1aaa9e5dd248042529820bd8155edfbc92ec3f010200010201f86030a804fe2fe33f011485426d4431338b5014022ff1e9786cbb506356340001f8ee76205f00672040011453e87e8937d35e8adad97ab91cd905f609374cb00001000001206503b001a39a2508957a8ffc528597dddae26d82313038f9442ef41a77c58d0201f82a9437bdcc4b7f0201406ae1311bb85b87a8f6c3897fc6e3aac874614e330d14a926cf97ef067a2ffb599033fc84cceea4fb438311c4e14e1df7cece11c0bd3efe62c41341571b20bb6e01405a47af20a0858be899787e73b40ae6cfa5ca0097f8a682fc90fe537b6f5856ef63552fd9299ffac40a71c35c755dc3b9bf88082fbe35727d232530f7a26b22c901010120a251fbdc1308db6c85246ad8eadd8e3572a6a96d38ac0942930d47f31e997bd7010200010201f86030a804fe2fe33f011485426d4431338b5014022ff1e9786cbb506356340001f8d0e7abfd00681e40011453e87e8937d35e8adad97ab91cd905f609374cb0000100000120faa45705108df96cb0e4b00cc65b189933c380dd81d4a849aa1eae4ee7856f3101f82a9437be269ea12a014073eb08b02a13cc095233cb12cfccaf930f6618e2c9660d795b729def6a1aedec53d2bd1298cf39354ff20218aa7c7b5c9a808e8b7d12a63358e357ca85a1b94801405a47af20a0858be899787e73b40ae6cfa5ca0097f8a682fc90fe537b6f5856ef63552fd9299ffac40a71c35c755dc3b9bf88082fbe35727d232530f7a26b22c9010101206503b001a39a2508957a8ffc528597dddae26d82313038f9442ef41a77c58d02010200010201f86030a804fe2fe33f011485426d4431338b5014022ff1e9786cbb506356340001f8c4e1163d01021c40011453e87e8937d35e8adad97ab91cd905f609374cb000010000012050659fca7de88011f03589991a1de53df3ca5e030a32cee53a811fc0cbc1298901f82a9437be791021280140fe7497df69d98af17914278856f89ae84a632367d10fb1ae3e96d14e3a0e636965e7247d8fa4c1f5e699bda5b5aece001aaaedc2b382f0e551d3717ad412c25b01405a47af20a0858be899787e73b40ae6cfa5ca0097f8a682fc90fe537b6f5856ef63552fd9299ffac40a71c35c755dc3b9bf88082fbe35727d232530f7a26b22c901010120faa45705108df96cb0e4b00cc65b189933c380dd81d4a849aa1eae4ee7856f31010200010201f86030a804fe2fe33f011485426d4431338b5014022ff1e9786cbb506356340001f8b8db817c019c1940011453e87e8937d35e8adad97ab91cd905f609374cb0000100000120c881b1ec97004fee6ef4c6b351b863671b7cede51401aa2e41b1d3cd1fe3869901f82a9437bed6137c600301020100010101fe2440011453e87e8937d35e8adad97ab91cd905f609374cb000010000012000008ff5bf97c56ef23f43959e5e06ed22eec2178b68587447db4033eba3ad6d012000007a5bafb378e310010e52eadc5ccbc02642d142796889a1065db3375a611801fd01465c010e00'),('00008ff5bf97c56ef23f43959e5e06ed22eec2178b68587447db4033eba3ad6d','63ff8303010105426c6f636b01ff84000106010954696d657374616d70010400010c5472616e73616374696f6e7301ff9200010d50726576426c6f636b48617368010a00010448617368010a0001054e6f6e63650104000106486569676874010400000027ff91020101185b5d737472756374757265732e5472616e73616374696f6e01ff920001ff86000075ff850301010b5472616e73616374696f6e01ff8600010801024944010a00010454696d6501040001095369676e6174757265010a00010842795075624b6579010a00010356696e01ff8a000104566f757401ff8e00010a53514c436f6d6d616e6401ff9000010953514c426173655458010a0000002bff890201011c5b5d737472756374757265732e545843757272656e6379496e70757401ff8a0001ff8800002fff870301010f545843757272656e6379496e70757401ff88000102010454786964010a000104566f757401040000002dff8d0201011e5b5d737472756374757265732e54584375727272656e63794f757470757401ff8e0001ff8c000038ff8b0301011154584375727272656e63794f757470757401ff8c000102010556616c7565010800010a5075624b657948617368010a00000057ff8f0301010953514c55706461746501ff90000104010b5265666572656e63654944010a0001055175657279010a00010d526f6c6c6261636b5175657279010a00010f507265765472616e73616374696f6e010a000000fe07a0ff8401fcb6e013d201070120a2b7c17f05b0041647d599eb2e7e894f568f4cc0996a84eb2db0a5e09aad390801f82a9437a510606248014050e88b5e596fed1929d47e1c3c15425fb2cc8b1e162a2e968d563d569321d083820cc48d417ef2cbd27b47a0122eedc79a242a5226bb9bb81635a35a680173c101405a47af20a0858be899787e73b40ae6cfa5ca0097f8a682fc90fe537b6f5856ef63552fd9299ffac40a71c35c755dc3b9bf88082fbe35727d232530f7a26b22c90103012008ff6686fff559ddcf44245345a6d7be8903a22a55456130c81598ae99b4cd940102000120dd9b4429e94ddedce007f5d75070bc7ddb508c44a38ae8a4b579704146bceaf600012001f8772268aee39912de6e1f8f3e6e21ede917ae9402746a6844a028d003208c010200010201f8a5720b44ecdfdf3f011437db2e1f1e74d0808bdb0db442af8fbcf599ff4f0001f85f2c0c91d3b7f73f011453e87e8937d35e8adad97ab91cd905f609374cb000010000012070fa6d34cfedaf1233a57c86bdb6c1fdde45cf7234a7c459e052edc9116d588301f82a9437a59a400472014050cf11a20cc725c00bd1b3242bc6ef360909102be7d8c2f227b4591af8caee88cdee2b11340b6637fa045372cd40e5a76ef7e8074218e544c2e377cb7882bf8a01405a47af20a0858be899787e73b40ae6cfa5ca0097f8a682fc90fe537b6f5856ef63552fd9299ffac40a71c35c755dc3b9bf88082fbe35727d232530f7a26b22c9010101207ee03c9aabdfe440dbfed22a3d2139cc8deeb9965f0c74feee33ca5e96c83e5000010201f8a5720b44ecdfdf3f01144907e9109da98730d2ebc01601fd02ad466a44700001f8ab917e7702040440011453e87e8937d35e8adad97ab91cd905f609374cb000010000012085c70ed944c001cbaf5ad77f31a8157cecda2b580ca9ee04bf983784dfd40e9d01f82a9437a6f5c594de0140312cc37d356535ef2fa060dc31f7855c8c0a66027de9ce67369f14c14a629b6934102070226efdc12e9e4f94241bab3a0763afdd14bcb63a0da074681e25050401405a47af20a0858be899787e73b40ae6cfa5ca0097f8a682fc90fe537b6f5856ef63552fd9299ffac40a71c35c755dc3b9bf88082fbe35727d232530f7a26b22c90101012070fa6d34cfedaf1233a57c86bdb6c1fdde45cf7234a7c459e052edc9116d5883010200010201f8a5720b44ecdfdf3f0114de442f36111b93d8d11affd2c53da6cb3a25ba540001f85623fdee04080040011453e87e8937d35e8adad97ab91cd905f609374cb00001000001207a49eb3f5bcff6fc164577d6d5024d45618164f57bfa2925f70fd23cdb5737de01f82a9437a7cf5f2c34014046cb5942f74b6ae410341fa62ddc1a14e3e010e5310afe6cd7f31290c4253a19452579e0981e28661ba9b3b372e442a284d7d62e3af4ec543a96f15ec62e1fba01405a47af20a0858be899787e73b40ae6cfa5ca0097f8a682fc90fe537b6f5856ef63552fd9299ffac40a71c35c755dc3b9bf88082fbe35727d232530f7a26b22c90101012085c70ed944c001cbaf5ad77f31a8157cecda2b580ca9ee04bf983784dfd40e9d010200010201f8a5720b44ecdfdf3f011437db2e1f1e74d0808bdb0db442af8fbcf599ff4f0001f8036af7cc0e18f83f011453e87e8937d35e8adad97ab91cd905f609374cb00001000001207d399446f70135d5dd47dd1fc0ab363d4a3038fedce39201034ac087fef4914901f82a9437a8b5f15d3c01406ad26be1202c646548fcb69bc9b7dbe51a9896daa5e779ca4c047a8a81f24b6ae48a26e31a13e42c0975dc304858297e9c7ea7afc540fa5a2c342e8b374cbabc01405a47af20a0858be899787e73b40ae6cfa5ca0097f8a682fc90fe537b6f5856ef63552fd9299ffac40a71c35c755dc3b9bf88082fbe35727d232530f7a26b22c9010101207a49eb3f5bcff6fc164577d6d5024d45618164f57bfa2925f70fd23cdb5737de010200010201f8a5720b44ecdfdf3f01144907e9109da98730d2ebc01601fd02ad466a44700001f85a8df4bb1320f03f011453e87e8937d35e8adad97ab91cd905f609374cb00001000001206ef839f6208ae027003a938b3435e5c4bfdb959d8cfe15a73612a67f9a07097d01f82a9437a9c34e2cae01403c2f8ab67cb3957b30dac95b8be0f5da5882e230ed0a3c1568c7b536ac6cc0a97f45643b56ccffcd34d23ada473053a2ea31924ff0561da53686cc458240662c01405a47af20a0858be899787e73b40ae6cfa5ca0097f8a682fc90fe537b6f5856ef63552fd9299ffac40a71c35c755dc3b9bf88082fbe35727d232530f7a26b22c9010101207d399446f70135d5dd47dd1fc0ab363d4a3038fedce39201034ac087fef49149010200010201f8a5720b44ecdfdf3f0114de442f36111b93d8d11affd2c53da6cb3a25ba540001f86261e3553150e03f011453e87e8937d35e8adad97ab91cd905f609374cb0000100000120f8767e2823f7d1334b9e5256a5e75aec1d4591dafb514565f0a2b54134e9c8a501f82a9437aa8ea934da0301020100010101fe2440011453e87e8937d35e8adad97ab91cd905f609374cb00001000001200000ab51db953f8a0f917d48751a61ea46f29e23f821f7ee405a9040e9df4990012000008ff5bf97c56ef23f43959e5e06ed22eec2178b68587447db4033eba3ad6d01fe01f0010c00'),('0000ab51db953f8a0f917d48751a61ea46f29e23f821f7ee405a9040e9df4990','63ff8d03010105426c6f636b01ff8e000106010954696d657374616d70010400010c5472616e73616374696f6e7301ff9000010d50726576426c6f636b48617368010a00010448617368010a0001054e6f6e63650104000106486569676874010400000027ff8f020101185b5d737472756374757265732e5472616e73616374696f6e01ff900001ff82000075ff810301010b5472616e73616374696f6e01ff8200010801024944010a00010454696d6501040001095369676e6174757265010a00010842795075624b6579010a00010356696e01ff86000104566f757401ff8a00010a53514c436f6d6d616e6401ff8c00010953514c426173655458010a0000002bff850201011c5b5d737472756374757265732e545843757272656e6379496e70757401ff860001ff8400002fff830301010f545843757272656e6379496e70757401ff84000102010454786964010a000104566f757401040000002dff890201011e5b5d737472756374757265732e54584375727272656e63794f757470757401ff8a0001ff88000038ff870301011154584375727272656e63794f757470757401ff88000102010556616c7565010800010a5075624b657948617368010a00000057ff8b0301010953514c55706461746501ff8c000104010b5265666572656e63654944010a0001055175657279010a00010d526f6c6c6261636b5175657279010a00010f507265765472616e73616374696f6e010a000000fe06a3ff8e01fcb6e0127801060120e2089f6a235cc7c16552f7c8daa513b306a583491ceecc8f33603846267ec02301f82a9437597c62a30c01403ba9f196534ea8f94fe19b8a4b5c69ff504969e789822a210eb89d33395eecfd47d9b5405debff0fbeac52a8d679c24e8b43a6705fdb64a550e2301969d5b57a01405dad72a4bb1a748684ba23af710fd362d0192e3a22793a61925f33a64e9bb8f898c725f6b4966abe5f5993ff4dbc4f0c28c17a162b223b65b63a0e55f08b32a50102012039231d34bc0565e2bfc37b0485ed751c91dc91543dd0a429e171e48ea19bc9a20102000120b6af2b05b3b323b48c097312573727c8cc9a980d10e1b4c3b7a73fed618a808600010201f89d6a6777cc69843f0114430632734828a49f23d9cfe5d4a7d18503f3e3660001f880f07fec9a352d3f0114d11f6ee399d9c0a8bb67931db0075ef0b89cf34a000100000120dd9b4429e94ddedce007f5d75070bc7ddb508c44a38ae8a4b579704146bceaf601f82a9437598f18855c014096802cee0d5ff6aaf2cfb19994a25362b9c71d3bed8a71543873d770b0c58f5dd29383c4fc9785ab9951f1456ca5de311a0e0047f20dee7b410aa408eb10fd0f0140d90a41bc9961c6abb5595e55e005f0a9b1196e08b4f2bfe6f4d0a743b11fb5415a4ed186255bf703850adb20249830930956b95d57232c5f178379e3fba9ef1f010201209388b7c0a8930e99d814d38c6203c0df6da9455b761505cc8653a87982376697010200012039231d34bc0565e2bfc37b0485ed751c91dc91543dd0a429e171e48ea19bc9a200010201f894677f1ca412843f011453e87e8937d35e8adad97ab91cd905f609374cb00001f84078bbb95395213f0114430632734828a49f23d9cfe5d4a7d18503f3e36600010000012008ff6686fff559ddcf44245345a6d7be8903a22a55456130c81598ae99b4cd9401f82a9437599af9d3be0140861d74054a2720f0bc4e4b25c1577abcf9384adae606edb76af2868c8d39f791acc83870cc4c9166a22e9bb16a231fca81434a23f44c729374a11773bd8acd3e01405a47af20a0858be899787e73b40ae6cfa5ca0097f8a682fc90fe537b6f5856ef63552fd9299ffac40a71c35c755dc3b9bf88082fbe35727d232530f7a26b22c901020120b6af2b05b3b323b48c097312573727c8cc9a980d10e1b4c3b7a73fed618a808601020001209388b7c0a8930e99d814d38c6203c0df6da9455b761505cc8653a8798237669700010201f8b6d05b5dcad0833f0114d11f6ee399d9c0a8bb67931db0075ef0b89cf34a0001f8c039abcb4a0f2a3f011453e87e8937d35e8adad97ab91cd905f609374cb000010000012001f8772268aee39912de6e1f8f3e6e21ede917ae9402746a6844a028d003208c01f82a943759a5223b5a0140a6fac8454c2913828088002cc143ae1296ff62361d1dcd4c76a6e1f6418f30b9c762c0eb9cfa6e0385db7a6b15a02a64c1090084de916aa46e37b4773ed3090801405a47af20a0858be899787e73b40ae6cfa5ca0097f8a682fc90fe537b6f5856ef63552fd9299ffac40a71c35c755dc3b9bf88082fbe35727d232530f7a26b22c90101012009ca5f0ecd2b7ce6b8738e15c398c766483bd0591718d6182a942d5aa9aa5451010200010201f8b0111481e2ae833f0114d11f6ee399d9c0a8bb67931db0075ef0b89cf34a0001f8dfac7fdfd886ff3f011453e87e8937d35e8adad97ab91cd905f609374cb000010000012044784028e3b90de25887569796fc7f2c0f7ebc6839ed1348208a2f26c704df1f01f82a943759ad2381700140bf44adb7ab65a5fa5a00fe42e9fbeb45a6850a70bf6fa64d29c57c16f0bb5042c79b25186e1956b9b89ff3c82aef5fcb6b18443f8be6814dcc5c25945d06948901405dad72a4bb1a748684ba23af710fd362d0192e3a22793a61925f33a64e9bb8f898c725f6b4966abe5f5993ff4dbc4f0c28c17a162b223b65b63a0e55f08b32a50101012009ca5f0ecd2b7ce6b8738e15c398c766483bd0591718d6182a942d5aa9aa545100010201f8b0111481e2ae833f0114430632734828a49f23d9cfe5d4a7d18503f3e3660001f8a01d6bca3e5d373f0114d11f6ee399d9c0a8bb67931db0075ef0b89cf34a000100000120aca7cd973ec3c5d8a5947ccaa1dc4ebb4ad4c812ec3650ef01ef121226de622c01f82a943759b7a79e640301020100010101fe24400114d11f6ee399d9c0a8bb67931db0075ef0b89cf34a000100000120000012054faf4690d846ab73c014797a214d6a5d786fc255bcabe2cd6941c07401200000ab51db953f8a0f917d48751a61ea46f29e23f821f7ee405a9040e9df499001fe5932010a00'),('0000b53183044b28225c5fbe2cf27f333f30aa25c93eed9d26b8c62117e35439','63ff8d03010105426c6f636b01ff8e000106010954696d657374616d70010400010c5472616e73616374696f6e7301ff9000010d50726576426c6f636b48617368010a00010448617368010a0001054e6f6e63650104000106486569676874010400000027ff8f020101185b5d737472756374757265732e5472616e73616374696f6e01ff900001ff82000075ff810301010b5472616e73616374696f6e01ff8200010801024944010a00010454696d6501040001095369676e6174757265010a00010842795075624b6579010a00010356696e01ff86000104566f757401ff8a00010a53514c436f6d6d616e6401ff8c00010953514c426173655458010a0000002bff850201011c5b5d737472756374757265732e545843757272656e6379496e70757401ff860001ff8400002fff830301010f545843757272656e6379496e70757401ff84000102010454786964010a000104566f757401040000002dff890201011e5b5d737472756374757265732e54584375727272656e63794f757470757401ff8a0001ff88000038ff870301011154584375727272656e63794f757470757401ff88000102010556616c7565010800010a5075624b657948617368010a00000057ff8b0301010953514c55706461746501ff8c000104010b5265666572656e63654944010a0001055175657279010a00010d526f6c6c6261636b5175657279010a00010f507265765472616e73616374696f6e010a000000ff82ff8e01fcb6e01244010101206e11200b32cddcedb8aec5a34445ee83a528069df5e01d6633beac432b7e76fe01f82a94374da3fac9120301020100010101fe24400114d11f6ee399d9c0a8bb67931db0075ef0b89cf34a0001000002200000b53183044b28225c5fbe2cf27f333f30aa25c93eed9d26b8c62117e3543901fe97f000'),('66','0000b53183044b28225c5fbe2cf27f333f30aa25c93eed9d26b8c62117e35439'),('6c','0000580bc46aac34460acb3c103a954823102831ee574db988d75906131845cb');

/*!40000 ALTER TABLE blocks ENABLE KEYS */;
UNLOCK TABLES;

--
-- Table structure for table nodes
--

DROP TABLE IF EXISTS nodes;
/*!40101 SET @saved_cs_client     = @@character_set_client */;
/*!40101 SET character_set_client = utf8 */;
CREATE TABLE `nodes` (
  `k` varbinary(100) NOT NULL,
  `v` varbinary(200) DEFAULT NULL,
  PRIMARY KEY (`k`)
) ENGINE=InnoDB DEFAULT CHARSET=latin1;
/*!40101 SET character_set_client = @saved_cs_client */;
--
-- Dumping data for table nodes
--

LOCK TABLES nodes WRITE;
/*!40000 ALTER TABLE nodes DISABLE KEYS */;

INSERT INTO nodes VALUES ('6c6f63616c686f73743a3330303034','6c6f63616c686f73743a3330303034'),('6c6f63616c686f73743a3330303035','6c6f63616c686f73743a3330303035');

/*!40000 ALTER TABLE nodes ENABLE KEYS */;
UNLOCK TABLES;

--
-- Table structure for table transactions
--

DROP TABLE IF EXISTS transactions;
/*!40101 SET @saved_cs_client     = @@character_set_client */;
/*!40101 SET character_set_client = utf8 */;
CREATE TABLE `transactions` (
  `k` varbinary(100) NOT NULL,
  `v` blob,
  PRIMARY KEY (`k`)
) ENGINE=InnoDB DEFAULT CHARSET=latin1;
/*!40101 SET character_set_client = @saved_cs_client */;
--
-- Dumping data for table transactions
--

LOCK TABLES transactions WRITE;
/*!40000 ALTER TABLE transactions DISABLE KEYS */;

INSERT INTO transactions VALUES ('01b7161388474753c9b4c136a312f396ade0a9e6077dcfd3e13a0aae4f2b0dca','0cff91020102ff9200010a000025ff9200012000002f1699168e04d96dffdabf08ca941051b8cf55989692be20c1b5d167c558'),('01f8772268aee39912de6e1f8f3e6e21ede917ae9402746a6844a028d003208c','0cff91020102ff9200010a000025ff920001200000ab51db953f8a0f917d48751a61ea46f29e23f821f7ee405a9040e9df4990'),('052df7196e6c3158791ba30616a291e32c50438b12476780906df8b52b03cca8','17ff95020101095b5d5b5d75696e743801ff9600010a000025ff9600012000007a5bafb378e310010e52eadc5ccbc02642d142796889a1065db3375a6118'),('06a85a3b84f0c2c922da825d13d419ecb82ee808b3895d572619a989eb7a49e0','17ff95020101095b5d5b5d75696e743801ff9600010a000025ff960001200000580bc46aac34460acb3c103a954823102831ee574db988d75906131845cb'),('08ff6686fff559ddcf44245345a6d7be8903a22a55456130c81598ae99b4cd94','0cff91020102ff9200010a000025ff920001200000ab51db953f8a0f917d48751a61ea46f29e23f821f7ee405a9040e9df4990'),('09ca5f0ecd2b7ce6b8738e15c398c766483bd0591718d6182a942d5aa9aa5451','0cff91020102ff9200010a000025ff92000120000012054faf4690d846ab73c014797a214d6a5d786fc255bcabe2cd6941c074'),('122affaf6c835812b367c8e91681b9563e7d66ca4af1fa3daf0899311371eb29','0cff91020102ff9200010a000025ff9200012000002f1699168e04d96dffdabf08ca941051b8cf55989692be20c1b5d167c558'),('220821eaebb5c54acf4f896a96ffd19c3f7b381e9efb0b689c5fd3e5caea5c6c','0cff91020102ff9200010a000025ff9200012000002f1699168e04d96dffdabf08ca941051b8cf55989692be20c1b5d167c558'),('230c81563da613613873dc9f83228f475cc6edc6b9087dacf9a4aed35da56fc9','17ff95020101095b5d5b5d75696e743801ff9600010a000025ff960001200000580bc46aac34460acb3c103a954823102831ee574db988d75906131845cb'),('3243df0a6b39ac6798f59925f272ec2c7c3b30af5b6a72a91d723dfa976b2ae5','17ff95020101095b5d5b5d75696e743801ff9600010a000025ff960001200000580bc46aac34460acb3c103a954823102831ee574db988d75906131845cb'),('3437f70d202a8fcfc420f29582e82e44048ba1f1e1b1cab85c70ba15014ac8b6','17ff95020101095b5d5b5d75696e743801ff9600010a000025ff960001200000580bc46aac34460acb3c103a954823102831ee574db988d75906131845cb'),('3922d3ecff6cf32087d9a4554ca69c1e69767672b53c74ee5c8d465c07786de4','0cff91020102ff9200010a000025ff9200012000003e21d815b25b7d2fb28c321c72addda9995ddf0ddc5c03e81393470b7793'),('39231d34bc0565e2bfc37b0485ed751c91dc91543dd0a429e171e48ea19bc9a2','0cff91020102ff9200010a000025ff92000120000012054faf4690d846ab73c014797a214d6a5d786fc255bcabe2cd6941c074'),('44784028e3b90de25887569796fc7f2c0f7ebc6839ed1348208a2f26c704df1f','0cff91020102ff9200010a000025ff920001200000ab51db953f8a0f917d48751a61ea46f29e23f821f7ee405a9040e9df4990'),('50659fca7de88011f03589991a1de53df3ca5e030a32cee53a811fc0cbc12989','17ff95020101095b5d5b5d75696e743801ff9600010a000025ff9600012000007a5bafb378e310010e52eadc5ccbc02642d142796889a1065db3375a6118'),('6503b001a39a2508957a8ffc528597dddae26d82313038f9442ef41a77c58d02','17ff95020101095b5d5b5d75696e743801ff9600010a000025ff9600012000007a5bafb378e310010e52eadc5ccbc02642d142796889a1065db3375a6118'),('65b93a944a8e840f2667c792921296562ac4d1af7bcc0042b609afc925cad9f9','17ff95020101095b5d5b5d75696e743801ff9600010a000025ff960001200000580bc46aac34460acb3c103a954823102831ee574db988d75906131845cb'),('66ab2b26bb150a97014a65ea1d1e3a7d9140ab027bf4bc34f6d33045acdae041','0cff91020102ff9200010a000025ff9200012000002f1699168e04d96dffdabf08ca941051b8cf55989692be20c1b5d167c558'),('68cda3eb8d1a55e474f013797b79246bea51210d123456d4c2e50f138784c0a4','0cff91020102ff9200010a000025ff92000120000012054faf4690d846ab73c014797a214d6a5d786fc255bcabe2cd6941c074'),('6a630ea32f17b98243b185fd89dd7a2aba291c29b489694cf6af832169d5a013','0cff91020102ff9200010a000025ff9200012000001a3ace3c14910efc2f0ded7cf953291d6700c31c6cbbd9c296bae7053523'),('6e11200b32cddcedb8aec5a34445ee83a528069df5e01d6633beac432b7e76fe','0cff91020102ff9200010a000025ff920001200000b53183044b28225c5fbe2cf27f333f30aa25c93eed9d26b8c62117e35439'),('6ef839f6208ae027003a938b3435e5c4bfdb959d8cfe15a73612a67f9a07097d','17ff95020101095b5d5b5d75696e743801ff9600010a000025ff9600012000008ff5bf97c56ef23f43959e5e06ed22eec2178b68587447db4033eba3ad6d'),('70fa6d34cfedaf1233a57c86bdb6c1fdde45cf7234a7c459e052edc9116d5883','17ff95020101095b5d5b5d75696e743801ff9600010a000025ff9600012000008ff5bf97c56ef23f43959e5e06ed22eec2178b68587447db4033eba3ad6d'),('75de01d2d0cad34d1d6fc3882aa3ad776642e0b695459ea0d6a8782e2b152ba4','17ff95020101095b5d5b5d75696e743801ff9600010a000025ff960001200000580bc46aac34460acb3c103a954823102831ee574db988d75906131845cb'),('7a49eb3f5bcff6fc164577d6d5024d45618164f57bfa2925f70fd23cdb5737de','17ff95020101095b5d5b5d75696e743801ff9600010a000025ff9600012000008ff5bf97c56ef23f43959e5e06ed22eec2178b68587447db4033eba3ad6d'),('7ce36713bcbde73d29d2ae0a943640de0f89222c1d650afd6ff627bd4ced5a05','17ff95020101095b5d5b5d75696e743801ff9600010a000025ff960001200000580bc46aac34460acb3c103a954823102831ee574db988d75906131845cb'),('7d399446f70135d5dd47dd1fc0ab363d4a3038fedce39201034ac087fef49149','17ff95020101095b5d5b5d75696e743801ff9600010a000025ff9600012000008ff5bf97c56ef23f43959e5e06ed22eec2178b68587447db4033eba3ad6d'),('7ee03c9aabdfe440dbfed22a3d2139cc8deeb9965f0c74feee33ca5e96c83e50','0cff91020102ff9200010a000025ff9200012000001a3ace3c14910efc2f0ded7cf953291d6700c31c6cbbd9c296bae7053523'),('85c70ed944c001cbaf5ad77f31a8157cecda2b580ca9ee04bf983784dfd40e9d','17ff95020101095b5d5b5d75696e743801ff9600010a000025ff9600012000008ff5bf97c56ef23f43959e5e06ed22eec2178b68587447db4033eba3ad6d'),('9388b7c0a8930e99d814d38c6203c0df6da9455b761505cc8653a87982376697','0cff91020102ff9200010a000025ff92000120000012054faf4690d846ab73c014797a214d6a5d786fc255bcabe2cd6941c074'),('a251fbdc1308db6c85246ad8eadd8e3572a6a96d38ac0942930d47f31e997bd7','17ff95020101095b5d5b5d75696e743801ff9600010a000025ff9600012000007a5bafb378e310010e52eadc5ccbc02642d142796889a1065db3375a6118'),('a2b7c17f05b0041647d599eb2e7e894f568f4cc0996a84eb2db0a5e09aad3908','17ff95020101095b5d5b5d75696e743801ff9600010a000025ff9600012000008ff5bf97c56ef23f43959e5e06ed22eec2178b68587447db4033eba3ad6d'),('a8184d02f937cfc53f347bca3f6ba8290c6b6d3fe1b92a9de9551d442cdc668e','17ff95020101095b5d5b5d75696e743801ff9600010a000025ff960001200000580bc46aac34460acb3c103a954823102831ee574db988d75906131845cb'),('aca7cd973ec3c5d8a5947ccaa1dc4ebb4ad4c812ec3650ef01ef121226de622c','0cff91020102ff9200010a000025ff920001200000ab51db953f8a0f917d48751a61ea46f29e23f821f7ee405a9040e9df4990'),('b6af2b05b3b323b48c097312573727c8cc9a980d10e1b4c3b7a73fed618a8086','0cff91020102ff9200010a000025ff92000120000012054faf4690d846ab73c014797a214d6a5d786fc255bcabe2cd6941c074'),('c881b1ec97004fee6ef4c6b351b863671b7cede51401aa2e41b1d3cd1fe38699','17ff95020101095b5d5b5d75696e743801ff9600010a000025ff9600012000007a5bafb378e310010e52eadc5ccbc02642d142796889a1065db3375a6118'),('c8ec1016bd5e101e3e0e93ad9d1aaa9e5dd248042529820bd8155edfbc92ec3f','17ff95020101095b5d5b5d75696e743801ff9600010a000025ff9600012000007a5bafb378e310010e52eadc5ccbc02642d142796889a1065db3375a6118'),('dd9b4429e94ddedce007f5d75070bc7ddb508c44a38ae8a4b579704146bceaf6','0cff91020102ff9200010a000025ff920001200000ab51db953f8a0f917d48751a61ea46f29e23f821f7ee405a9040e9df4990'),('df074e36bc4c2d77bd03331a0bf32ad79bf5297a1d2799a9e1e62b3330e5f685','0cff91020102ff9200010a000025ff9200012000003e21d815b25b7d2fb28c321c72addda9995ddf0ddc5c03e81393470b7793'),('e2089f6a235cc7c16552f7c8daa513b306a583491ceecc8f33603846267ec023','0cff91020102ff9200010a000025ff920001200000ab51db953f8a0f917d48751a61ea46f29e23f821f7ee405a9040e9df4990'),('e29d880a23dcce6028aee4b59c4d27025534797b04b7ffc6a99b5fa811d26f69','17ff95020101095b5d5b5d75696e743801ff9600010a000025ff9600012000007a5bafb378e310010e52eadc5ccbc02642d142796889a1065db3375a6118'),('f0d97d64197b330eb3b1cc79fb79e6203fbdcdca11c06ff0b467be090a357bcb','0cff91020102ff9200010a000025ff9200012000001a3ace3c14910efc2f0ded7cf953291d6700c31c6cbbd9c296bae7053523'),('f8767e2823f7d1334b9e5256a5e75aec1d4591dafb514565f0a2b54134e9c8a5','17ff95020101095b5d5b5d75696e743801ff9600010a000025ff9600012000008ff5bf97c56ef23f43959e5e06ed22eec2178b68587447db4033eba3ad6d'),('faa45705108df96cb0e4b00cc65b189933c380dd81d4a849aa1eae4ee7856f31','17ff95020101095b5d5b5d75696e743801ff9600010a000025ff9600012000007a5bafb378e310010e52eadc5ccbc02642d142796889a1065db3375a6118'),('fb40677756fb1da7a22038db21d64587d829f39ad947fdd8bd35baa00ce799cd','17ff95020101095b5d5b5d75696e743801ff9600010a000025ff960001200000580bc46aac34460acb3c103a954823102831ee574db988d75906131845cb');

/*!40000 ALTER TABLE transactions ENABLE KEYS */;
UNLOCK TABLES;

--
-- Table structure for table transactionsoutputs
--

DROP TABLE IF EXISTS transactionsoutputs;
/*!40101 SET @saved_cs_client     = @@character_set_client */;
/*!40101 SET character_set_client = utf8 */;
CREATE TABLE `transactionsoutputs` (
  `k` varbinary(100) NOT NULL,
  `v` blob,
  PRIMARY KEY (`k`)
) ENGINE=InnoDB DEFAULT CHARSET=latin1;
/*!40101 SET character_set_client = @saved_cs_client */;
--
-- Dumping data for table transactionsoutputs
--

LOCK TABLES transactionsoutputs WRITE;
/*!40000 ALTER TABLE transactionsoutputs DISABLE KEYS */;

INSERT INTO transactionsoutputs VALUES ('01b7161388474753c9b4c136a312f396ade0a9e6077dcfd3e13a0aae4f2b0dca','0dff95020102ff960001ff9400005eff930301011d5472616e73616374696f6e73496e6465785370656e744f75747075747301ff9400010401064f7574496e64010400010b5458576865726555736564010a000105496e496e640104000109426c6f636b48617368010a00000049ff9600010220b6af2b05b3b323b48c097312573727c8cc9a980d10e1b4c3b7a73fed618a80860220000012054faf4690d846ab73c014797a214d6a5d786fc255bcabe2cd6941c07400'),('01f8772268aee39912de6e1f8f3e6e21ede917ae9402746a6844a028d003208c','0dffa5020102ffa60001ffa400005effa30301011d5472616e73616374696f6e73496e6465785370656e744f75747075747301ffa400010401064f7574496e64010400010b5458576865726555736564010a000105496e496e640104000109426c6f636b48617368010a0000004dffa6000101020120a2b7c17f05b0041647d599eb2e7e894f568f4cc0996a84eb2db0a5e09aad39080104012000008ff5bf97c56ef23f43959e5e06ed22eec2178b68587447db4033eba3ad6d00'),('052df7196e6c3158791ba30616a291e32c50438b12476780906df8b52b03cca8','0dffa5020102ffa60001ffa400005effa30301011d5472616e73616374696f6e73496e6465785370656e744f75747075747301ffa400010401064f7574496e64010400010b5458576865726555736564010a000105496e496e640104000109426c6f636b48617368010a0000004bffa6000101020120230c81563da613613873dc9f83228f475cc6edc6b9087dacf9a4aed35da56fc902200000580bc46aac34460acb3c103a954823102831ee574db988d75906131845cb00'),('08ff6686fff559ddcf44245345a6d7be8903a22a55456130c81598ae99b4cd94','0dffa5020102ffa60001ffa400005effa30301011d5472616e73616374696f6e73496e6465785370656e744f75747075747301ffa400010401064f7574496e64010400010b5458576865726555736564010a000105496e496e640104000109426c6f636b48617368010a0000004bffa6000101020120a2b7c17f05b0041647d599eb2e7e894f568f4cc0996a84eb2db0a5e09aad3908022000008ff5bf97c56ef23f43959e5e06ed22eec2178b68587447db4033eba3ad6d00'),('09ca5f0ecd2b7ce6b8738e15c398c766483bd0591718d6182a942d5aa9aa5451','0dff95020102ff960001ff9400005eff930301011d5472616e73616374696f6e73496e6465785370656e744f75747075747301ff9400010401064f7574496e64010400010b5458576865726555736564010a000105496e496e640104000109426c6f636b48617368010a000000ff90ff9600020102012001f8772268aee39912de6e1f8f3e6e21ede917ae9402746a6844a028d003208c02200000ab51db953f8a0f917d48751a61ea46f29e23f821f7ee405a9040e9df499000022044784028e3b90de25887569796fc7f2c0f7ebc6839ed1348208a2f26c704df1f02200000ab51db953f8a0f917d48751a61ea46f29e23f821f7ee405a9040e9df499000'),('220821eaebb5c54acf4f896a96ffd19c3f7b381e9efb0b689c5fd3e5caea5c6c','0dff95020102ff960001ff9400005eff930301011d5472616e73616374696f6e73496e6465785370656e744f75747075747301ff9400010401064f7574496e64010400010b5458576865726555736564010a000105496e496e640104000109426c6f636b48617368010a00000049ff96000102209388b7c0a8930e99d814d38c6203c0df6da9455b761505cc8653a879823766970220000012054faf4690d846ab73c014797a214d6a5d786fc255bcabe2cd6941c07400'),('230c81563da613613873dc9f83228f475cc6edc6b9087dacf9a4aed35da56fc9','0dffa5020102ffa60001ffa400005effa30301011d5472616e73616374696f6e73496e6465785370656e744f75747075747301ffa400010401064f7574496e64010400010b5458576865726555736564010a000105496e496e640104000109426c6f636b48617368010a0000004bffa600010102012065b93a944a8e840f2667c792921296562ac4d1af7bcc0042b609afc925cad9f902200000580bc46aac34460acb3c103a954823102831ee574db988d75906131845cb00'),('3922d3ecff6cf32087d9a4554ca69c1e69767672b53c74ee5c8d465c07786de4','0dff95020102ff960001ff9400005eff930301011d5472616e73616374696f6e73496e6465785370656e744f75747075747301ff9400010401064f7574496e64010400010b5458576865726555736564010a000105496e496e640104000109426c6f636b48617368010a00000049ff96000102207ee03c9aabdfe440dbfed22a3d2139cc8deeb9965f0c74feee33ca5e96c83e50022000001a3ace3c14910efc2f0ded7cf953291d6700c31c6cbbd9c296bae705352300'),('39231d34bc0565e2bfc37b0485ed751c91dc91543dd0a429e171e48ea19bc9a2','0dff95020102ff960001ff9400005eff930301011d5472616e73616374696f6e73496e6465785370656e744f75747075747301ff9400010401064f7574496e64010400010b5458576865726555736564010a000105496e496e640104000109426c6f636b48617368010a000000ff92ff96000201020120e2089f6a235cc7c16552f7c8daa513b306a583491ceecc8f33603846267ec02302200000ab51db953f8a0f917d48751a61ea46f29e23f821f7ee405a9040e9df4990000220dd9b4429e94ddedce007f5d75070bc7ddb508c44a38ae8a4b579704146bceaf6010201200000ab51db953f8a0f917d48751a61ea46f29e23f821f7ee405a9040e9df499000'),('50659fca7de88011f03589991a1de53df3ca5e030a32cee53a811fc0cbc12989','0dffa5020102ffa60001ffa400005effa30301011d5472616e73616374696f6e73496e6465785370656e744f75747075747301ffa400010401064f7574496e64010400010b5458576865726555736564010a000105496e496e640104000109426c6f636b48617368010a0000004bffa60001010201207ce36713bcbde73d29d2ae0a943640de0f89222c1d650afd6ff627bd4ced5a0502200000580bc46aac34460acb3c103a954823102831ee574db988d75906131845cb00'),('6503b001a39a2508957a8ffc528597dddae26d82313038f9442ef41a77c58d02','0dffa5020102ffa60001ffa400005effa30301011d5472616e73616374696f6e73496e6465785370656e744f75747075747301ffa400010401064f7574496e64010400010b5458576865726555736564010a000105496e496e640104000109426c6f636b48617368010a0000004bffa6000101020120faa45705108df96cb0e4b00cc65b189933c380dd81d4a849aa1eae4ee7856f31022000007a5bafb378e310010e52eadc5ccbc02642d142796889a1065db3375a611800'),('65b93a944a8e840f2667c792921296562ac4d1af7bcc0042b609afc925cad9f9','0dffa5020102ffa60001ffa400005effa30301011d5472616e73616374696f6e73496e6465785370656e744f75747075747301ffa400010401064f7574496e64010400010b5458576865726555736564010a000105496e496e640104000109426c6f636b48617368010a0000004bffa60001010201203437f70d202a8fcfc420f29582e82e44048ba1f1e1b1cab85c70ba15014ac8b602200000580bc46aac34460acb3c103a954823102831ee574db988d75906131845cb00'),('66ab2b26bb150a97014a65ea1d1e3a7d9140ab027bf4bc34f6d33045acdae041','0dff95020102ff960001ff9400005eff930301011d5472616e73616374696f6e73496e6465785370656e744f75747075747301ff9400010401064f7574496e64010400010b5458576865726555736564010a000105496e496e640104000109426c6f636b48617368010a000000ff90ff960002022039231d34bc0565e2bfc37b0485ed751c91dc91543dd0a429e171e48ea19bc9a20220000012054faf4690d846ab73c014797a214d6a5d786fc255bcabe2cd6941c074000102012009ca5f0ecd2b7ce6b8738e15c398c766483bd0591718d6182a942d5aa9aa54510220000012054faf4690d846ab73c014797a214d6a5d786fc255bcabe2cd6941c07400'),('6a630ea32f17b98243b185fd89dd7a2aba291c29b489694cf6af832169d5a013','0dff95020102ff960001ff9400005eff930301011d5472616e73616374696f6e73496e6465785370656e744f75747075747301ff9400010401064f7574496e64010400010b5458576865726555736564010a000105496e496e640104000109426c6f636b48617368010a000000ff90ff96000201020120220821eaebb5c54acf4f896a96ffd19c3f7b381e9efb0b689c5fd3e5caea5c6c022000002f1699168e04d96dffdabf08ca941051b8cf55989692be20c1b5d167c55800022066ab2b26bb150a97014a65ea1d1e3a7d9140ab027bf4bc34f6d33045acdae041022000002f1699168e04d96dffdabf08ca941051b8cf55989692be20c1b5d167c55800'),('6e11200b32cddcedb8aec5a34445ee83a528069df5e01d6633beac432b7e76fe','0dff95020102ff960001ff9400005eff930301011d5472616e73616374696f6e73496e6465785370656e744f75747075747301ff9400010401064f7574496e64010400010b5458576865726555736564010a000105496e496e640104000109426c6f636b48617368010a00000049ff9600010220df074e36bc4c2d77bd03331a0bf32ad79bf5297a1d2799a9e1e62b3330e5f685022000003e21d815b25b7d2fb28c321c72addda9995ddf0ddc5c03e81393470b779300'),('6ef839f6208ae027003a938b3435e5c4bfdb959d8cfe15a73612a67f9a07097d','0dffa5020102ffa60001ffa400005effa30301011d5472616e73616374696f6e73496e6465785370656e744f75747075747301ffa400010401064f7574496e64010400010b5458576865726555736564010a000105496e496e640104000109426c6f636b48617368010a0000004bffa6000101020120052df7196e6c3158791ba30616a291e32c50438b12476780906df8b52b03cca8022000007a5bafb378e310010e52eadc5ccbc02642d142796889a1065db3375a611800'),('70fa6d34cfedaf1233a57c86bdb6c1fdde45cf7234a7c459e052edc9116d5883','0dffa5020102ffa60001ffa400005effa30301011d5472616e73616374696f6e73496e6465785370656e744f75747075747301ffa400010401064f7574496e64010400010b5458576865726555736564010a000105496e496e640104000109426c6f636b48617368010a0000004bffa600010102012085c70ed944c001cbaf5ad77f31a8157cecda2b580ca9ee04bf983784dfd40e9d022000008ff5bf97c56ef23f43959e5e06ed22eec2178b68587447db4033eba3ad6d00'),('75de01d2d0cad34d1d6fc3882aa3ad776642e0b695459ea0d6a8782e2b152ba4','0dffa5020102ffa60001ffa400005effa30301011d5472616e73616374696f6e73496e6465785370656e744f75747075747301ffa400010401064f7574496e64010400010b5458576865726555736564010a000105496e496e640104000109426c6f636b48617368010a0000004dffa60001010201203437f70d202a8fcfc420f29582e82e44048ba1f1e1b1cab85c70ba15014ac8b6010201200000580bc46aac34460acb3c103a954823102831ee574db988d75906131845cb00'),('7a49eb3f5bcff6fc164577d6d5024d45618164f57bfa2925f70fd23cdb5737de','0dffa5020102ffa60001ffa400005effa30301011d5472616e73616374696f6e73496e6465785370656e744f75747075747301ffa400010401064f7574496e64010400010b5458576865726555736564010a000105496e496e640104000109426c6f636b48617368010a0000004bffa60001010201207d399446f70135d5dd47dd1fc0ab363d4a3038fedce39201034ac087fef49149022000008ff5bf97c56ef23f43959e5e06ed22eec2178b68587447db4033eba3ad6d00'),('7ce36713bcbde73d29d2ae0a943640de0f89222c1d650afd6ff627bd4ced5a05','0dffa5020102ffa60001ffa400005effa30301011d5472616e73616374696f6e73496e6465785370656e744f75747075747301ffa400010401064f7574496e64010400010b5458576865726555736564010a000105496e496e640104000109426c6f636b48617368010a0000004bffa6000101020120fb40677756fb1da7a22038db21d64587d829f39ad947fdd8bd35baa00ce799cd02200000580bc46aac34460acb3c103a954823102831ee574db988d75906131845cb00'),('7d399446f70135d5dd47dd1fc0ab363d4a3038fedce39201034ac087fef49149','0dffa5020102ffa60001ffa400005effa30301011d5472616e73616374696f6e73496e6465785370656e744f75747075747301ffa400010401064f7574496e64010400010b5458576865726555736564010a000105496e496e640104000109426c6f636b48617368010a0000004bffa60001010201206ef839f6208ae027003a938b3435e5c4bfdb959d8cfe15a73612a67f9a07097d022000008ff5bf97c56ef23f43959e5e06ed22eec2178b68587447db4033eba3ad6d00'),('7ee03c9aabdfe440dbfed22a3d2139cc8deeb9965f0c74feee33ca5e96c83e50','0dffa5020102ffa60001ffa400005effa30301011d5472616e73616374696f6e73496e6465785370656e744f75747075747301ffa400010401064f7574496e64010400010b5458576865726555736564010a000105496e496e640104000109426c6f636b48617368010a00000049ffa60001022070fa6d34cfedaf1233a57c86bdb6c1fdde45cf7234a7c459e052edc9116d5883022000008ff5bf97c56ef23f43959e5e06ed22eec2178b68587447db4033eba3ad6d00'),('85c70ed944c001cbaf5ad77f31a8157cecda2b580ca9ee04bf983784dfd40e9d','0dffa5020102ffa60001ffa400005effa30301011d5472616e73616374696f6e73496e6465785370656e744f75747075747301ffa400010401064f7574496e64010400010b5458576865726555736564010a000105496e496e640104000109426c6f636b48617368010a0000004bffa60001010201207a49eb3f5bcff6fc164577d6d5024d45618164f57bfa2925f70fd23cdb5737de022000008ff5bf97c56ef23f43959e5e06ed22eec2178b68587447db4033eba3ad6d00'),('9388b7c0a8930e99d814d38c6203c0df6da9455b761505cc8653a87982376697','0dff95020102ff960001ff9400005eff930301011d5472616e73616374696f6e73496e6465785370656e744f75747075747301ff9400010401064f7574496e64010400010b5458576865726555736564010a000105496e496e640104000109426c6f636b48617368010a000000ff92ff96000201020120dd9b4429e94ddedce007f5d75070bc7ddb508c44a38ae8a4b579704146bceaf602200000ab51db953f8a0f917d48751a61ea46f29e23f821f7ee405a9040e9df499000022008ff6686fff559ddcf44245345a6d7be8903a22a55456130c81598ae99b4cd94010201200000ab51db953f8a0f917d48751a61ea46f29e23f821f7ee405a9040e9df499000'),('a251fbdc1308db6c85246ad8eadd8e3572a6a96d38ac0942930d47f31e997bd7','0dffa5020102ffa60001ffa400005effa30301011d5472616e73616374696f6e73496e6465785370656e744f75747075747301ffa400010401064f7574496e64010400010b5458576865726555736564010a000105496e496e640104000109426c6f636b48617368010a0000004bffa60001010201206503b001a39a2508957a8ffc528597dddae26d82313038f9442ef41a77c58d02022000007a5bafb378e310010e52eadc5ccbc02642d142796889a1065db3375a611800'),('a2b7c17f05b0041647d599eb2e7e894f568f4cc0996a84eb2db0a5e09aad3908','0dffa5020102ffa60001ffa400005effa30301011d5472616e73616374696f6e73496e6465785370656e744f75747075747301ffa400010401064f7574496e64010400010b5458576865726555736564010a000105496e496e640104000109426c6f636b48617368010a0000004dffa6000101020120052df7196e6c3158791ba30616a291e32c50438b12476780906df8b52b03cca80102012000007a5bafb378e310010e52eadc5ccbc02642d142796889a1065db3375a611800'),('a8184d02f937cfc53f347bca3f6ba8290c6b6d3fe1b92a9de9551d442cdc668e','0dffa5020102ffa60001ffa400005effa30301011d5472616e73616374696f6e73496e6465785370656e744f75747075747301ffa400010401064f7574496e64010400010b5458576865726555736564010a000105496e496e640104000109426c6f636b48617368010a0000004bffa600010102012075de01d2d0cad34d1d6fc3882aa3ad776642e0b695459ea0d6a8782e2b152ba402200000580bc46aac34460acb3c103a954823102831ee574db988d75906131845cb00'),('b6af2b05b3b323b48c097312573727c8cc9a980d10e1b4c3b7a73fed618a8086','0dff95020102ff960001ff9400005eff930301011d5472616e73616374696f6e73496e6465785370656e744f75747075747301ff9400010401064f7574496e64010400010b5458576865726555736564010a000105496e496e640104000109426c6f636b48617368010a000000ff92ff9600020220e2089f6a235cc7c16552f7c8daa513b306a583491ceecc8f33603846267ec023010201200000ab51db953f8a0f917d48751a61ea46f29e23f821f7ee405a9040e9df4990000102012008ff6686fff559ddcf44245345a6d7be8903a22a55456130c81598ae99b4cd9402200000ab51db953f8a0f917d48751a61ea46f29e23f821f7ee405a9040e9df499000'),('c881b1ec97004fee6ef4c6b351b863671b7cede51401aa2e41b1d3cd1fe38699','0dffa5020102ffa60001ffa400005effa30301011d5472616e73616374696f6e73496e6465785370656e744f75747075747301ffa400010401064f7574496e64010400010b5458576865726555736564010a000105496e496e640104000109426c6f636b48617368010a00000049ffa600010220a8184d02f937cfc53f347bca3f6ba8290c6b6d3fe1b92a9de9551d442cdc668e02200000580bc46aac34460acb3c103a954823102831ee574db988d75906131845cb00'),('c8ec1016bd5e101e3e0e93ad9d1aaa9e5dd248042529820bd8155edfbc92ec3f','0dffa5020102ffa60001ffa400005effa30301011d5472616e73616374696f6e73496e6465785370656e744f75747075747301ffa400010401064f7574496e64010400010b5458576865726555736564010a000105496e496e640104000109426c6f636b48617368010a0000004bffa6000101020120a251fbdc1308db6c85246ad8eadd8e3572a6a96d38ac0942930d47f31e997bd7022000007a5bafb378e310010e52eadc5ccbc02642d142796889a1065db3375a611800'),('dd9b4429e94ddedce007f5d75070bc7ddb508c44a38ae8a4b579704146bceaf6','0dffa5020102ffa60001ffa400005effa30301011d5472616e73616374696f6e73496e6465785370656e744f75747075747301ffa400010401064f7574496e64010400010b5458576865726555736564010a000105496e496e640104000109426c6f636b48617368010a0000004bffa600010220a2b7c17f05b0041647d599eb2e7e894f568f4cc0996a84eb2db0a5e09aad39080102012000008ff5bf97c56ef23f43959e5e06ed22eec2178b68587447db4033eba3ad6d00'),('df074e36bc4c2d77bd03331a0bf32ad79bf5297a1d2799a9e1e62b3330e5f685','0dff95020102ff960001ff9400005eff930301011d5472616e73616374696f6e73496e6465785370656e744f75747075747301ff9400010401064f7574496e64010400010b5458576865726555736564010a000105496e496e640104000109426c6f636b48617368010a000000ff90ff960002010201206a630ea32f17b98243b185fd89dd7a2aba291c29b489694cf6af832169d5a013022000001a3ace3c14910efc2f0ded7cf953291d6700c31c6cbbd9c296bae705352300022001b7161388474753c9b4c136a312f396ade0a9e6077dcfd3e13a0aae4f2b0dca022000002f1699168e04d96dffdabf08ca941051b8cf55989692be20c1b5d167c55800'),('e29d880a23dcce6028aee4b59c4d27025534797b04b7ffc6a99b5fa811d26f69','0dffa5020102ffa60001ffa400005effa30301011d5472616e73616374696f6e73496e6465785370656e744f75747075747301ffa400010401064f7574496e64010400010b5458576865726555736564010a000105496e496e640104000109426c6f636b48617368010a0000004bffa6000101020120c8ec1016bd5e101e3e0e93ad9d1aaa9e5dd248042529820bd8155edfbc92ec3f022000007a5bafb378e310010e52eadc5ccbc02642d142796889a1065db3375a611800'),('f8767e2823f7d1334b9e5256a5e75aec1d4591dafb514565f0a2b54134e9c8a5','0dffa5020102ffa60001ffa400005effa30301011d5472616e73616374696f6e73496e6465785370656e744f75747075747301ffa400010401064f7574496e64010400010b5458576865726555736564010a000105496e496e640104000109426c6f636b48617368010a00000049ffa600010220e29d880a23dcce6028aee4b59c4d27025534797b04b7ffc6a99b5fa811d26f69022000007a5bafb378e310010e52eadc5ccbc02642d142796889a1065db3375a611800'),('faa45705108df96cb0e4b00cc65b189933c380dd81d4a849aa1eae4ee7856f31','0dffa5020102ffa60001ffa400005effa30301011d5472616e73616374696f6e73496e6465785370656e744f75747075747301ffa400010401064f7574496e64010400010b5458576865726555736564010a000105496e496e640104000109426c6f636b48617368010a0000004bffa600010102012050659fca7de88011f03589991a1de53df3ca5e030a32cee53a811fc0cbc12989022000007a5bafb378e310010e52eadc5ccbc02642d142796889a1065db3375a611800'),('fb40677756fb1da7a22038db21d64587d829f39ad947fdd8bd35baa00ce799cd','0dffa5020102ffa60001ffa400005effa30301011d5472616e73616374696f6e73496e6465785370656e744f75747075747301ffa400010401064f7574496e64010400010b5458576865726555736564010a000105496e496e640104000109426c6f636b48617368010a0000004bffa600010102012006a85a3b84f0c2c922da825d13d419ecb82ee808b3895d572619a989eb7a49e002200000580bc46aac34460acb3c103a954823102831ee574db988d75906131845cb00');

/*!40000 ALTER TABLE transactionsoutputs ENABLE KEYS */;
UNLOCK TABLES;

--
-- Table structure for table unapprovedtransactions
--

DROP TABLE IF EXISTS unapprovedtransactions;
/*!40101 SET @saved_cs_client     = @@character_set_client */;
/*!40101 SET character_set_client = utf8 */;
CREATE TABLE `unapprovedtransactions` (
  `k` varbinary(100) NOT NULL,
  `v` longblob,
  PRIMARY KEY (`k`)
) ENGINE=InnoDB DEFAULT CHARSET=latin1;
/*!40101 SET character_set_client = @saved_cs_client */;
--
-- Dumping data for table unapprovedtransactions
--

LOCK TABLES unapprovedtransactions WRITE;
/*!40000 ALTER TABLE unapprovedtransactions DISABLE KEYS */;

/*!40000 ALTER TABLE unapprovedtransactions ENABLE KEYS */;
UNLOCK TABLES;

--
-- Table structure for table unspentoutputstransactions
--

DROP TABLE IF EXISTS unspentoutputstransactions;
/*!40101 SET @saved_cs_client     = @@character_set_client */;
/*!40101 SET character_set_client = utf8 */;
CREATE TABLE `unspentoutputstransactions` (
  `k` varbinary(100) NOT NULL,
  `v` longblob,
  PRIMARY KEY (`k`)
) ENGINE=InnoDB DEFAULT CHARSET=latin1;
/*!40101 SET character_set_client = @saved_cs_client */;
--
-- Dumping data for table unspentoutputstransactions
--

LOCK TABLES unspentoutputstransactions WRITE;
/*!40000 ALTER TABLE unspentoutputstransactions DISABLE KEYS */;

INSERT INTO unspentoutputstransactions VALUES ('01b7161388474753c9b4c136a312f396ade0a9e6077dcfd3e13a0aae4f2b0dca','0dff99020102ff9a0001ff9800007eff970301011354584f7574707574496e646570656e64656e7401ff98000107010556616c7565010800010e446573745075624b657948617368010a00010e53656e645075624b657948617368010a00010454584944010a0001064f496e64657801040001064973426173650102000109426c6f636b48617368010a000000ff81ff9a000101f8ae47e17a14aeef3f0114430632734828a49f23d9cfe5d4a7d18503f3e3660114430632734828a49f23d9cfe5d4a7d18503f3e366012001b7161388474753c9b4c136a312f396ade0a9e6077dcfd3e13a0aae4f2b0dca0102022000002f1699168e04d96dffdabf08ca941051b8cf55989692be20c1b5d167c55800'),('01f8772268aee39912de6e1f8f3e6e21ede917ae9402746a6844a028d003208c','0dffa9020102ffaa0001ffa800007effa70301011354584f7574707574496e646570656e64656e7401ffa8000107010556616c7565010800010e446573745075624b657948617368010a00010e53656e645075624b657948617368010a00010454584944010a0001064f496e64657801040001064973426173650102000109426c6f636b48617368010a0000007fffaa000101f8b0111481e2ae833f0114d11f6ee399d9c0a8bb67931db0075ef0b89cf34a011453e87e8937d35e8adad97ab91cd905f609374cb0012001f8772268aee39912de6e1f8f3e6e21ede917ae9402746a6844a028d003208c03200000ab51db953f8a0f917d48751a61ea46f29e23f821f7ee405a9040e9df499000'),('052df7196e6c3158791ba30616a291e32c50438b12476780906df8b52b03cca8','0dffa9020102ffaa0001ffa800007effa70301011354584f7574707574496e646570656e64656e7401ffa8000107010556616c7565010800010e446573745075624b657948617368010a00010e53656e645075624b657948617368010a00010454584944010a0001064f496e64657801040001064973426173650102000109426c6f636b48617368010a0000007fffaa000101f86030a804fe2fe33f011485426d4431338b5014022ff1e9786cbb50635634011453e87e8937d35e8adad97ab91cd905f609374cb00120052df7196e6c3158791ba30616a291e32c50438b12476780906df8b52b03cca8032000007a5bafb378e310010e52eadc5ccbc02642d142796889a1065db3375a611800'),('06a85a3b84f0c2c922da825d13d419ecb82ee808b3895d572619a989eb7a49e0','0dffa9020102ffaa0001ffa800007effa70301011354584f7574707574496e646570656e64656e7401ffa8000107010556616c7565010800010e446573745075624b657948617368010a00010e53656e645075624b657948617368010a00010454584944010a0001064f496e64657801040001064973426173650102000109426c6f636b48617368010a000000fffcffaa000201f86030a804fe2fe33f0114222054418c31ce08018db7ffdbc7e159176c41d1011453e87e8937d35e8adad97ab91cd905f609374cb0012006a85a3b84f0c2c922da825d13d419ecb82ee808b3895d572619a989eb7a49e003200000580bc46aac34460acb3c103a954823102831ee574db988d75906131845cb0001f894c9c23a026a1240011453e87e8937d35e8adad97ab91cd905f609374cb0011453e87e8937d35e8adad97ab91cd905f609374cb0012006a85a3b84f0c2c922da825d13d419ecb82ee808b3895d572619a989eb7a49e0010202200000580bc46aac34460acb3c103a954823102831ee574db988d75906131845cb00'),('08ff6686fff559ddcf44245345a6d7be8903a22a55456130c81598ae99b4cd94','0dffa9020102ffaa0001ffa800007effa70301011354584f7574707574496e646570656e64656e7401ffa8000107010556616c7565010800010e446573745075624b657948617368010a00010e53656e645075624b657948617368010a00010454584944010a0001064f496e64657801040001064973426173650102000109426c6f636b48617368010a0000007fffaa000101f8b6d05b5dcad0833f0114d11f6ee399d9c0a8bb67931db0075ef0b89cf34a011453e87e8937d35e8adad97ab91cd905f609374cb0012008ff6686fff559ddcf44245345a6d7be8903a22a55456130c81598ae99b4cd9403200000ab51db953f8a0f917d48751a61ea46f29e23f821f7ee405a9040e9df499000'),('122affaf6c835812b367c8e91681b9563e7d66ca4af1fa3daf0899311371eb29','0dff99020102ff9a0001ff9800007eff970301011354584f7574707574496e646570656e64656e7401ff98000107010556616c7565010800010e446573745075624b657948617368010a00010e53656e645075624b657948617368010a00010454584944010a0001064f496e64657801040001064973426173650102000109426c6f636b48617368010a00000065ff9a000101fe24400114d11f6ee399d9c0a8bb67931db0075ef0b89cf34a0220122affaf6c835812b367c8e91681b9563e7d66ca4af1fa3daf0899311371eb290201012000002f1699168e04d96dffdabf08ca941051b8cf55989692be20c1b5d167c55800'),('220821eaebb5c54acf4f896a96ffd19c3f7b381e9efb0b689c5fd3e5caea5c6c','0dff99020102ff9a0001ff9800007eff970301011354584f7574707574496e646570656e64656e7401ff98000107010556616c7565010800010e446573745075624b657948617368010a00010e53656e645075624b657948617368010a00010454584944010a0001064f496e64657801040001064973426173650102000109426c6f636b48617368010a000000ff81ff9a000101f8f6285c8fc2f51b400114d11f6ee399d9c0a8bb67931db0075ef0b89cf34a0114d11f6ee399d9c0a8bb67931db0075ef0b89cf34a0120220821eaebb5c54acf4f896a96ffd19c3f7b381e9efb0b689c5fd3e5caea5c6c0102022000002f1699168e04d96dffdabf08ca941051b8cf55989692be20c1b5d167c55800'),('230c81563da613613873dc9f83228f475cc6edc6b9087dacf9a4aed35da56fc9','0dffa9020102ffaa0001ffa800007effa70301011354584f7574707574496e646570656e64656e7401ffa8000107010556616c7565010800010e446573745075624b657948617368010a00010e53656e645075624b657948617368010a00010454584944010a0001064f496e64657801040001064973426173650102000109426c6f636b48617368010a0000007fffaa000101f86030a804fe2fe33f0114222054418c31ce08018db7ffdbc7e159176c41d1011453e87e8937d35e8adad97ab91cd905f609374cb00120230c81563da613613873dc9f83228f475cc6edc6b9087dacf9a4aed35da56fc903200000580bc46aac34460acb3c103a954823102831ee574db988d75906131845cb00'),('3243df0a6b39ac6798f59925f272ec2c7c3b30af5b6a72a91d723dfa976b2ae5','0dffa9020102ffaa0001ffa800007effa70301011354584f7574707574496e646570656e64656e7401ffa8000107010556616c7565010800010e446573745075624b657948617368010a00010e53656e645075624b657948617368010a00010454584944010a0001064f496e64657801040001064973426173650102000109426c6f636b48617368010a00000065ffaa000101fe2440011453e87e8937d35e8adad97ab91cd905f609374cb002203243df0a6b39ac6798f59925f272ec2c7c3b30af5b6a72a91d723dfa976b2ae5020101200000580bc46aac34460acb3c103a954823102831ee574db988d75906131845cb00'),('3437f70d202a8fcfc420f29582e82e44048ba1f1e1b1cab85c70ba15014ac8b6','0dffa9020102ffaa0001ffa800007effa70301011354584f7574707574496e646570656e64656e7401ffa8000107010556616c7565010800010e446573745075624b657948617368010a00010e53656e645075624b657948617368010a00010454584944010a0001064f496e64657801040001064973426173650102000109426c6f636b48617368010a000000fffcffaa000201f86030a804fe2fe33f0114222054418c31ce08018db7ffdbc7e159176c41d1011453e87e8937d35e8adad97ab91cd905f609374cb001203437f70d202a8fcfc420f29582e82e44048ba1f1e1b1cab85c70ba15014ac8b603200000580bc46aac34460acb3c103a954823102831ee574db988d75906131845cb0001f87ea9c045fec92040011453e87e8937d35e8adad97ab91cd905f609374cb0011453e87e8937d35e8adad97ab91cd905f609374cb001203437f70d202a8fcfc420f29582e82e44048ba1f1e1b1cab85c70ba15014ac8b6010202200000580bc46aac34460acb3c103a954823102831ee574db988d75906131845cb00'),('44784028e3b90de25887569796fc7f2c0f7ebc6839ed1348208a2f26c704df1f','0dff99020102ff9a0001ff9800007eff970301011354584f7574707574496e646570656e64656e7401ff98000107010556616c7565010800010e446573745075624b657948617368010a00010e53656e645075624b657948617368010a00010454584944010a0001064f496e64657801040001064973426173650102000109426c6f636b48617368010a000000fffcff9a000201f8b0111481e2ae833f0114430632734828a49f23d9cfe5d4a7d18503f3e3660114d11f6ee399d9c0a8bb67931db0075ef0b89cf34a012044784028e3b90de25887569796fc7f2c0f7ebc6839ed1348208a2f26c704df1f03200000ab51db953f8a0f917d48751a61ea46f29e23f821f7ee405a9040e9df49900001f8a01d6bca3e5d373f0114d11f6ee399d9c0a8bb67931db0075ef0b89cf34a0114d11f6ee399d9c0a8bb67931db0075ef0b89cf34a012044784028e3b90de25887569796fc7f2c0f7ebc6839ed1348208a2f26c704df1f010202200000ab51db953f8a0f917d48751a61ea46f29e23f821f7ee405a9040e9df499000'),('50659fca7de88011f03589991a1de53df3ca5e030a32cee53a811fc0cbc12989','0dffa9020102ffaa0001ffa800007effa70301011354584f7574707574496e646570656e64656e7401ffa8000107010556616c7565010800010e446573745075624b657948617368010a00010e53656e645075624b657948617368010a00010454584944010a0001064f496e64657801040001064973426173650102000109426c6f636b48617368010a0000007fffaa000101f86030a804fe2fe33f011485426d4431338b5014022ff1e9786cbb50635634011453e87e8937d35e8adad97ab91cd905f609374cb0012050659fca7de88011f03589991a1de53df3ca5e030a32cee53a811fc0cbc12989032000007a5bafb378e310010e52eadc5ccbc02642d142796889a1065db3375a611800'),('6503b001a39a2508957a8ffc528597dddae26d82313038f9442ef41a77c58d02','0dffa9020102ffaa0001ffa800007effa70301011354584f7574707574496e646570656e64656e7401ffa8000107010556616c7565010800010e446573745075624b657948617368010a00010e53656e645075624b657948617368010a00010454584944010a0001064f496e64657801040001064973426173650102000109426c6f636b48617368010a0000007fffaa000101f86030a804fe2fe33f011485426d4431338b5014022ff1e9786cbb50635634011453e87e8937d35e8adad97ab91cd905f609374cb001206503b001a39a2508957a8ffc528597dddae26d82313038f9442ef41a77c58d02032000007a5bafb378e310010e52eadc5ccbc02642d142796889a1065db3375a611800'),('65b93a944a8e840f2667c792921296562ac4d1af7bcc0042b609afc925cad9f9','0dffa9020102ffaa0001ffa800007effa70301011354584f7574707574496e646570656e64656e7401ffa8000107010556616c7565010800010e446573745075624b657948617368010a00010e53656e645075624b657948617368010a00010454584944010a0001064f496e64657801040001064973426173650102000109426c6f636b48617368010a0000007fffaa000101f86030a804fe2fe33f0114222054418c31ce08018db7ffdbc7e159176c41d1011453e87e8937d35e8adad97ab91cd905f609374cb0012065b93a944a8e840f2667c792921296562ac4d1af7bcc0042b609afc925cad9f903200000580bc46aac34460acb3c103a954823102831ee574db988d75906131845cb00'),('68cda3eb8d1a55e474f013797b79246bea51210d123456d4c2e50f138784c0a4','0dff99020102ff9a0001ff9800007eff970301011354584f7574707574496e646570656e64656e7401ff98000107010556616c7565010800010e446573745075624b657948617368010a00010e53656e645075624b657948617368010a00010454584944010a0001064f496e64657801040001064973426173650102000109426c6f636b48617368010a00000065ff9a000101fe24400114d11f6ee399d9c0a8bb67931db0075ef0b89cf34a022068cda3eb8d1a55e474f013797b79246bea51210d123456d4c2e50f138784c0a402010120000012054faf4690d846ab73c014797a214d6a5d786fc255bcabe2cd6941c07400'),('6ef839f6208ae027003a938b3435e5c4bfdb959d8cfe15a73612a67f9a07097d','0dffa9020102ffaa0001ffa800007effa70301011354584f7574707574496e646570656e64656e7401ffa8000107010556616c7565010800010e446573745075624b657948617368010a00010e53656e645075624b657948617368010a00010454584944010a0001064f496e64657801040001064973426173650102000109426c6f636b48617368010a0000007fffaa000101f8a5720b44ecdfdf3f0114de442f36111b93d8d11affd2c53da6cb3a25ba54011453e87e8937d35e8adad97ab91cd905f609374cb001206ef839f6208ae027003a938b3435e5c4bfdb959d8cfe15a73612a67f9a07097d032000008ff5bf97c56ef23f43959e5e06ed22eec2178b68587447db4033eba3ad6d00'),('70fa6d34cfedaf1233a57c86bdb6c1fdde45cf7234a7c459e052edc9116d5883','0dffa9020102ffaa0001ffa800007effa70301011354584f7574707574496e646570656e64656e7401ffa8000107010556616c7565010800010e446573745075624b657948617368010a00010e53656e645075624b657948617368010a00010454584944010a0001064f496e64657801040001064973426173650102000109426c6f636b48617368010a0000007fffaa000101f8a5720b44ecdfdf3f01144907e9109da98730d2ebc01601fd02ad466a4470011453e87e8937d35e8adad97ab91cd905f609374cb0012070fa6d34cfedaf1233a57c86bdb6c1fdde45cf7234a7c459e052edc9116d5883032000008ff5bf97c56ef23f43959e5e06ed22eec2178b68587447db4033eba3ad6d00'),('75de01d2d0cad34d1d6fc3882aa3ad776642e0b695459ea0d6a8782e2b152ba4','0dffa9020102ffaa0001ffa800007effa70301011354584f7574707574496e646570656e64656e7401ffa8000107010556616c7565010800010e446573745075624b657948617368010a00010e53656e645075624b657948617368010a00010454584944010a0001064f496e64657801040001064973426173650102000109426c6f636b48617368010a0000007fffaa000101f86030a804fe2fe33f0114222054418c31ce08018db7ffdbc7e159176c41d1011453e87e8937d35e8adad97ab91cd905f609374cb0012075de01d2d0cad34d1d6fc3882aa3ad776642e0b695459ea0d6a8782e2b152ba403200000580bc46aac34460acb3c103a954823102831ee574db988d75906131845cb00'),('7a49eb3f5bcff6fc164577d6d5024d45618164f57bfa2925f70fd23cdb5737de','0dffa9020102ffaa0001ffa800007effa70301011354584f7574707574496e646570656e64656e7401ffa8000107010556616c7565010800010e446573745075624b657948617368010a00010e53656e645075624b657948617368010a00010454584944010a0001064f496e64657801040001064973426173650102000109426c6f636b48617368010a0000007fffaa000101f8a5720b44ecdfdf3f011437db2e1f1e74d0808bdb0db442af8fbcf599ff4f011453e87e8937d35e8adad97ab91cd905f609374cb001207a49eb3f5bcff6fc164577d6d5024d45618164f57bfa2925f70fd23cdb5737de032000008ff5bf97c56ef23f43959e5e06ed22eec2178b68587447db4033eba3ad6d00'),('7ce36713bcbde73d29d2ae0a943640de0f89222c1d650afd6ff627bd4ced5a05','0dffa9020102ffaa0001ffa800007effa70301011354584f7574707574496e646570656e64656e7401ffa8000107010556616c7565010800010e446573745075624b657948617368010a00010e53656e645075624b657948617368010a00010454584944010a0001064f496e64657801040001064973426173650102000109426c6f636b48617368010a0000007fffaa000101f86030a804fe2fe33f0114222054418c31ce08018db7ffdbc7e159176c41d1011453e87e8937d35e8adad97ab91cd905f609374cb001207ce36713bcbde73d29d2ae0a943640de0f89222c1d650afd6ff627bd4ced5a0503200000580bc46aac34460acb3c103a954823102831ee574db988d75906131845cb00'),('7d399446f70135d5dd47dd1fc0ab363d4a3038fedce39201034ac087fef49149','0dffa9020102ffaa0001ffa800007effa70301011354584f7574707574496e646570656e64656e7401ffa8000107010556616c7565010800010e446573745075624b657948617368010a00010e53656e645075624b657948617368010a00010454584944010a0001064f496e64657801040001064973426173650102000109426c6f636b48617368010a0000007fffaa000101f8a5720b44ecdfdf3f01144907e9109da98730d2ebc01601fd02ad466a4470011453e87e8937d35e8adad97ab91cd905f609374cb001207d399446f70135d5dd47dd1fc0ab363d4a3038fedce39201034ac087fef49149032000008ff5bf97c56ef23f43959e5e06ed22eec2178b68587447db4033eba3ad6d00'),('7ee03c9aabdfe440dbfed22a3d2139cc8deeb9965f0c74feee33ca5e96c83e50','0dffa9020102ffaa0001ffa800007effa70301011354584f7574707574496e646570656e64656e7401ffa8000107010556616c7565010800010e446573745075624b657948617368010a00010e53656e645075624b657948617368010a00010454584944010a0001064f496e64657801040001064973426173650102000109426c6f636b48617368010a0000007bffaa000101fe1c400114d11f6ee399d9c0a8bb67931db0075ef0b89cf34a0114d11f6ee399d9c0a8bb67931db0075ef0b89cf34a01207ee03c9aabdfe440dbfed22a3d2139cc8deeb9965f0c74feee33ca5e96c83e500102022000001a3ace3c14910efc2f0ded7cf953291d6700c31c6cbbd9c296bae705352300'),('85c70ed944c001cbaf5ad77f31a8157cecda2b580ca9ee04bf983784dfd40e9d','0dffa9020102ffaa0001ffa800007effa70301011354584f7574707574496e646570656e64656e7401ffa8000107010556616c7565010800010e446573745075624b657948617368010a00010e53656e645075624b657948617368010a00010454584944010a0001064f496e64657801040001064973426173650102000109426c6f636b48617368010a0000007fffaa000101f8a5720b44ecdfdf3f0114de442f36111b93d8d11affd2c53da6cb3a25ba54011453e87e8937d35e8adad97ab91cd905f609374cb0012085c70ed944c001cbaf5ad77f31a8157cecda2b580ca9ee04bf983784dfd40e9d032000008ff5bf97c56ef23f43959e5e06ed22eec2178b68587447db4033eba3ad6d00'),('a251fbdc1308db6c85246ad8eadd8e3572a6a96d38ac0942930d47f31e997bd7','0dffa9020102ffaa0001ffa800007effa70301011354584f7574707574496e646570656e64656e7401ffa8000107010556616c7565010800010e446573745075624b657948617368010a00010e53656e645075624b657948617368010a00010454584944010a0001064f496e64657801040001064973426173650102000109426c6f636b48617368010a0000007fffaa000101f86030a804fe2fe33f011485426d4431338b5014022ff1e9786cbb50635634011453e87e8937d35e8adad97ab91cd905f609374cb00120a251fbdc1308db6c85246ad8eadd8e3572a6a96d38ac0942930d47f31e997bd7032000007a5bafb378e310010e52eadc5ccbc02642d142796889a1065db3375a611800'),('a2b7c17f05b0041647d599eb2e7e894f568f4cc0996a84eb2db0a5e09aad3908','0dffa9020102ffaa0001ffa800007effa70301011354584f7574707574496e646570656e64656e7401ffa8000107010556616c7565010800010e446573745075624b657948617368010a00010e53656e645075624b657948617368010a00010454584944010a0001064f496e64657801040001064973426173650102000109426c6f636b48617368010a0000007fffaa000101f8a5720b44ecdfdf3f011437db2e1f1e74d0808bdb0db442af8fbcf599ff4f011453e87e8937d35e8adad97ab91cd905f609374cb00120a2b7c17f05b0041647d599eb2e7e894f568f4cc0996a84eb2db0a5e09aad3908032000008ff5bf97c56ef23f43959e5e06ed22eec2178b68587447db4033eba3ad6d00'),('a8184d02f937cfc53f347bca3f6ba8290c6b6d3fe1b92a9de9551d442cdc668e','0dffa9020102ffaa0001ffa800007effa70301011354584f7574707574496e646570656e64656e7401ffa8000107010556616c7565010800010e446573745075624b657948617368010a00010e53656e645075624b657948617368010a00010454584944010a0001064f496e64657801040001064973426173650102000109426c6f636b48617368010a0000007fffaa000101f86030a804fe2fe33f0114222054418c31ce08018db7ffdbc7e159176c41d1011453e87e8937d35e8adad97ab91cd905f609374cb00120a8184d02f937cfc53f347bca3f6ba8290c6b6d3fe1b92a9de9551d442cdc668e03200000580bc46aac34460acb3c103a954823102831ee574db988d75906131845cb00'),('aca7cd973ec3c5d8a5947ccaa1dc4ebb4ad4c812ec3650ef01ef121226de622c','0dff99020102ff9a0001ff9800007eff970301011354584f7574707574496e646570656e64656e7401ff98000107010556616c7565010800010e446573745075624b657948617368010a00010e53656e645075624b657948617368010a00010454584944010a0001064f496e64657801040001064973426173650102000109426c6f636b48617368010a00000065ff9a000101fe24400114d11f6ee399d9c0a8bb67931db0075ef0b89cf34a0220aca7cd973ec3c5d8a5947ccaa1dc4ebb4ad4c812ec3650ef01ef121226de622c020101200000ab51db953f8a0f917d48751a61ea46f29e23f821f7ee405a9040e9df499000'),('c8ec1016bd5e101e3e0e93ad9d1aaa9e5dd248042529820bd8155edfbc92ec3f','0dffa9020102ffaa0001ffa800007effa70301011354584f7574707574496e646570656e64656e7401ffa8000107010556616c7565010800010e446573745075624b657948617368010a00010e53656e645075624b657948617368010a00010454584944010a0001064f496e64657801040001064973426173650102000109426c6f636b48617368010a0000007fffaa000101f86030a804fe2fe33f011485426d4431338b5014022ff1e9786cbb50635634011453e87e8937d35e8adad97ab91cd905f609374cb00120c8ec1016bd5e101e3e0e93ad9d1aaa9e5dd248042529820bd8155edfbc92ec3f032000007a5bafb378e310010e52eadc5ccbc02642d142796889a1065db3375a611800'),('dd9b4429e94ddedce007f5d75070bc7ddb508c44a38ae8a4b579704146bceaf6','0dffa9020102ffaa0001ffa800007effa70301011354584f7574707574496e646570656e64656e7401ffa8000107010556616c7565010800010e446573745075624b657948617368010a00010e53656e645075624b657948617368010a00010454584944010a0001064f496e64657801040001064973426173650102000109426c6f636b48617368010a000000ff81ffaa000101f84078bbb95395213f0114430632734828a49f23d9cfe5d4a7d18503f3e3660114430632734828a49f23d9cfe5d4a7d18503f3e3660120dd9b4429e94ddedce007f5d75070bc7ddb508c44a38ae8a4b579704146bceaf6010202200000ab51db953f8a0f917d48751a61ea46f29e23f821f7ee405a9040e9df499000'),('e2089f6a235cc7c16552f7c8daa513b306a583491ceecc8f33603846267ec023','0dff99020102ff9a0001ff9800007eff970301011354584f7574707574496e646570656e64656e7401ff98000107010556616c7565010800010e446573745075624b657948617368010a00010e53656e645075624b657948617368010a00010454584944010a0001064f496e64657801040001064973426173650102000109426c6f636b48617368010a000000fffcff9a000201f89d6a6777cc69843f0114430632734828a49f23d9cfe5d4a7d18503f3e3660114d11f6ee399d9c0a8bb67931db0075ef0b89cf34a0120e2089f6a235cc7c16552f7c8daa513b306a583491ceecc8f33603846267ec02303200000ab51db953f8a0f917d48751a61ea46f29e23f821f7ee405a9040e9df49900001f880f07fec9a352d3f0114d11f6ee399d9c0a8bb67931db0075ef0b89cf34a0114d11f6ee399d9c0a8bb67931db0075ef0b89cf34a0120e2089f6a235cc7c16552f7c8daa513b306a583491ceecc8f33603846267ec023010202200000ab51db953f8a0f917d48751a61ea46f29e23f821f7ee405a9040e9df499000'),('e29d880a23dcce6028aee4b59c4d27025534797b04b7ffc6a99b5fa811d26f69','0dffa9020102ffaa0001ffa800007effa70301011354584f7574707574496e646570656e64656e7401ffa8000107010556616c7565010800010e446573745075624b657948617368010a00010e53656e645075624b657948617368010a00010454584944010a0001064f496e64657801040001064973426173650102000109426c6f636b48617368010a0000007fffaa000101f86030a804fe2fe33f011485426d4431338b5014022ff1e9786cbb50635634011453e87e8937d35e8adad97ab91cd905f609374cb00120e29d880a23dcce6028aee4b59c4d27025534797b04b7ffc6a99b5fa811d26f69032000007a5bafb378e310010e52eadc5ccbc02642d142796889a1065db3375a611800'),('f0d97d64197b330eb3b1cc79fb79e6203fbdcdca11c06ff0b467be090a357bcb','0dff99020102ff9a0001ff9800007eff970301011354584f7574707574496e646570656e64656e7401ff98000107010556616c7565010800010e446573745075624b657948617368010a00010e53656e645075624b657948617368010a00010454584944010a0001064f496e64657801040001064973426173650102000109426c6f636b48617368010a00000065ff9a000101fe24400114d11f6ee399d9c0a8bb67931db0075ef0b89cf34a0220f0d97d64197b330eb3b1cc79fb79e6203fbdcdca11c06ff0b467be090a357bcb0201012000001a3ace3c14910efc2f0ded7cf953291d6700c31c6cbbd9c296bae705352300'),('faa45705108df96cb0e4b00cc65b189933c380dd81d4a849aa1eae4ee7856f31','0dffa9020102ffaa0001ffa800007effa70301011354584f7574707574496e646570656e64656e7401ffa8000107010556616c7565010800010e446573745075624b657948617368010a00010e53656e645075624b657948617368010a00010454584944010a0001064f496e64657801040001064973426173650102000109426c6f636b48617368010a0000007fffaa000101f86030a804fe2fe33f011485426d4431338b5014022ff1e9786cbb50635634011453e87e8937d35e8adad97ab91cd905f609374cb00120faa45705108df96cb0e4b00cc65b189933c380dd81d4a849aa1eae4ee7856f31032000007a5bafb378e310010e52eadc5ccbc02642d142796889a1065db3375a611800'),('fb40677756fb1da7a22038db21d64587d829f39ad947fdd8bd35baa00ce799cd','0dffa9020102ffaa0001ffa800007effa70301011354584f7574707574496e646570656e64656e7401ffa8000107010556616c7565010800010e446573745075624b657948617368010a00010e53656e645075624b657948617368010a00010454584944010a0001064f496e64657801040001064973426173650102000109426c6f636b48617368010a0000007fffaa000101f86030a804fe2fe33f0114222054418c31ce08018db7ffdbc7e159176c41d1011453e87e8937d35e8adad97ab91cd905f609374cb00120fb40677756fb1da7a22038db21d64587d829f39ad947fdd8bd35baa00ce799cd03200000580bc46aac34460acb3c103a954823102831ee574db988d75906131845cb00');

/*!40000 ALTER TABLE unspentoutputstransactions ENABLE KEYS */;
UNLOCK TABLES;

-- Dump completed on 2018-08-12 13:21:54.054126653 +0300 EEST m=+0.004129920
