-- Go SQL Dump 0.2.2
--
-- ------------------------------------------------------
-- Server version	5.7.23-0ubuntu0.16.04.1

/*!40101 SET @OLD_CHARACTER_SET_CLIENT=@@CHARACTER_SET_CLIENT */;
/*!40101 SET @OLD_CHARACTER_SET_RESULTS=@@CHARACTER_SET_RESULTS */;
/*!40101 SET @OLD_COLLATION_CONNECTION=@@COLLATION_CONNECTION */;
/*!40101 SET NAMES utf8 */;
/*!40103 SET @OLD_TIME_ZONE=@@TIME_ZONE */;
/*!40103 SET TIME_ZONE='+00:00' */;
/*!40014 SET @OLD_UNIQUE_CHECKS=@@UNIQUE_CHECKS, UNIQUE_CHECKS=0 */;
/*!40014 SET @OLD_FOREIGN_KEY_CHECKS=@@FOREIGN_KEY_CHECKS, FOREIGN_KEY_CHECKS=0 */;
/*!40101 SET @OLD_SQL_MODE=@@SQL_MODE, SQL_MODE='NO_AUTO_VALUE_ON_ZERO' */;
/*!40111 SET @OLD_SQL_NOTES=@@SQL_NOTES, SQL_NOTES=0 */;



--
-- Table structure for table blockchain
--

DROP TABLE IF EXISTS blockchain;
/*!40101 SET @saved_cs_client     = @@character_set_client */;
/*!40101 SET character_set_client = utf8 */;
CREATE TABLE `blockchain` (
  `k` varbinary(100) NOT NULL,
  `v` varbinary(300) DEFAULT NULL,
  PRIMARY KEY (`k`)
) ENGINE=InnoDB DEFAULT CHARSET=latin1;
/*!40101 SET character_set_client = @saved_cs_client */;
--
-- Dumping data for table blockchain
--

LOCK TABLES blockchain WRITE;
/*!40000 ALTER TABLE blockchain DISABLE KEYS */;

INSERT INTO blockchain VALUES ('000009a6e803738984392515aeecceeb2753ac7773323aeeaea183991b887f24','0000c093048972ddcebc8da2b0f7c8757d188dc401f4fb8c97e060038bbcfc8100001916f3ea31b470bbd26c78cb8a523898d4f0e19a551a405b0f1424dcbe28'),('00001916f3ea31b470bbd26c78cb8a523898d4f0e19a551a405b0f1424dcbe28','000009a6e803738984392515aeecceeb2753ac7773323aeeaea183991b887f2400008070497ec3996dea4fc4279e98cb73ffca3f80052fb140558068722cce26'),('0000271a5a8a0b8365662b154764401349e720d0422acd8db38e8c770415ffb9','00002c8aa7f87a8ae4c6aca52666c2afe5e1e7e1e39c2f05e16db6672fb1127c0000c093048972ddcebc8da2b0f7c8757d188dc401f4fb8c97e060038bbcfc81'),('00002c8aa7f87a8ae4c6aca52666c2afe5e1e7e1e39c2f05e16db6672fb1127c','00000000000000000000000000000000000000000000000000000000000000000000271a5a8a0b8365662b154764401349e720d0422acd8db38e8c770415ffb9'),('000057669aa2daf8d11e709201dad1ab035235d921baa3aad01ef3053b811942','00008070497ec3996dea4fc4279e98cb73ffca3f80052fb140558068722cce2600005a65cee824059d646fc991c26e93856f2579d196f9d358adca8cc8768993'),('00005a65cee824059d646fc991c26e93856f2579d196f9d358adca8cc8768993','000057669aa2daf8d11e709201dad1ab035235d921baa3aad01ef3053b8119420000b93e155c2a10c9244128a0322f3160c33ee8c8ccb2b9e5d85eb53c171583'),('00008070497ec3996dea4fc4279e98cb73ffca3f80052fb140558068722cce26','00001916f3ea31b470bbd26c78cb8a523898d4f0e19a551a405b0f1424dcbe28000057669aa2daf8d11e709201dad1ab035235d921baa3aad01ef3053b811942'),('0000b93e155c2a10c9244128a0322f3160c33ee8c8ccb2b9e5d85eb53c171583','00005a65cee824059d646fc991c26e93856f2579d196f9d358adca8cc87689930000000000000000000000000000000000000000000000000000000000000000'),('0000c093048972ddcebc8da2b0f7c8757d188dc401f4fb8c97e060038bbcfc81','0000271a5a8a0b8365662b154764401349e720d0422acd8db38e8c770415ffb9000009a6e803738984392515aeecceeb2753ac7773323aeeaea183991b887f24');

/*!40000 ALTER TABLE blockchain ENABLE KEYS */;
UNLOCK TABLES;

--
-- Table structure for table blocks
--

DROP TABLE IF EXISTS blocks;
/*!40101 SET @saved_cs_client     = @@character_set_client */;
/*!40101 SET character_set_client = utf8 */;
CREATE TABLE `blocks` (
  `k` varbinary(100) NOT NULL,
  `v` longblob,
  PRIMARY KEY (`k`)
) ENGINE=InnoDB DEFAULT CHARSET=latin1;
/*!40101 SET character_set_client = @saved_cs_client */;
--
-- Dumping data for table blocks
--

LOCK TABLES blocks WRITE;
/*!40000 ALTER TABLE blocks DISABLE KEYS */;

INSERT INTO blocks VALUES ('000009a6e803738984392515aeecceeb2753ac7773323aeeaea183991b887f24','63ff8d03010105426c6f636b01ff8e000106010954696d657374616d70010400010c5472616e73616374696f6e7301ff9000010d50726576426c6f636b48617368010a00010448617368010a0001054e6f6e63650104000106486569676874010400000027ff8f020101185b5d737472756374757265732e5472616e73616374696f6e01ff900001ff82000075ff810301010b5472616e73616374696f6e01ff8200010801024944010a00010454696d6501040001095369676e6174757265010a00010842795075624b6579010a00010356696e01ff86000104566f757401ff8a00010a53514c436f6d6d616e6401ff8c00010953514c426173655458010a0000002bff850201011c5b5d737472756374757265732e545843757272656e6379496e70757401ff860001ff8400002fff830301010f545843757272656e6379496e70757401ff84000102010454786964010a000104566f757401040000002dff890201011e5b5d737472756374757265732e54584375727272656e63794f757470757401ff8a0001ff88000038ff870301011154584375727272656e63794f757470757401ff88000102010556616c7565010800010a5075624b657948617368010a00000057ff8b0301010953514c55706461746501ff8c000104010b5265666572656e63654944010a0001055175657279010a00010d526f6c6c6261636b5175657279010a00010f507265765472616e73616374696f6e010a000000fe040fff8e01fcb74b9fc0010401205540cdcd72d0e2a1a238cca8a6f65ab403a128966ee6f2e042f3473c447ff6bd01f82aad41f0f6d19f760146304402202bb7e07e049795da6bf216bfd53326c3349ba963d5c9b1386c800eafcd6d8f9502202d46e6a4fda96fb8fa386f5e81fc18cd4bb4b9216840218aeb4fea58614c876f01400425ee20a14fdb8b046f15c4b7c630fd1562198f5abcabce4428a4242bef325d59ff343d5b8f7dc7f450b8eee6186b847bf290b5a480849f347fe746245fbdb8010101201f68ecda086e9c55f363099f6d29a7a3237b5123f87acae50fe2ab840d2f9a2c010200010201f87b14ae47e17a843f0114a50eb1fd89981ba8e0da1dda03c9beba1234ca7f0001f8f6285c8fc2f51b4001143ed325cf1210ee3bb1565fb6d0fd3036faf2892500010000012056d6f562d6ea01528326ba09d8df6b8814922cfb2911abcf554d90bb18c8e69b01f82aad41f0feeb04e6014630440220eab5d9f932251a808b5352b6647a437d941922139d9e804cc790740ece724d9102208084fcda55044e48ceebd9ec574da616a8ac989b788e9ab895f69b910a90f9eb0140169b05603690090f9d1938f15c337e35caa8432b2474de1f2b8b594c4faa7a07ca4f99051abb436b664f96aca4b55021cff32d65496a3b69f9309783e34035ba01010120d80a15aa6549b91fbe0d75f73ddd2284a8efb1514e00d51edc61990813d3a54500010201f87b14ae47e17a843f0114c1e423ec114fe99e85346dd2867eab0c71e9afa10001f8ae47e17a14aeef3f0114a50eb1fd89981ba8e0da1dda03c9beba1234ca7f000100000120098c44d1ec5ad09fe4fee51239eab2d33e60283dab7eeaa09e2bff790df9d61c01f82aad41f106f3593a0146304402206eb486cae47afdedbe1e7258b292cb83d1bd0a0f8c2e51ba64342009dfc0af6d022034a9bae99bacf0eba136bc240d239299b2004e271c1ee02cb531d8cab4e795ff0140ab577ea8f95e1b0baecdab03e52decbdd77fff7981ea2cedad8ebc14c0533a2eb8894476c217b08543a1bcab9065a5602edddf3a26aed88fc11c9f6368bcc6cf010101201f68ecda086e9c55f363099f6d29a7a3237b5123f87acae50fe2ab840d2f9a2c00010201f87b14ae47e17a843f01143ed325cf1210ee3bb1565fb6d0fd3036faf289250001f8d7a3703d0ad7ff3f0114c1e423ec114fe99e85346dd2867eab0c71e9afa1000100000120d7c1d1d1ed861dde6fb1f8d3b00637b1ff8f4a5e20fa7eb20b104efc04ea19cf01f82aad41f111cc6bc80301020100010101fe244001143ed325cf1210ee3bb1565fb6d0fd3036faf289250001000001200000c093048972ddcebc8da2b0f7c8757d188dc401f4fb8c97e060038bbcfc810120000009a6e803738984392515aeecceeb2753ac7773323aeeaea183991b887f2401fd040f3c010600'),('00001916f3ea31b470bbd26c78cb8a523898d4f0e19a551a405b0f1424dcbe28','63ff8d03010105426c6f636b01ff8e000106010954696d657374616d70010400010c5472616e73616374696f6e7301ff9000010d50726576426c6f636b48617368010a00010448617368010a0001054e6f6e63650104000106486569676874010400000027ff8f020101185b5d737472756374757265732e5472616e73616374696f6e01ff900001ff82000075ff810301010b5472616e73616374696f6e01ff8200010801024944010a00010454696d6501040001095369676e6174757265010a00010842795075624b6579010a00010356696e01ff86000104566f757401ff8a00010a53514c436f6d6d616e6401ff8c00010953514c426173655458010a0000002bff850201011c5b5d737472756374757265732e545843757272656e6379496e70757401ff860001ff8400002fff830301010f545843757272656e6379496e70757401ff84000102010454786964010a000104566f757401040000002dff890201011e5b5d737472756374757265732e54584375727272656e63794f757470757401ff8a0001ff88000038ff870301011154584375727272656e63794f757470757401ff88000102010556616c7565010800010a5075624b657948617368010a00000057ff8b0301010953514c55706461746501ff8c000104010b5265666572656e63654944010a0001055175657279010a00010d526f6c6c6261636b5175657279010a00010f507265765472616e73616374696f6e010a000000fe0530ff8e01fcb74b9fc801050120d6ac70d7b9b2d01342704206a3d6b43e356c9af6310520ef24382d0bf18e528501f82aad41f3266e3eb001463044022046d8af1f328ecab408106fa8ff92f789b1c11ad453d2e5fb335a0addb23f242d02205b82e2c93393135ec748c1f968901039c5dcd06078fe2cb7b7540720a920790201400425ee20a14fdb8b046f15c4b7c630fd1562198f5abcabce4428a4242bef325d59ff343d5b8f7dc7f450b8eee6186b847bf290b5a480849f347fe746245fbdb801010120098c44d1ec5ad09fe4fee51239eab2d33e60283dab7eeaa09e2bff790df9d61c00010201f8dac812290f03843f0114a50eb1fd89981ba8e0da1dda03c9beba1234ca7f0001f840e8d2a687f42d3f01143ed325cf1210ee3bb1565fb6d0fd3036faf289250001000001202d865d522404503ca4a78050661cacbad7140d952d49ffa880cab7a96a1a888801f82aad41f32f4d61700146304402207f7329026f46b3409f66f6be11c339143543f6078ce8e1d89b44b2b8e7a70f54022004f8af5544726cda45a69bc2bc34c09dc6de974ad1e0d2728bc655c899e03f0b0140169b05603690090f9d1938f15c337e35caa8432b2474de1f2b8b594c4faa7a07ca4f99051abb436b664f96aca4b55021cff32d65496a3b69f9309783e34035ba010101205540cdcd72d0e2a1a238cca8a6f65ab403a128966ee6f2e042f3473c447ff6bd00010201f843f7d5eae556843f0114c1e423ec114fe99e85346dd2867eab0c71e9afa10001f99c0e6caefd113f0114a50eb1fd89981ba8e0da1dda03c9beba1234ca7f000100000120d987b62f365a2dcab789741534437abef84ec79120438a2bbe11f2a082fce3c801f82aad41f337412a80014630440220af32a1b778bb1e91587cb65fd331eeea70f51777ff5a23e11f5352254864569702200845b51413d3da61193d211b8df789c73b0c8b21c4f0b8273600c380bbea1bff0140ab577ea8f95e1b0baecdab03e52decbdd77fff7981ea2cedad8ebc14c0533a2eb8894476c217b08543a1bcab9065a5602edddf3a26aed88fc11c9f6368bcc6cf0101012056d6f562d6ea01528326ba09d8df6b8814922cfb2911abcf554d90bb18c8e69b00010201f8f7562426a8e1833f01143ed325cf1210ee3bb1565fb6d0fd3036faf289250001f880b037312427333f0114c1e423ec114fe99e85346dd2867eab0c71e9afa1000100000120509192f9ac0372a6a6b432503b6f52d068d89778c976a8dcdebba98db2cc3a7901f82aad41f340403bc401463044022072e908369725c4af8e4527f4e39d3546c40207414c6297cdd20940045eb8414f022015d3d5378f983e1f2d0de1d1e5d08d768e88dbcb0464ba33242d8abb25a4b0360140ab577ea8f95e1b0baecdab03e52decbdd77fff7981ea2cedad8ebc14c0533a2eb8894476c217b08543a1bcab9065a5602edddf3a26aed88fc11c9f6368bcc6cf01010120098c44d1ec5ad09fe4fee51239eab2d33e60283dab7eeaa09e2bff790df9d61c010200010201f8d63c05c8e94e843f01143ed325cf1210ee3bb1565fb6d0fd3036faf289250001f85d99e0696caeff3f0114c1e423ec114fe99e85346dd2867eab0c71e9afa1000100000120fc52dbbfb331073410ec74bb1ab30b308d198b4b449a047cf1fbb76798a7578401f82aad41f350d35b400301020100010101fe244001143ed325cf1210ee3bb1565fb6d0fd3036faf28925000100000120000009a6e803738984392515aeecceeb2753ac7773323aeeaea183991b887f24012000001916f3ea31b470bbd26c78cb8a523898d4f0e19a551a405b0f1424dcbe2801fd0391e6010800'),('0000271a5a8a0b8365662b154764401349e720d0422acd8db38e8c770415ffb9','63ff8d03010105426c6f636b01ff8e000106010954696d657374616d70010400010c5472616e73616374696f6e7301ff9000010d50726576426c6f636b48617368010a00010448617368010a0001054e6f6e63650104000106486569676874010400000027ff8f020101185b5d737472756374757265732e5472616e73616374696f6e01ff900001ff82000075ff810301010b5472616e73616374696f6e01ff8200010801024944010a00010454696d6501040001095369676e6174757265010a00010842795075624b6579010a00010356696e01ff86000104566f757401ff8a00010a53514c436f6d6d616e6401ff8c00010953514c426173655458010a0000002bff850201011c5b5d737472756374757265732e545843757272656e6379496e70757401ff860001ff8400002fff830301010f545843757272656e6379496e70757401ff84000102010454786964010a000104566f757401040000002dff890201011e5b5d737472756374757265732e54584375727272656e63794f757470757401ff8a0001ff88000038ff870301011154584375727272656e63794f757470757401ff88000102010556616c7565010800010a5075624b657948617368010a00000057ff8b0301010953514c55706461746501ff8c000104010b5265666572656e63654944010a0001055175657279010a00010d526f6c6c6261636b5175657279010a00010f507265765472616e73616374696f6e010a000000fe01bcff8e01fcb74b9fb001020120d80a15aa6549b91fbe0d75f73ddd2284a8efb1514e00d51edc61990813d3a54501f82aad41ed447212260146304402209db72a4570e5570b529ef90541614879acbd2b9718b5f9590f6a3b7bc34c9f6d02206a9966c95ff4c86f8fae297e691d387959914a4be4152b3c7742715bb098133c01400425ee20a14fdb8b046f15c4b7c630fd1562198f5abcabce4428a4242bef325d59ff343d5b8f7dc7f450b8eee6186b847bf290b5a480849f347fe746245fbdb801010120d0db2978ac91f8c557ea02bffe5efc70cba46f5352b8706f5552a84a90072bd100010201fef03f0114a50eb1fd89981ba8e0da1dda03c9beba1234ca7f0001fe224001143ed325cf1210ee3bb1565fb6d0fd3036faf28925000100000120bb47137431b2d5f78609f84f6ce979da8883e2de4b974ff1332ec28e7432b3d601f82aad41ed4e22269c0301020100010101fe244001143ed325cf1210ee3bb1565fb6d0fd3036faf2892500010000012000002c8aa7f87a8ae4c6aca52666c2afe5e1e7e1e39c2f05e16db6672fb1127c01200000271a5a8a0b8365662b154764401349e720d0422acd8db38e8c770415ffb901fe2a3c010200'),('00002c8aa7f87a8ae4c6aca52666c2afe5e1e7e1e39c2f05e16db6672fb1127c','63ff8d03010105426c6f636b01ff8e000106010954696d657374616d70010400010c5472616e73616374696f6e7301ff9000010d50726576426c6f636b48617368010a00010448617368010a0001054e6f6e63650104000106486569676874010400000027ff8f020101185b5d737472756374757265732e5472616e73616374696f6e01ff900001ff82000075ff810301010b5472616e73616374696f6e01ff8200010801024944010a00010454696d6501040001095369676e6174757265010a00010842795075624b6579010a00010356696e01ff86000104566f757401ff8a00010a53514c436f6d6d616e6401ff8c00010953514c426173655458010a0000002bff850201011c5b5d737472756374757265732e545843757272656e6379496e70757401ff860001ff8400002fff830301010f545843757272656e6379496e70757401ff84000102010454786964010a000104566f757401040000002dff890201011e5b5d737472756374757265732e54584375727272656e63794f757470757401ff8a0001ff88000038ff870301011154584375727272656e63794f757470757401ff88000102010556616c7565010800010a5075624b657948617368010a00000057ff8b0301010953514c55706461746501ff8c000104010b5265666572656e63654944010a0001055175657279010a00010d526f6c6c6261636b5175657279010a00010f507265765472616e73616374696f6e010a000000ff83ff8e01fcb74b9fa001010120d0db2978ac91f8c557ea02bffe5efc70cba46f5352b8706f5552a84a90072bd101f82aad41e9e0624d2c0301020100010101fe244001143ed325cf1210ee3bb1565fb6d0fd3036faf2892500010000022000002c8aa7f87a8ae4c6aca52666c2afe5e1e7e1e39c2f05e16db6672fb1127c01fd0259f200'),('000057669aa2daf8d11e709201dad1ab035235d921baa3aad01ef3053b811942','63ff8303010105426c6f636b01ff84000106010954696d657374616d70010400010c5472616e73616374696f6e7301ff9200010d50726576426c6f636b48617368010a00010448617368010a0001054e6f6e63650104000106486569676874010400000027ff91020101185b5d737472756374757265732e5472616e73616374696f6e01ff920001ff86000075ff850301010b5472616e73616374696f6e01ff8600010801024944010a00010454696d6501040001095369676e6174757265010a00010842795075624b6579010a00010356696e01ff8a000104566f757401ff8e00010a53514c436f6d6d616e6401ff9000010953514c426173655458010a0000002bff890201011c5b5d737472756374757265732e545843757272656e6379496e70757401ff8a0001ff8800002fff870301010f545843757272656e6379496e70757401ff88000102010454786964010a000104566f757401040000002dff8d0201011e5b5d737472756374757265732e54584375727272656e63794f757470757401ff8e0001ff8c000038ff8b0301011154584375727272656e63794f757470757401ff8c000102010556616c7565010800010a5075624b657948617368010a00000057ff8f0301010953514c55706461746501ff90000104010b5265666572656e63654944010a0001055175657279010a00010d526f6c6c6261636b5175657279010a00010f507265765472616e73616374696f6e010a000000fe0803ff8401fcb753c1fe0107012002da5f9b4564a36366f8e60e6bfa88f3bfa63dd4bd7fed74ef30eb2d4ce4ca1501f82aaf26bd7e1c6d860146304402201719a566c0405c6377f11c70ae6ed28f6f9778f7b4477786633b3fb4e72da1ef022018194fbcf71aa1dd7cf13eec37a4a1de80e039fbe1f657e0bf16a21379e625fa01400425ee20a14fdb8b046f15c4b7c630fd1562198f5abcabce4428a4242bef325d59ff343d5b8f7dc7f450b8eee6186b847bf290b5a480849f347fe746245fbdb801050120ff15e84416d7b790cb1d97c43abbdd05e4400fbaadebb19535a1ad442c7a4d7f0102000120b9eb0fb26db3863854a64a2c3f5fe5b26c0e218061b78ec7685ca8b19c4a33e60102000120158882c12867873df8756c56eb5df7beb737cbe8e9a1826322c5d4d69f805ed3000120d6349379b76284f1e18bb13922b4c4e689667723b183ed1488015152d8424c910001205540cdcd72d0e2a1a238cca8a6f65ab403a128966ee6f2e042f3473c447ff6bd010200010201f85d1d9d469c9a15400114a444328cdda482dfc74f6f3dac1eb0b0de0afc6f0001f898595be3f9bdf93f01143ed325cf1210ee3bb1565fb6d0fd3036faf28925000100000120c3790b845c4ae28719c4ecfd4c5baad1ba7378cf6b246acb8d84c90e7c7e9dca01f82aaf26be2126f51e01463044022017c5f9dbe6ca22e5fae6b56e55f431bd07ddf90ca9704d6a875c51f8a44c605d0220565e1e91dc823ad7c1fdc9d6491b8ea4d1783a43620b46d1686352ce7d492f6201400425ee20a14fdb8b046f15c4b7c630fd1562198f5abcabce4428a4242bef325d59ff343d5b8f7dc7f450b8eee6186b847bf290b5a480849f347fe746245fbdb80101012092a2b2a8b6fd994d6139c43d08d639a8d476aebe71c98be0e55d8aaed3204de7010200010201f85d1d9d469c9a15400114a68742830af262ba7b44ad683e7af12fda64406f0001f88c8a8be58e95f93f01143ed325cf1210ee3bb1565fb6d0fd3036faf28925000100000120ec00c79f61893ce29086d8e70af62961c66279b0617225d8174c14c02b4a9ca601f82aaf26bef316a2a6014630440220441d5c6b1d793fc56cf8f6df6c2d076b2c8273ee5e7d7c6fce4ff119faabe7bc022049288d530ed3a0858b8e43de81362a934fccf06b5b6084eab9da889c66714c2101400425ee20a14fdb8b046f15c4b7c630fd1562198f5abcabce4428a4242bef325d59ff343d5b8f7dc7f450b8eee6186b847bf290b5a480849f347fe746245fbdb8010101208edbc576e8f9fc2d48513c4ed8a1663cfdbf70351ae6c1882a9e18544f5a3b0c00010201f85d1d9d469c9a15400114612af7a6cc2c791cb8f46a0973152c0669c56a670001f8a3e262b96365124001143ed325cf1210ee3bb1565fb6d0fd3036faf28925000100000120cd7a19ec00fa385a1e01859ac3134311b2bbb763e0373e33a0b7e5787b78536401f82aaf26bf7bc21032014630440220e0170a1490b86a7de9d5221ef6cc9281287f646c9f678c544f6b10411727e7da022013ad1b0e5c09255ac623ef3906cd59cf9fac4cf3876e5a24cdc299830a195daa01400425ee20a14fdb8b046f15c4b7c630fd1562198f5abcabce4428a4242bef325d59ff343d5b8f7dc7f450b8eee6186b847bf290b5a480849f347fe746245fbdb8030106746573743a2a0143435245415445205441424c45207465737420286120494e54206175746f5f696e6372656d656e74205052494d415259204b45592c206220564152434841522832302929010f44524f50205441424c452074657374000001200283c5ecd8d4804141515d4049a43dc26eca709cb27edc2539a346aca58465aa01f82aaf26c014b7c30e014630440220411f4a333d338761037fed6dbc6bbeb56e63365c935fc7ac0e6a6e7926b03f6e02209356d28d1fa88e1725f6ac3a40fd1f31296ef20ce4d58de2cf03c04a410a66a201400425ee20a14fdb8b046f15c4b7c630fd1562198f5abcabce4428a4242bef325d59ff343d5b8f7dc7f450b8eee6186b847bf290b5a480849f347fe746245fbdb8030106746573743a310124494e5345525420494e544f20746573742053455420623d27726f7731272c20613d273127011c44454c4554452046524f4d207465737420574845524520613d273127000120cd7a19ec00fa385a1e01859ac3134311b2bbb763e0373e33a0b7e5787b78536400012051c1b68edb71b895f0e9d3cf6b60ea2cecf5a33f253c7fc45cfec8dab237370d01f82aaf26c029d01558014630440220587ee737a5d3179db2e83321d75281446b8af1c77e28b0eba40a9582c2506eb50220932e8d43d68591c191a53e0f2a66a548ca590b5a7f6932a2821acecad9ee28df01400425ee20a14fdb8b046f15c4b7c630fd1562198f5abcabce4428a4242bef325d59ff343d5b8f7dc7f450b8eee6186b847bf290b5a480849f347fe746245fbdb8030106746573743a320121494e5345525420494e544f20746573742053455420613d322c623d27726f773227011c44454c4554452046524f4d207465737420574845524520613d273227000120cd7a19ec00fa385a1e01859ac3134311b2bbb763e0373e33a0b7e5787b785364000120288468c4f6537567bd2521ee6331be8af9ddd7cf08464279e81ba2714dfe7da101f82aaf26c05e3e4f020301020100010101fe244001143ed325cf1210ee3bb1565fb6d0fd3036faf2892500010000012000008070497ec3996dea4fc4279e98cb73ffca3f80052fb140558068722cce260120000057669aa2daf8d11e709201dad1ab035235d921baa3aad01ef3053b81194201fd028892010c00'),('00005a65cee824059d646fc991c26e93856f2579d196f9d358adca8cc8768993','63ff8303010105426c6f636b01ff84000106010954696d657374616d70010400010c5472616e73616374696f6e7301ff9200010d50726576426c6f636b48617368010a00010448617368010a0001054e6f6e63650104000106486569676874010400000027ff91020101185b5d737472756374757265732e5472616e73616374696f6e01ff920001ff86000075ff850301010b5472616e73616374696f6e01ff8600010801024944010a00010454696d6501040001095369676e6174757265010a00010842795075624b6579010a00010356696e01ff8a000104566f757401ff8e00010a53514c436f6d6d616e6401ff9000010953514c426173655458010a0000002bff890201011c5b5d737472756374757265732e545843757272656e6379496e70757401ff8a0001ff8800002fff870301010f545843757272656e6379496e70757401ff88000102010454786964010a000104566f757401040000002dff8d0201011e5b5d737472756374757265732e54584375727272656e63794f757470757401ff8e0001ff8c000038ff8b0301011154584375727272656e63794f757470757401ff8c000102010556616c7565010800010a5075624b657948617368010a00000057ff8f0301010953514c55706461746501ff90000104010b5265666572656e63654944010a0001055175657279010a00010d526f6c6c6261636b5175657279010a00010f507265765472616e73616374696f6e010a000000fe08f0ff8401fcb753c26001080120a7a239e6b5292dbff1a0343bea739c234b642b1eb4282c233744b32603c758d601f82aaf26d5fbf68936014630440220c9b7a6678f7388d16b9a1eb60eabb343ed53bfb3b4e9e5d6527f479c644513840220df85d0ecfb60860f04282375e22bacb586e7810b087549c6a3a2f3754597290601400425ee20a14fdb8b046f15c4b7c630fd1562198f5abcabce4428a4242bef325d59ff343d5b8f7dc7f450b8eee6186b847bf290b5a480849f347fe746245fbdb801020120c3790b845c4ae28719c4ecfd4c5baad1ba7378cf6b246acb8d84c90e7c7e9dca010200012002da5f9b4564a36366f8e60e6bfa88f3bfa63dd4bd7fed74ef30eb2d4ce4ca15010200010201f8335cb2646d1f03400114b67fb0d94656b34214546da098ddc96a11739f290001f87c5704ff5b29ea3f01143ed325cf1210ee3bb1565fb6d0fd3036faf28925000100000120b5b030108111ff1bff49eae3c364cabdc65ebc992deedbd74e66380db7cd51b701f82aaf26d6506630a601463044022075b538f6a910a44cd457248a76f245a3b2b97cd885d9e18807edbd31bfdf12130220fdfb87fdb0912c3d860e650a7cd08c7601950c3e57c12e0ad1e4f34864442c9001400425ee20a14fdb8b046f15c4b7c630fd1562198f5abcabce4428a4242bef325d59ff343d5b8f7dc7f450b8eee6186b847bf290b5a480849f347fe746245fbdb801010120ec00c79f61893ce29086d8e70af62961c66279b0617225d8174c14c02b4a9ca6010200010201f8335cb2646d1f03400114b67fb0d94656b34214546da098ddc96a11739f290001f81369130e5aab014001143ed325cf1210ee3bb1565fb6d0fd3036faf289250001000001205277ddcba7d587e11dea314c25f53ba31fd6d1c58c1dbb84928b299da51e5b2a01f82aaf26d6a8218b38014630440220a6285f68b08d09ac8726d452c293c12b6edfa03bdfac3c688ac396e81b954002022056450974f9ed61a018c8ae5b1ec4036dec3a8323d53a521dde17ea569e6780b301400425ee20a14fdb8b046f15c4b7c630fd1562198f5abcabce4428a4242bef325d59ff343d5b8f7dc7f450b8eee6186b847bf290b5a480849f347fe746245fbdb801010120b3f1352ff3f9d8c0f387d0653b6021c504630bf09666f474b1e44bafaa2be07100010201f8335cb2646d1f03400114b67fb0d94656b34214546da098ddc96a11739f290001f8e6d1a64d49701e4001143ed325cf1210ee3bb1565fb6d0fd3036faf28925000100000120690a83d84a41f175bbb682453b65e5158570cde85da86c7d5f56f5d56210d52d01f82aaf26d703ca4a74014630440220ac829b36d3de37d033ff98c41707dd1f930324e7324a32f8f50da0875e0c13920220f06af9be799246c7d26a4a81ab1c985c3715a9ff161a580c3c467b3a706ef86f01400425ee20a14fdb8b046f15c4b7c630fd1562198f5abcabce4428a4242bef325d59ff343d5b8f7dc7f450b8eee6186b847bf290b5a480849f347fe746245fbdb8030106746573743a32012a55504441544520746573742053455420623d27726f77325f757064617465642720574845524520613d3201255550444154452074657374205345542020623d27726f77322720574845524520613d27322700012051c1b68edb71b895f0e9d3cf6b60ea2cecf5a33f253c7fc45cfec8dab237370d0001206321e1ece052494996a4894c4d0b6a7a39bfecb4aae9515165471c1c010ef23d01f82aaf26d719fe4742014630440220d278aa11e90cf75619ed69ec5e39920df65cecdac774a737fd3e9f8043fe3fca0220d1f4d7f77e0a9ab40c272419d696642c89c9454997b2982e837529f4d3232aec01400425ee20a14fdb8b046f15c4b7c630fd1562198f5abcabce4428a4242bef325d59ff343d5b8f7dc7f450b8eee6186b847bf290b5a480849f347fe746245fbdb8030106746573743a330124494e5345525420494e544f20746573742053455420623d27726f7733272c20613d273327011c44454c4554452046524f4d207465737420574845524520613d273327000120cd7a19ec00fa385a1e01859ac3134311b2bbb763e0373e33a0b7e5787b78536400012031639aff85eeae292a8315bdc9f5990d84864d2ea774a2c75b2426b415b9ec5901f82aaf26d7364be9940146304402203182ca729516f290cb447b6ba96b6e10898850c7b18913a6e8ccf69e6383eead0220013bba978879fbda04309d210aa670c634658b75cdd32ee6e18e4d73b721d33201400425ee20a14fdb8b046f15c4b7c630fd1562198f5abcabce4428a4242bef325d59ff343d5b8f7dc7f450b8eee6186b847bf290b5a480849f347fe746245fbdb8030106746573743a340124494e5345525420494e544f20746573742053455420623d27726f7734272c20613d273427011c44454c4554452046524f4d207465737420574845524520613d273427000120cd7a19ec00fa385a1e01859ac3134311b2bbb763e0373e33a0b7e5787b7853640001203b1551a11a8cbde10604cfef41be49928b5f9a90c34cada55f33f04919d1a4d201f82aaf26d75c3f10a6014630440220e90f55cb5ef179c207e7f668e1e03110338558b7f0d8508b1227d2fd8bdfba0202203508336dcb2ec506642d014c1e2eafec1ffc01ffd8501c520c6a3b212e27e54d01400425ee20a14fdb8b046f15c4b7c630fd1562198f5abcabce4428a4242bef325d59ff343d5b8f7dc7f450b8eee6186b847bf290b5a480849f347fe746245fbdb8030106746573743a34012a55504441544520746573742053455420623d27726f77345f757064617465642720574845524520613d3401255550444154452074657374205345542020623d27726f77342720574845524520613d27342700012031639aff85eeae292a8315bdc9f5990d84864d2ea774a2c75b2426b415b9ec590001202b76df69ccd0f72ab50d37f23e3660543cb875439167a66f6cc7b307ece7302901f82aaf26d76cfc55b00301020100010101fe244001143ed325cf1210ee3bb1565fb6d0fd3036faf28925000100000120000057669aa2daf8d11e709201dad1ab035235d921baa3aad01ef3053b811942012000005a65cee824059d646fc991c26e93856f2579d196f9d358adca8cc876899301fd02904c010e00'),('00008070497ec3996dea4fc4279e98cb73ffca3f80052fb140558068722cce26','63ff8d03010105426c6f636b01ff8e000106010954696d657374616d70010400010c5472616e73616374696f6e7301ff9000010d50726576426c6f636b48617368010a00010448617368010a0001054e6f6e63650104000106486569676874010400000027ff8f020101185b5d737472756374757265732e5472616e73616374696f6e01ff900001ff82000075ff810301010b5472616e73616374696f6e01ff8200010801024944010a00010454696d6501040001095369676e6174757265010a00010842795075624b6579010a00010356696e01ff86000104566f757401ff8a00010a53514c436f6d6d616e6401ff8c00010953514c426173655458010a0000002bff850201011c5b5d737472756374757265732e545843757272656e6379496e70757401ff860001ff8400002fff830301010f545843757272656e6379496e70757401ff84000102010454786964010a000104566f757401040000002dff890201011e5b5d737472756374757265732e54584375727272656e63794f757470757401ff8a0001ff88000038ff870301011154584375727272656e63794f757470757401ff88000102010556616c7565010800010a5075624b657948617368010a00000057ff8b0301010953514c55706461746501ff8c000104010b5265666572656e63654944010a0001055175657279010a00010d526f6c6c6261636b5175657279010a00010f507265765472616e73616374696f6e010a000000fe06c0ff8e01fcb74b9fd201060120ff15e84416d7b790cb1d97c43abbdd05e4400fbaadebb19535a1ad442c7a4d7f01f82aad41f573ecbfe0014630440220e9b01d24c0f1cece5ad739ea1a992bd46a93242c1ac4dc57fba70f9c9943492202200bf525840a665b3793167f79ffba4c5b5935208a99bece854f0a05b3d513661101400425ee20a14fdb8b046f15c4b7c630fd1562198f5abcabce4428a4242bef325d59ff343d5b8f7dc7f450b8eee6186b847bf290b5a480849f347fe746245fbdb801020120d6ac70d7b9b2d01342704206a3d6b43e356c9af6310520ef24382d0bf18e52850102000120d987b62f365a2dcab789741534437abef84ec79120438a2bbe11f2a082fce3c800010201f8d63c05c8e94e843f0114a50eb1fd89981ba8e0da1dda03c9beba1234ca7f0001f984cb74f920f53e01143ed325cf1210ee3bb1565fb6d0fd3036faf28925000100000120af0462e8f9cd6c3e51f103709a7bfae08a8ca2c7753ac5b6166d757a88d92f6901f82aad41f57e05f2680146304402208505bceaee75e1d92b0a9156d1fce92ffb0b1bc9159402d0088368ca53d4cc390220bac7bcf7cc0121dce5e903118eafb623b51331c24b65f5678d32653a04acf94f0140169b05603690090f9d1938f15c337e35caa8432b2474de1f2b8b594c4faa7a07ca4f99051abb436b664f96aca4b55021cff32d65496a3b69f9309783e34035ba010201202d865d522404503ca4a78050661cacbad7140d952d49ffa880cab7a96a1a88880102000120d6ac70d7b9b2d01342704206a3d6b43e356c9af6310520ef24382d0bf18e528500010201f8f7562426a8e1833f0114c1e423ec114fe99e85346dd2867eab0c71e9afa10001f8c0c6a3f19758213f0114a50eb1fd89981ba8e0da1dda03c9beba1234ca7f000100000120d6349379b76284f1e18bb13922b4c4e689667723b183ed1488015152d8424c9101f82aad41f587709360014630440220fab94a742acfe5be5ef0e0f92119beb2be34171f978c6bd2ebf74df550abba430220ff9c7f7e9e31ae547cb95b4b94d52d5c2143334823214f94752ad9434ee9e4f30140ab577ea8f95e1b0baecdab03e52decbdd77fff7981ea2cedad8ebc14c0533a2eb8894476c217b08543a1bcab9065a5602edddf3a26aed88fc11c9f6368bcc6cf01020120d987b62f365a2dcab789741534437abef84ec79120438a2bbe11f2a082fce3c801020001202d865d522404503ca4a78050661cacbad7140d952d49ffa880cab7a96a1a888800010201f843f7d5eae556843f01143ed325cf1210ee3bb1565fb6d0fd3036faf289250001f880b037312427333f0114c1e423ec114fe99e85346dd2867eab0c71e9afa1000100000120158882c12867873df8756c56eb5df7beb737cbe8e9a1826322c5d4d69f805ed301f82aad41f592078f1c014630440220ed3fc72b46273a76cf538798299e1ccf91cf2c91b4d7ab967c830a75e83be00b0220dfbb3b0541aaf09c9c531e78b4f4b60eeb0c2b9f7980580d445153f731076c2c0140ab577ea8f95e1b0baecdab03e52decbdd77fff7981ea2cedad8ebc14c0533a2eb8894476c217b08543a1bcab9065a5602edddf3a26aed88fc11c9f6368bcc6cf01010120509192f9ac0372a6a6b432503b6f52d068d89778c976a8dcdebba98db2cc3a79010200010201f8dac812290f03843f01143ed325cf1210ee3bb1565fb6d0fd3036faf289250001f8cb738e4b6686ff3f0114c1e423ec114fe99e85346dd2867eab0c71e9afa1000100000120b9eb0fb26db3863854a64a2c3f5fe5b26c0e218061b78ec7685ca8b19c4a33e601f82aad41f59c65dd16014630440220c87e3ce9ea9f016e952249526e16d44b78880dfee33f7a22e503f7d4c23db4030220be6c5f465f0b079b8ddf7a457eb4aedce1ad166cda1a8adeff7a5598a05e317401400425ee20a14fdb8b046f15c4b7c630fd1562198f5abcabce4428a4242bef325d59ff343d5b8f7dc7f450b8eee6186b847bf290b5a480849f347fe746245fbdb801010120509192f9ac0372a6a6b432503b6f52d068d89778c976a8dcdebba98db2cc3a7900010201f8dac812290f03843f0114a50eb1fd89981ba8e0da1dda03c9beba1234ca7f0001f9ff9cbca7f6223f01143ed325cf1210ee3bb1565fb6d0fd3036faf289250001000001208edbc576e8f9fc2d48513c4ed8a1663cfdbf70351ae6c1882a9e18544f5a3b0c01f82aad41f5a850af0c0301020100010101fe244001143ed325cf1210ee3bb1565fb6d0fd3036faf2892500010000012000001916f3ea31b470bbd26c78cb8a523898d4f0e19a551a405b0f1424dcbe28012000008070497ec3996dea4fc4279e98cb73ffca3f80052fb140558068722cce2601fd02c132010a00'),('0000b93e155c2a10c9244128a0322f3160c33ee8c8ccb2b9e5d85eb53c171583','63ff8303010105426c6f636b01ff84000106010954696d657374616d70010400010c5472616e73616374696f6e7301ff9200010d50726576426c6f636b48617368010a00010448617368010a0001054e6f6e63650104000106486569676874010400000027ff91020101185b5d737472756374757265732e5472616e73616374696f6e01ff920001ff86000075ff850301010b5472616e73616374696f6e01ff8600010801024944010a00010454696d6501040001095369676e6174757265010a00010842795075624b6579010a00010356696e01ff8a000104566f757401ff8e00010a53514c436f6d6d616e6401ff9000010953514c426173655458010a0000002bff890201011c5b5d737472756374757265732e545843757272656e6379496e70757401ff8a0001ff8800002fff870301010f545843757272656e6379496e70757401ff88000102010454786964010a000104566f757401040000002dff8d0201011e5b5d737472756374757265732e54584375727272656e63794f757470757401ff8e0001ff8c000038ff8b0301011154584375727272656e63794f757470757401ff8c000102010556616c7565010800010a5075624b657948617368010a00000057ff8f0301010953514c55706461746501ff90000104010b5265666572656e63654944010a0001055175657279010a00010d526f6c6c6261636b5175657279010a00010f507265765472616e73616374696f6e010a000000fe09efff8401fcb753c27a0109012051a1fbeadc26644b92f69433d38d07f6f45fc703451e76f074242109df21634301f82aaf26daec2a5f2e014630440220c766eaa77ca5d7a250e811f59de03a20ee3cf67dec99f17580ad4e58e193f4750220dd0f8b5f0400b32771d9d6d15e2159c91b98137bc930c7ce9bd11f068f66cd6d01400425ee20a14fdb8b046f15c4b7c630fd1562198f5abcabce4428a4242bef325d59ff343d5b8f7dc7f450b8eee6186b847bf290b5a480849f347fe746245fbdb801020120a7a239e6b5292dbff1a0343bea739c234b642b1eb4282c233744b32603c758d60102000120b5b030108111ff1bff49eae3c364cabdc65ebc992deedbd74e66380db7cd51b7010200010201f8335cb2646d1f03400114c3e44fc3f3bf30b05418e17972723c5a225a479d0001f8fc8a88a40e59e43f01143ed325cf1210ee3bb1565fb6d0fd3036faf289250001000001203387fb729db10f13835f4f305910000a016539c78b7454ed72577cb14922ff0401f82aaf26db5d3e9646014630440220e3c5f99dbd41fc40514383b0ec69d271f66b80cfd7729967ed502d70421a8b8b022034b5c2a35ea56a81ea78c6770256170d90b8c83ff95372e0e92260f50f279cc001400425ee20a14fdb8b046f15c4b7c630fd1562198f5abcabce4428a4242bef325d59ff343d5b8f7dc7f450b8eee6186b847bf290b5a480849f347fe746245fbdb8010101205277ddcba7d587e11dea314c25f53ba31fd6d1c58c1dbb84928b299da51e5b2a010200010201f8335cb2646d1f03400114c3e44fc3f3bf30b05418e17972723c5a225a479d0001f8cca34d9b92e0144001143ed325cf1210ee3bb1565fb6d0fd3036faf28925000100000120c8651fdaa87057e1022e47e05d11e691235e1875e22fa1e2c61370bd11051d4601f82aaf26dbd8fa7b3a014630440220e6520214cb0205e397f24e87dfada6c4b4f9ce64c23689f11c06253a638fe0eb02205e07422d09d866fa0652b8a1e71a395deeb1374c0b8ce8f6a2d510e2f97b45e401400425ee20a14fdb8b046f15c4b7c630fd1562198f5abcabce4428a4242bef325d59ff343d5b8f7dc7f450b8eee6186b847bf290b5a480849f347fe746245fbdb801010120d7c1d1d1ed861dde6fb1f8d3b00637b1ff8f4a5e20fa7eb20b104efc04ea19cf00010201f8335cb2646d1f03400114c3e44fc3f3bf30b05418e17972723c5a225a479d0001f8e6d1a64d49701e4001143ed325cf1210ee3bb1565fb6d0fd3036faf289250001000001207031a6585c3ebc87eddff28dfb56bf71472e2ee82a55eaf14583bd110537885d01f82aaf26dc1b5442860146304402206f5fe07bbb2ab5ccb16a8ca137e8420ccbea6ec1f50f0ae3865406b56083a53d02209923807df99b7f578be4053339ff02a68aeab227468a87a7bfec864d71b1628b01400425ee20a14fdb8b046f15c4b7c630fd1562198f5abcabce4428a4242bef325d59ff343d5b8f7dc7f450b8eee6186b847bf290b5a480849f347fe746245fbdb801010120fc52dbbfb331073410ec74bb1ab30b308d198b4b449a047cf1fbb76798a7578400010201f8335cb2646d1f03400114c3e44fc3f3bf30b05418e17972723c5a225a479d0001f8e6d1a64d49701e4001143ed325cf1210ee3bb1565fb6d0fd3036faf28925000100000120af7a1a97b96caa5939917b1b0e176cbd68c77f92dea4c911bf4ef366c155e1dc01f82aaf26dc50fcce540146304402206363c3b79762a0a88953e6be7df04bc59e1675d213c8ecc63c38f04679249b920220cdccb6ecf1e477915d47fd7ed635ca236d999e2bebc7732e3f9857c3cfbdf18d01400425ee20a14fdb8b046f15c4b7c630fd1562198f5abcabce4428a4242bef325d59ff343d5b8f7dc7f450b8eee6186b847bf290b5a480849f347fe746245fbdb8030106746573743a370122494e5345525420494e544f20746573742053455420623d27726f7737272c20613d37011c44454c4554452046524f4d207465737420574845524520613d273727000120cd7a19ec00fa385a1e01859ac3134311b2bbb763e0373e33a0b7e5787b785364000120a61c55431de3abe0a0a0fe615cea9e546683921a1de9da6bcb895639049e101201f82aaf26dc93a8d7d0014630440220a4de41fc1a3b575f1320ce85f6713a5499963bdc4f95bf6ac623b0f04776c43f022021410099b95d958b5ca6666355c80f9722d3ba4313fb471b4ca2ea22ce2eba5201400425ee20a14fdb8b046f15c4b7c630fd1562198f5abcabce4428a4242bef325d59ff343d5b8f7dc7f450b8eee6186b847bf290b5a480849f347fe746245fbdb8030106746573743a380122494e5345525420494e544f20746573742053455420623d27726f7738272c20613d38011c44454c4554452046524f4d207465737420574845524520613d273827000120cd7a19ec00fa385a1e01859ac3134311b2bbb763e0373e33a0b7e5787b78536400012057406966fdc112d114671b0a1a4fb1a08e2a88438bed9a971f70a5337479704001f82aaf26dd03189d000146304402204de58f4f304436eaf22c60bb8b4542ae2bf2ee3498dd33b6b1a82fab851e2bb90220e53a73eb12726d6b624f25055922d8efd9e46ae08c6137a4445ea1c213fe002601400425ee20a14fdb8b046f15c4b7c630fd1562198f5abcabce4428a4242bef325d59ff343d5b8f7dc7f450b8eee6186b847bf290b5a480849f347fe746245fbdb8030106746573743a390122494e5345525420494e544f20746573742053455420623d27726f7739272c20613d39011c44454c4554452046524f4d207465737420574845524520613d273927000120cd7a19ec00fa385a1e01859ac3134311b2bbb763e0373e33a0b7e5787b7853640001201ecce4c3dd3f1c08444955d1a2ef3dda1984e5261e5efd4bf0348544dbd5418a01f82aaf26dd186e9e0a014630440220446341cc32563ac93c20355ab4d4e895ecf5a3d9e855dfd00394901a522f126a02203b6c1598c4fc294f357fc650cd2c87a295e5a25e2500e5fc8f9d175b0dab174501400425ee20a14fdb8b046f15c4b7c630fd1562198f5abcabce4428a4242bef325d59ff343d5b8f7dc7f450b8eee6186b847bf290b5a480849f347fe746245fbdb8030107746573743a31300124494e5345525420494e544f20746573742053455420623d27726f773130272c20613d3130011d44454c4554452046524f4d207465737420574845524520613d27313027000120cd7a19ec00fa385a1e01859ac3134311b2bbb763e0373e33a0b7e5787b785364000120390834785d34c321c9059e13664557a90a2e079072d5c844acb82e894e66073d01f82aaf26dd4866b1980301020100010101fe244001143ed325cf1210ee3bb1565fb6d0fd3036faf2892500010000012000005a65cee824059d646fc991c26e93856f2579d196f9d358adca8cc876899301200000b93e155c2a10c9244128a0322f3160c33ee8c8ccb2b9e5d85eb53c17158301fe083e011000'),('0000c093048972ddcebc8da2b0f7c8757d188dc401f4fb8c97e060038bbcfc81','63ff8d03010105426c6f636b01ff8e000106010954696d657374616d70010400010c5472616e73616374696f6e7301ff9000010d50726576426c6f636b48617368010a00010448617368010a0001054e6f6e63650104000106486569676874010400000027ff8f020101185b5d737472756374757265732e5472616e73616374696f6e01ff900001ff82000075ff810301010b5472616e73616374696f6e01ff8200010801024944010a00010454696d6501040001095369676e6174757265010a00010842795075624b6579010a00010356696e01ff86000104566f757401ff8a00010a53514c436f6d6d616e6401ff8c00010953514c426173655458010a0000002bff850201011c5b5d737472756374757265732e545843757272656e6379496e70757401ff860001ff8400002fff830301010f545843757272656e6379496e70757401ff84000102010454786964010a000104566f757401040000002dff890201011e5b5d737472756374757265732e54584375727272656e63794f757470757401ff8a0001ff88000038ff870301011154584375727272656e63794f757470757401ff88000102010556616c7565010800010a5075624b657948617368010a00000057ff8b0301010953514c55706461746501ff8c000104010b5265666572656e63654944010a0001055175657279010a00010d526f6c6c6261636b5175657279010a00010f507265765472616e73616374696f6e010a000000fe02d3ff8e01fcb74b9fb8010301201f68ecda086e9c55f363099f6d29a7a3237b5123f87acae50fe2ab840d2f9a2c01f82aad41ef1987eedc01463044022073ecbb228f3ffd9d85a69af50a3d71fbed9dc8b1b3500cdabbe07d2d0b3d439d0220cd1a3961a02e8f9b138062c0e591061f3bed0be76ba78bf3c9eafe4e6ae09f9301400425ee20a14fdb8b046f15c4b7c630fd1562198f5abcabce4428a4242bef325d59ff343d5b8f7dc7f450b8eee6186b847bf290b5a480849f347fe746245fbdb801010120d80a15aa6549b91fbe0d75f73ddd2284a8efb1514e00d51edc61990813d3a545010200010201400114c1e423ec114fe99e85346dd2867eab0c71e9afa10001fe1c4001143ed325cf1210ee3bb1565fb6d0fd3036faf2892500010000012092a2b2a8b6fd994d6139c43d08d639a8d476aebe71c98be0e55d8aaed3204de701f82aad41ef22dd1300014630440220a3e13b987f6622f551dc714af06de8be7ed7697e96d8fa5255cedef659a76e200220892277ddfca42dcdd714f5d8a06b07354dfa88d9d6da3e5308bb754dc70f4a1601400425ee20a14fdb8b046f15c4b7c630fd1562198f5abcabce4428a4242bef325d59ff343d5b8f7dc7f450b8eee6186b847bf290b5a480849f347fe746245fbdb801010120bb47137431b2d5f78609f84f6ce979da8883e2de4b974ff1332ec28e7432b3d600010201fe08400114c1e423ec114fe99e85346dd2867eab0c71e9afa10001fe1c4001143ed325cf1210ee3bb1565fb6d0fd3036faf28925000100000120b3f1352ff3f9d8c0f387d0653b6021c504630bf09666f474b1e44bafaa2be07101f82aad41ef2c4d6c780301020100010101fe244001143ed325cf1210ee3bb1565fb6d0fd3036faf289250001000001200000271a5a8a0b8365662b154764401349e720d0422acd8db38e8c770415ffb901200000c093048972ddcebc8da2b0f7c8757d188dc401f4fb8c97e060038bbcfc8101fd01df08010400'),('66','00002c8aa7f87a8ae4c6aca52666c2afe5e1e7e1e39c2f05e16db6672fb1127c'),('6c','0000b93e155c2a10c9244128a0322f3160c33ee8c8ccb2b9e5d85eb53c171583');

/*!40000 ALTER TABLE blocks ENABLE KEYS */;
UNLOCK TABLES;

--
-- Table structure for table nodes
--

DROP TABLE IF EXISTS nodes;
/*!40101 SET @saved_cs_client     = @@character_set_client */;
/*!40101 SET character_set_client = utf8 */;
CREATE TABLE `nodes` (
  `k` varbinary(100) NOT NULL,
  `v` varbinary(200) DEFAULT NULL,
  PRIMARY KEY (`k`)
) ENGINE=InnoDB DEFAULT CHARSET=latin1;
/*!40101 SET character_set_client = @saved_cs_client */;
--
-- Dumping data for table nodes
--

LOCK TABLES nodes WRITE;
/*!40000 ALTER TABLE nodes DISABLE KEYS */;

INSERT INTO nodes VALUES ('6c6f63616c686f73743a3330303034','6c6f63616c686f73743a3330303034'),('6c6f63616c686f73743a3330303035','6c6f63616c686f73743a3330303035');

/*!40000 ALTER TABLE nodes ENABLE KEYS */;
UNLOCK TABLES;

--
-- Table structure for table rowstotransactions
--

DROP TABLE IF EXISTS rowstotransactions;
/*!40101 SET @saved_cs_client     = @@character_set_client */;
/*!40101 SET character_set_client = utf8 */;
CREATE TABLE `rowstotransactions` (
  `k` varbinary(100) NOT NULL,
  `v` varbinary(100) DEFAULT NULL,
  PRIMARY KEY (`k`)
) ENGINE=InnoDB DEFAULT CHARSET=latin1;
/*!40101 SET character_set_client = @saved_cs_client */;
--
-- Dumping data for table rowstotransactions
--

LOCK TABLES rowstotransactions WRITE;
/*!40000 ALTER TABLE rowstotransactions DISABLE KEYS */;

INSERT INTO rowstotransactions VALUES ('746573743a2a','cd7a19ec00fa385a1e01859ac3134311b2bbb763e0373e33a0b7e5787b785364'),('746573743a31','0283c5ecd8d4804141515d4049a43dc26eca709cb27edc2539a346aca58465aa'),('746573743a3130','1ecce4c3dd3f1c08444955d1a2ef3dda1984e5261e5efd4bf0348544dbd5418a'),('746573743a32','690a83d84a41f175bbb682453b65e5158570cde85da86c7d5f56f5d56210d52d'),('746573743a33','6321e1ece052494996a4894c4d0b6a7a39bfecb4aae9515165471c1c010ef23d'),('746573743a34','3b1551a11a8cbde10604cfef41be49928b5f9a90c34cada55f33f04919d1a4d2'),('746573743a37','af7a1a97b96caa5939917b1b0e176cbd68c77f92dea4c911bf4ef366c155e1dc'),('746573743a38','a61c55431de3abe0a0a0fe615cea9e546683921a1de9da6bcb895639049e1012'),('746573743a39','57406966fdc112d114671b0a1a4fb1a08e2a88438bed9a971f70a53374797040');

/*!40000 ALTER TABLE rowstotransactions ENABLE KEYS */;
UNLOCK TABLES;

--
-- Table structure for table test
--

DROP TABLE IF EXISTS test;
/*!40101 SET @saved_cs_client     = @@character_set_client */;
/*!40101 SET character_set_client = utf8 */;
CREATE TABLE `test` (
  `a` int(11) NOT NULL AUTO_INCREMENT,
  `b` varchar(20) DEFAULT NULL,
  PRIMARY KEY (`a`)
) ENGINE=InnoDB AUTO_INCREMENT=11 DEFAULT CHARSET=latin1;
/*!40101 SET character_set_client = @saved_cs_client */;
--
-- Dumping data for table test
--

LOCK TABLES test WRITE;
/*!40000 ALTER TABLE test DISABLE KEYS */;

INSERT INTO test VALUES ('1','row1'),('2','row2_updated'),('3','row3'),('4','row4_updated'),('7','row7'),('8','row8'),('9','row9'),('10','row10');

/*!40000 ALTER TABLE test ENABLE KEYS */;
UNLOCK TABLES;

--
-- Table structure for table transactions
--

DROP TABLE IF EXISTS transactions;
/*!40101 SET @saved_cs_client     = @@character_set_client */;
/*!40101 SET character_set_client = utf8 */;
CREATE TABLE `transactions` (
  `k` varbinary(100) NOT NULL,
  `v` blob,
  PRIMARY KEY (`k`)
) ENGINE=InnoDB DEFAULT CHARSET=latin1;
/*!40101 SET character_set_client = @saved_cs_client */;
--
-- Dumping data for table transactions
--

LOCK TABLES transactions WRITE;
/*!40000 ALTER TABLE transactions DISABLE KEYS */;

INSERT INTO transactions VALUES ('0283c5ecd8d4804141515d4049a43dc26eca709cb27edc2539a346aca58465aa','17ff95020101095b5d5b5d75696e743801ff9600010a000025ff96000120000057669aa2daf8d11e709201dad1ab035235d921baa3aad01ef3053b811942'),('02da5f9b4564a36366f8e60e6bfa88f3bfa63dd4bd7fed74ef30eb2d4ce4ca15','17ff95020101095b5d5b5d75696e743801ff9600010a000025ff96000120000057669aa2daf8d11e709201dad1ab035235d921baa3aad01ef3053b811942'),('098c44d1ec5ad09fe4fee51239eab2d33e60283dab7eeaa09e2bff790df9d61c','0cff91020102ff9200010a000025ff92000120000009a6e803738984392515aeecceeb2753ac7773323aeeaea183991b887f24'),('158882c12867873df8756c56eb5df7beb737cbe8e9a1826322c5d4d69f805ed3','0cff91020102ff9200010a000025ff9200012000008070497ec3996dea4fc4279e98cb73ffca3f80052fb140558068722cce26'),('1ecce4c3dd3f1c08444955d1a2ef3dda1984e5261e5efd4bf0348544dbd5418a','17ff95020101095b5d5b5d75696e743801ff9600010a000025ff960001200000b93e155c2a10c9244128a0322f3160c33ee8c8ccb2b9e5d85eb53c171583'),('1f68ecda086e9c55f363099f6d29a7a3237b5123f87acae50fe2ab840d2f9a2c','0cff91020102ff9200010a000025ff920001200000c093048972ddcebc8da2b0f7c8757d188dc401f4fb8c97e060038bbcfc81'),('288468c4f6537567bd2521ee6331be8af9ddd7cf08464279e81ba2714dfe7da1','17ff95020101095b5d5b5d75696e743801ff9600010a000025ff96000120000057669aa2daf8d11e709201dad1ab035235d921baa3aad01ef3053b811942'),('2b76df69ccd0f72ab50d37f23e3660543cb875439167a66f6cc7b307ece73029','17ff95020101095b5d5b5d75696e743801ff9600010a000025ff9600012000005a65cee824059d646fc991c26e93856f2579d196f9d358adca8cc8768993'),('2d865d522404503ca4a78050661cacbad7140d952d49ffa880cab7a96a1a8888','0cff91020102ff9200010a000025ff9200012000001916f3ea31b470bbd26c78cb8a523898d4f0e19a551a405b0f1424dcbe28'),('31639aff85eeae292a8315bdc9f5990d84864d2ea774a2c75b2426b415b9ec59','17ff95020101095b5d5b5d75696e743801ff9600010a000025ff9600012000005a65cee824059d646fc991c26e93856f2579d196f9d358adca8cc8768993'),('3387fb729db10f13835f4f305910000a016539c78b7454ed72577cb14922ff04','17ff95020101095b5d5b5d75696e743801ff9600010a000025ff960001200000b93e155c2a10c9244128a0322f3160c33ee8c8ccb2b9e5d85eb53c171583'),('390834785d34c321c9059e13664557a90a2e079072d5c844acb82e894e66073d','17ff95020101095b5d5b5d75696e743801ff9600010a000025ff960001200000b93e155c2a10c9244128a0322f3160c33ee8c8ccb2b9e5d85eb53c171583'),('3b1551a11a8cbde10604cfef41be49928b5f9a90c34cada55f33f04919d1a4d2','17ff95020101095b5d5b5d75696e743801ff9600010a000025ff9600012000005a65cee824059d646fc991c26e93856f2579d196f9d358adca8cc8768993'),('509192f9ac0372a6a6b432503b6f52d068d89778c976a8dcdebba98db2cc3a79','0cff91020102ff9200010a000025ff9200012000001916f3ea31b470bbd26c78cb8a523898d4f0e19a551a405b0f1424dcbe28'),('51a1fbeadc26644b92f69433d38d07f6f45fc703451e76f074242109df216343','17ff95020101095b5d5b5d75696e743801ff9600010a000025ff960001200000b93e155c2a10c9244128a0322f3160c33ee8c8ccb2b9e5d85eb53c171583'),('51c1b68edb71b895f0e9d3cf6b60ea2cecf5a33f253c7fc45cfec8dab237370d','17ff95020101095b5d5b5d75696e743801ff9600010a000025ff96000120000057669aa2daf8d11e709201dad1ab035235d921baa3aad01ef3053b811942'),('5277ddcba7d587e11dea314c25f53ba31fd6d1c58c1dbb84928b299da51e5b2a','17ff95020101095b5d5b5d75696e743801ff9600010a000025ff9600012000005a65cee824059d646fc991c26e93856f2579d196f9d358adca8cc8768993'),('5540cdcd72d0e2a1a238cca8a6f65ab403a128966ee6f2e042f3473c447ff6bd','0cff91020102ff9200010a000025ff92000120000009a6e803738984392515aeecceeb2753ac7773323aeeaea183991b887f24'),('56d6f562d6ea01528326ba09d8df6b8814922cfb2911abcf554d90bb18c8e69b','0cff91020102ff9200010a000025ff92000120000009a6e803738984392515aeecceeb2753ac7773323aeeaea183991b887f24'),('57406966fdc112d114671b0a1a4fb1a08e2a88438bed9a971f70a53374797040','17ff95020101095b5d5b5d75696e743801ff9600010a000025ff960001200000b93e155c2a10c9244128a0322f3160c33ee8c8ccb2b9e5d85eb53c171583'),('6321e1ece052494996a4894c4d0b6a7a39bfecb4aae9515165471c1c010ef23d','17ff95020101095b5d5b5d75696e743801ff9600010a000025ff9600012000005a65cee824059d646fc991c26e93856f2579d196f9d358adca8cc8768993'),('690a83d84a41f175bbb682453b65e5158570cde85da86c7d5f56f5d56210d52d','17ff95020101095b5d5b5d75696e743801ff9600010a000025ff9600012000005a65cee824059d646fc991c26e93856f2579d196f9d358adca8cc8768993'),('7031a6585c3ebc87eddff28dfb56bf71472e2ee82a55eaf14583bd110537885d','17ff95020101095b5d5b5d75696e743801ff9600010a000025ff960001200000b93e155c2a10c9244128a0322f3160c33ee8c8ccb2b9e5d85eb53c171583'),('8edbc576e8f9fc2d48513c4ed8a1663cfdbf70351ae6c1882a9e18544f5a3b0c','0cff91020102ff9200010a000025ff9200012000008070497ec3996dea4fc4279e98cb73ffca3f80052fb140558068722cce26'),('92a2b2a8b6fd994d6139c43d08d639a8d476aebe71c98be0e55d8aaed3204de7','0cff91020102ff9200010a000025ff920001200000c093048972ddcebc8da2b0f7c8757d188dc401f4fb8c97e060038bbcfc81'),('a61c55431de3abe0a0a0fe615cea9e546683921a1de9da6bcb895639049e1012','17ff95020101095b5d5b5d75696e743801ff9600010a000025ff960001200000b93e155c2a10c9244128a0322f3160c33ee8c8ccb2b9e5d85eb53c171583'),('a7a239e6b5292dbff1a0343bea739c234b642b1eb4282c233744b32603c758d6','17ff95020101095b5d5b5d75696e743801ff9600010a000025ff9600012000005a65cee824059d646fc991c26e93856f2579d196f9d358adca8cc8768993'),('af0462e8f9cd6c3e51f103709a7bfae08a8ca2c7753ac5b6166d757a88d92f69','0cff91020102ff9200010a000025ff9200012000008070497ec3996dea4fc4279e98cb73ffca3f80052fb140558068722cce26'),('af7a1a97b96caa5939917b1b0e176cbd68c77f92dea4c911bf4ef366c155e1dc','17ff95020101095b5d5b5d75696e743801ff9600010a000025ff960001200000b93e155c2a10c9244128a0322f3160c33ee8c8ccb2b9e5d85eb53c171583'),('b3f1352ff3f9d8c0f387d0653b6021c504630bf09666f474b1e44bafaa2be071','0cff91020102ff9200010a000025ff920001200000c093048972ddcebc8da2b0f7c8757d188dc401f4fb8c97e060038bbcfc81'),('b5b030108111ff1bff49eae3c364cabdc65ebc992deedbd74e66380db7cd51b7','17ff95020101095b5d5b5d75696e743801ff9600010a000025ff9600012000005a65cee824059d646fc991c26e93856f2579d196f9d358adca8cc8768993'),('b9eb0fb26db3863854a64a2c3f5fe5b26c0e218061b78ec7685ca8b19c4a33e6','0cff91020102ff9200010a000025ff9200012000008070497ec3996dea4fc4279e98cb73ffca3f80052fb140558068722cce26'),('bb47137431b2d5f78609f84f6ce979da8883e2de4b974ff1332ec28e7432b3d6','0cff91020102ff9200010a000025ff920001200000271a5a8a0b8365662b154764401349e720d0422acd8db38e8c770415ffb9'),('c3790b845c4ae28719c4ecfd4c5baad1ba7378cf6b246acb8d84c90e7c7e9dca','17ff95020101095b5d5b5d75696e743801ff9600010a000025ff96000120000057669aa2daf8d11e709201dad1ab035235d921baa3aad01ef3053b811942'),('c8651fdaa87057e1022e47e05d11e691235e1875e22fa1e2c61370bd11051d46','17ff95020101095b5d5b5d75696e743801ff9600010a000025ff960001200000b93e155c2a10c9244128a0322f3160c33ee8c8ccb2b9e5d85eb53c171583'),('cd7a19ec00fa385a1e01859ac3134311b2bbb763e0373e33a0b7e5787b785364','17ff95020101095b5d5b5d75696e743801ff9600010a000025ff96000120000057669aa2daf8d11e709201dad1ab035235d921baa3aad01ef3053b811942'),('d0db2978ac91f8c557ea02bffe5efc70cba46f5352b8706f5552a84a90072bd1','0cff91020102ff9200010a000025ff9200012000002c8aa7f87a8ae4c6aca52666c2afe5e1e7e1e39c2f05e16db6672fb1127c'),('d6349379b76284f1e18bb13922b4c4e689667723b183ed1488015152d8424c91','0cff91020102ff9200010a000025ff9200012000008070497ec3996dea4fc4279e98cb73ffca3f80052fb140558068722cce26'),('d6ac70d7b9b2d01342704206a3d6b43e356c9af6310520ef24382d0bf18e5285','0cff91020102ff9200010a000025ff9200012000001916f3ea31b470bbd26c78cb8a523898d4f0e19a551a405b0f1424dcbe28'),('d7c1d1d1ed861dde6fb1f8d3b00637b1ff8f4a5e20fa7eb20b104efc04ea19cf','0cff91020102ff9200010a000025ff92000120000009a6e803738984392515aeecceeb2753ac7773323aeeaea183991b887f24'),('d80a15aa6549b91fbe0d75f73ddd2284a8efb1514e00d51edc61990813d3a545','0cff91020102ff9200010a000025ff920001200000271a5a8a0b8365662b154764401349e720d0422acd8db38e8c770415ffb9'),('d987b62f365a2dcab789741534437abef84ec79120438a2bbe11f2a082fce3c8','0cff91020102ff9200010a000025ff9200012000001916f3ea31b470bbd26c78cb8a523898d4f0e19a551a405b0f1424dcbe28'),('ec00c79f61893ce29086d8e70af62961c66279b0617225d8174c14c02b4a9ca6','17ff95020101095b5d5b5d75696e743801ff9600010a000025ff96000120000057669aa2daf8d11e709201dad1ab035235d921baa3aad01ef3053b811942'),('fc52dbbfb331073410ec74bb1ab30b308d198b4b449a047cf1fbb76798a75784','0cff91020102ff9200010a000025ff9200012000001916f3ea31b470bbd26c78cb8a523898d4f0e19a551a405b0f1424dcbe28'),('ff15e84416d7b790cb1d97c43abbdd05e4400fbaadebb19535a1ad442c7a4d7f','0cff91020102ff9200010a000025ff9200012000008070497ec3996dea4fc4279e98cb73ffca3f80052fb140558068722cce26');

/*!40000 ALTER TABLE transactions ENABLE KEYS */;
UNLOCK TABLES;

--
-- Table structure for table transactionsoutputs
--

DROP TABLE IF EXISTS transactionsoutputs;
/*!40101 SET @saved_cs_client     = @@character_set_client */;
/*!40101 SET character_set_client = utf8 */;
CREATE TABLE `transactionsoutputs` (
  `k` varbinary(100) NOT NULL,
  `v` blob,
  PRIMARY KEY (`k`)
) ENGINE=InnoDB DEFAULT CHARSET=latin1;
/*!40101 SET character_set_client = @saved_cs_client */;
--
-- Dumping data for table transactionsoutputs
--

LOCK TABLES transactionsoutputs WRITE;
/*!40000 ALTER TABLE transactionsoutputs DISABLE KEYS */;

INSERT INTO transactionsoutputs VALUES ('02da5f9b4564a36366f8e60e6bfa88f3bfa63dd4bd7fed74ef30eb2d4ce4ca15','0dffa5020102ffa60001ffa400005effa30301011d5472616e73616374696f6e73496e6465785370656e744f75747075747301ffa400010401064f7574496e64010400010b5458576865726555736564010a000105496e496e640104000109426c6f636b48617368010a0000004dffa6000101020120a7a239e6b5292dbff1a0343bea739c234b642b1eb4282c233744b32603c758d60102012000005a65cee824059d646fc991c26e93856f2579d196f9d358adca8cc876899300'),('098c44d1ec5ad09fe4fee51239eab2d33e60283dab7eeaa09e2bff790df9d61c','0dff95020102ff960001ff9400005eff930301011d5472616e73616374696f6e73496e6465785370656e744f75747075747301ff9400010401064f7574496e64010400010b5458576865726555736564010a000105496e496e640104000109426c6f636b48617368010a000000ff90ff9600020220d6ac70d7b9b2d01342704206a3d6b43e356c9af6310520ef24382d0bf18e5285022000001916f3ea31b470bbd26c78cb8a523898d4f0e19a551a405b0f1424dcbe280001020120509192f9ac0372a6a6b432503b6f52d068d89778c976a8dcdebba98db2cc3a79022000001916f3ea31b470bbd26c78cb8a523898d4f0e19a551a405b0f1424dcbe2800'),('158882c12867873df8756c56eb5df7beb737cbe8e9a1826322c5d4d69f805ed3','0dffa5020102ffa60001ffa400005effa30301011d5472616e73616374696f6e73496e6465785370656e744f75747075747301ffa400010401064f7574496e64010400010b5458576865726555736564010a000105496e496e640104000109426c6f636b48617368010a0000004bffa60001022002da5f9b4564a36366f8e60e6bfa88f3bfa63dd4bd7fed74ef30eb2d4ce4ca1501040120000057669aa2daf8d11e709201dad1ab035235d921baa3aad01ef3053b81194200'),('1f68ecda086e9c55f363099f6d29a7a3237b5123f87acae50fe2ab840d2f9a2c','0dff95020102ff960001ff9400005eff930301011d5472616e73616374696f6e73496e6465785370656e744f75747075747301ff9400010401064f7574496e64010400010b5458576865726555736564010a000105496e496e640104000109426c6f636b48617368010a000000ff90ff960002010201205540cdcd72d0e2a1a238cca8a6f65ab403a128966ee6f2e042f3473c447ff6bd0220000009a6e803738984392515aeecceeb2753ac7773323aeeaea183991b887f24000220098c44d1ec5ad09fe4fee51239eab2d33e60283dab7eeaa09e2bff790df9d61c0220000009a6e803738984392515aeecceeb2753ac7773323aeeaea183991b887f2400'),('2d865d522404503ca4a78050661cacbad7140d952d49ffa880cab7a96a1a8888','0dff95020102ff960001ff9400005eff930301011d5472616e73616374696f6e73496e6465785370656e744f75747075747301ff9400010401064f7574496e64010400010b5458576865726555736564010a000105496e496e640104000109426c6f636b48617368010a000000ff92ff96000201020120af0462e8f9cd6c3e51f103709a7bfae08a8ca2c7753ac5b6166d757a88d92f69022000008070497ec3996dea4fc4279e98cb73ffca3f80052fb140558068722cce26000220d6349379b76284f1e18bb13922b4c4e689667723b183ed1488015152d8424c910102012000008070497ec3996dea4fc4279e98cb73ffca3f80052fb140558068722cce2600'),('509192f9ac0372a6a6b432503b6f52d068d89778c976a8dcdebba98db2cc3a79','0dff95020102ff960001ff9400005eff930301011d5472616e73616374696f6e73496e6465785370656e744f75747075747301ff9400010401064f7574496e64010400010b5458576865726555736564010a000105496e496e640104000109426c6f636b48617368010a000000ff90ff96000201020120158882c12867873df8756c56eb5df7beb737cbe8e9a1826322c5d4d69f805ed3022000008070497ec3996dea4fc4279e98cb73ffca3f80052fb140558068722cce26000220b9eb0fb26db3863854a64a2c3f5fe5b26c0e218061b78ec7685ca8b19c4a33e6022000008070497ec3996dea4fc4279e98cb73ffca3f80052fb140558068722cce2600'),('5277ddcba7d587e11dea314c25f53ba31fd6d1c58c1dbb84928b299da51e5b2a','0dffa5020102ffa60001ffa400005effa30301011d5472616e73616374696f6e73496e6465785370656e744f75747075747301ffa400010401064f7574496e64010400010b5458576865726555736564010a000105496e496e640104000109426c6f636b48617368010a0000004bffa60001010201203387fb729db10f13835f4f305910000a016539c78b7454ed72577cb14922ff0402200000b93e155c2a10c9244128a0322f3160c33ee8c8ccb2b9e5d85eb53c17158300'),('5540cdcd72d0e2a1a238cca8a6f65ab403a128966ee6f2e042f3473c447ff6bd','0dffa5020102ffa60001ffa400005effa30301011d5472616e73616374696f6e73496e6465785370656e744f75747075747301ffa400010401064f7574496e64010400010b5458576865726555736564010a000105496e496e640104000109426c6f636b48617368010a000000ff92ffa6000202202d865d522404503ca4a78050661cacbad7140d952d49ffa880cab7a96a1a8888022000001916f3ea31b470bbd26c78cb8a523898d4f0e19a551a405b0f1424dcbe28000102012002da5f9b4564a36366f8e60e6bfa88f3bfa63dd4bd7fed74ef30eb2d4ce4ca1501080120000057669aa2daf8d11e709201dad1ab035235d921baa3aad01ef3053b81194200'),('56d6f562d6ea01528326ba09d8df6b8814922cfb2911abcf554d90bb18c8e69b','0dff95020102ff960001ff9400005eff930301011d5472616e73616374696f6e73496e6465785370656e744f75747075747301ff9400010401064f7574496e64010400010b5458576865726555736564010a000105496e496e640104000109426c6f636b48617368010a00000049ff9600010220d987b62f365a2dcab789741534437abef84ec79120438a2bbe11f2a082fce3c8022000001916f3ea31b470bbd26c78cb8a523898d4f0e19a551a405b0f1424dcbe2800'),('8edbc576e8f9fc2d48513c4ed8a1663cfdbf70351ae6c1882a9e18544f5a3b0c','0dffa5020102ffa60001ffa400005effa30301011d5472616e73616374696f6e73496e6465785370656e744f75747075747301ffa400010401064f7574496e64010400010b5458576865726555736564010a000105496e496e640104000109426c6f636b48617368010a00000049ffa600010220ec00c79f61893ce29086d8e70af62961c66279b0617225d8174c14c02b4a9ca60220000057669aa2daf8d11e709201dad1ab035235d921baa3aad01ef3053b81194200'),('92a2b2a8b6fd994d6139c43d08d639a8d476aebe71c98be0e55d8aaed3204de7','0dffa5020102ffa60001ffa400005effa30301011d5472616e73616374696f6e73496e6465785370656e744f75747075747301ffa400010401064f7574496e64010400010b5458576865726555736564010a000105496e496e640104000109426c6f636b48617368010a0000004bffa6000101020120c3790b845c4ae28719c4ecfd4c5baad1ba7378cf6b246acb8d84c90e7c7e9dca0220000057669aa2daf8d11e709201dad1ab035235d921baa3aad01ef3053b81194200'),('a7a239e6b5292dbff1a0343bea739c234b642b1eb4282c233744b32603c758d6','0dffa5020102ffa60001ffa400005effa30301011d5472616e73616374696f6e73496e6465785370656e744f75747075747301ffa400010401064f7574496e64010400010b5458576865726555736564010a000105496e496e640104000109426c6f636b48617368010a0000004bffa600010102012051a1fbeadc26644b92f69433d38d07f6f45fc703451e76f074242109df21634302200000b93e155c2a10c9244128a0322f3160c33ee8c8ccb2b9e5d85eb53c17158300'),('b3f1352ff3f9d8c0f387d0653b6021c504630bf09666f474b1e44bafaa2be071','0dffa5020102ffa60001ffa400005effa30301011d5472616e73616374696f6e73496e6465785370656e744f75747075747301ffa400010401064f7574496e64010400010b5458576865726555736564010a000105496e496e640104000109426c6f636b48617368010a00000049ffa6000102205277ddcba7d587e11dea314c25f53ba31fd6d1c58c1dbb84928b299da51e5b2a022000005a65cee824059d646fc991c26e93856f2579d196f9d358adca8cc876899300'),('b5b030108111ff1bff49eae3c364cabdc65ebc992deedbd74e66380db7cd51b7','0dffa5020102ffa60001ffa400005effa30301011d5472616e73616374696f6e73496e6465785370656e744f75747075747301ffa400010401064f7574496e64010400010b5458576865726555736564010a000105496e496e640104000109426c6f636b48617368010a0000004dffa600010102012051a1fbeadc26644b92f69433d38d07f6f45fc703451e76f074242109df216343010201200000b93e155c2a10c9244128a0322f3160c33ee8c8ccb2b9e5d85eb53c17158300'),('b9eb0fb26db3863854a64a2c3f5fe5b26c0e218061b78ec7685ca8b19c4a33e6','0dffa5020102ffa60001ffa400005effa30301011d5472616e73616374696f6e73496e6465785370656e744f75747075747301ffa400010401064f7574496e64010400010b5458576865726555736564010a000105496e496e640104000109426c6f636b48617368010a0000004dffa600010102012002da5f9b4564a36366f8e60e6bfa88f3bfa63dd4bd7fed74ef30eb2d4ce4ca1501020120000057669aa2daf8d11e709201dad1ab035235d921baa3aad01ef3053b81194200'),('bb47137431b2d5f78609f84f6ce979da8883e2de4b974ff1332ec28e7432b3d6','0dff95020102ff960001ff9400005eff930301011d5472616e73616374696f6e73496e6465785370656e744f75747075747301ff9400010401064f7574496e64010400010b5458576865726555736564010a000105496e496e640104000109426c6f636b48617368010a00000049ff960001022092a2b2a8b6fd994d6139c43d08d639a8d476aebe71c98be0e55d8aaed3204de702200000c093048972ddcebc8da2b0f7c8757d188dc401f4fb8c97e060038bbcfc8100'),('c3790b845c4ae28719c4ecfd4c5baad1ba7378cf6b246acb8d84c90e7c7e9dca','0dffa5020102ffa60001ffa400005effa30301011d5472616e73616374696f6e73496e6465785370656e744f75747075747301ffa400010401064f7574496e64010400010b5458576865726555736564010a000105496e496e640104000109426c6f636b48617368010a0000004bffa6000101020120a7a239e6b5292dbff1a0343bea739c234b642b1eb4282c233744b32603c758d6022000005a65cee824059d646fc991c26e93856f2579d196f9d358adca8cc876899300'),('d0db2978ac91f8c557ea02bffe5efc70cba46f5352b8706f5552a84a90072bd1','0dff95020102ff960001ff9400005eff930301011d5472616e73616374696f6e73496e6465785370656e744f75747075747301ff9400010401064f7574496e64010400010b5458576865726555736564010a000105496e496e640104000109426c6f636b48617368010a00000049ff9600010220d80a15aa6549b91fbe0d75f73ddd2284a8efb1514e00d51edc61990813d3a54502200000271a5a8a0b8365662b154764401349e720d0422acd8db38e8c770415ffb900'),('d6349379b76284f1e18bb13922b4c4e689667723b183ed1488015152d8424c91','0dffa5020102ffa60001ffa400005effa30301011d5472616e73616374696f6e73496e6465785370656e744f75747075747301ffa400010401064f7574496e64010400010b5458576865726555736564010a000105496e496e640104000109426c6f636b48617368010a0000004bffa60001022002da5f9b4564a36366f8e60e6bfa88f3bfa63dd4bd7fed74ef30eb2d4ce4ca1501060120000057669aa2daf8d11e709201dad1ab035235d921baa3aad01ef3053b81194200'),('d6ac70d7b9b2d01342704206a3d6b43e356c9af6310520ef24382d0bf18e5285','0dff95020102ff960001ff9400005eff930301011d5472616e73616374696f6e73496e6465785370656e744f75747075747301ff9400010401064f7574496e64010400010b5458576865726555736564010a000105496e496e640104000109426c6f636b48617368010a000000ff92ff96000201020120ff15e84416d7b790cb1d97c43abbdd05e4400fbaadebb19535a1ad442c7a4d7f022000008070497ec3996dea4fc4279e98cb73ffca3f80052fb140558068722cce26000220af0462e8f9cd6c3e51f103709a7bfae08a8ca2c7753ac5b6166d757a88d92f690102012000008070497ec3996dea4fc4279e98cb73ffca3f80052fb140558068722cce2600'),('d7c1d1d1ed861dde6fb1f8d3b00637b1ff8f4a5e20fa7eb20b104efc04ea19cf','0dffa5020102ffa60001ffa400005effa30301011d5472616e73616374696f6e73496e6465785370656e744f75747075747301ffa400010401064f7574496e64010400010b5458576865726555736564010a000105496e496e640104000109426c6f636b48617368010a00000049ffa600010220c8651fdaa87057e1022e47e05d11e691235e1875e22fa1e2c61370bd11051d4602200000b93e155c2a10c9244128a0322f3160c33ee8c8ccb2b9e5d85eb53c17158300'),('d80a15aa6549b91fbe0d75f73ddd2284a8efb1514e00d51edc61990813d3a545','0dff95020102ff960001ff9400005eff930301011d5472616e73616374696f6e73496e6465785370656e744f75747075747301ff9400010401064f7574496e64010400010b5458576865726555736564010a000105496e496e640104000109426c6f636b48617368010a000000ff90ff960002010201201f68ecda086e9c55f363099f6d29a7a3237b5123f87acae50fe2ab840d2f9a2c02200000c093048972ddcebc8da2b0f7c8757d188dc401f4fb8c97e060038bbcfc8100022056d6f562d6ea01528326ba09d8df6b8814922cfb2911abcf554d90bb18c8e69b0220000009a6e803738984392515aeecceeb2753ac7773323aeeaea183991b887f2400'),('d987b62f365a2dcab789741534437abef84ec79120438a2bbe11f2a082fce3c8','0dff95020102ff960001ff9400005eff930301011d5472616e73616374696f6e73496e6465785370656e744f75747075747301ff9400010401064f7574496e64010400010b5458576865726555736564010a000105496e496e640104000109426c6f636b48617368010a000000ff92ff9600020220ff15e84416d7b790cb1d97c43abbdd05e4400fbaadebb19535a1ad442c7a4d7f0102012000008070497ec3996dea4fc4279e98cb73ffca3f80052fb140558068722cce260001020120d6349379b76284f1e18bb13922b4c4e689667723b183ed1488015152d8424c91022000008070497ec3996dea4fc4279e98cb73ffca3f80052fb140558068722cce2600'),('ec00c79f61893ce29086d8e70af62961c66279b0617225d8174c14c02b4a9ca6','0dffa5020102ffa60001ffa400005effa30301011d5472616e73616374696f6e73496e6465785370656e744f75747075747301ffa400010401064f7574496e64010400010b5458576865726555736564010a000105496e496e640104000109426c6f636b48617368010a0000004bffa6000101020120b5b030108111ff1bff49eae3c364cabdc65ebc992deedbd74e66380db7cd51b7022000005a65cee824059d646fc991c26e93856f2579d196f9d358adca8cc876899300'),('fc52dbbfb331073410ec74bb1ab30b308d198b4b449a047cf1fbb76798a75784','0dffa5020102ffa60001ffa400005effa30301011d5472616e73616374696f6e73496e6465785370656e744f75747075747301ffa400010401064f7574496e64010400010b5458576865726555736564010a000105496e496e640104000109426c6f636b48617368010a00000049ffa6000102207031a6585c3ebc87eddff28dfb56bf71472e2ee82a55eaf14583bd110537885d02200000b93e155c2a10c9244128a0322f3160c33ee8c8ccb2b9e5d85eb53c17158300'),('ff15e84416d7b790cb1d97c43abbdd05e4400fbaadebb19535a1ad442c7a4d7f','0dffa5020102ffa60001ffa400005effa30301011d5472616e73616374696f6e73496e6465785370656e744f75747075747301ffa400010401064f7574496e64010400010b5458576865726555736564010a000105496e496e640104000109426c6f636b48617368010a0000004bffa600010102012002da5f9b4564a36366f8e60e6bfa88f3bfa63dd4bd7fed74ef30eb2d4ce4ca150220000057669aa2daf8d11e709201dad1ab035235d921baa3aad01ef3053b81194200');

/*!40000 ALTER TABLE transactionsoutputs ENABLE KEYS */;
UNLOCK TABLES;

--
-- Table structure for table unapprovedtransactions
--

DROP TABLE IF EXISTS unapprovedtransactions;
/*!40101 SET @saved_cs_client     = @@character_set_client */;
/*!40101 SET character_set_client = utf8 */;
CREATE TABLE `unapprovedtransactions` (
  `k` varbinary(100) NOT NULL,
  `v` longblob,
  PRIMARY KEY (`k`)
) ENGINE=InnoDB DEFAULT CHARSET=latin1;
/*!40101 SET character_set_client = @saved_cs_client */;
--
-- Dumping data for table unapprovedtransactions
--

LOCK TABLES unapprovedtransactions WRITE;
/*!40000 ALTER TABLE unapprovedtransactions DISABLE KEYS */;

/*!40000 ALTER TABLE unapprovedtransactions ENABLE KEYS */;
UNLOCK TABLES;

--
-- Table structure for table unspentoutputstransactions
--

DROP TABLE IF EXISTS unspentoutputstransactions;
/*!40101 SET @saved_cs_client     = @@character_set_client */;
/*!40101 SET character_set_client = utf8 */;
CREATE TABLE `unspentoutputstransactions` (
  `k` varbinary(100) NOT NULL,
  `v` longblob,
  PRIMARY KEY (`k`)
) ENGINE=InnoDB DEFAULT CHARSET=latin1;
/*!40101 SET character_set_client = @saved_cs_client */;
--
-- Dumping data for table unspentoutputstransactions
--

LOCK TABLES unspentoutputstransactions WRITE;
/*!40000 ALTER TABLE unspentoutputstransactions DISABLE KEYS */;

INSERT INTO unspentoutputstransactions VALUES ('0283c5ecd8d4804141515d4049a43dc26eca709cb27edc2539a346aca58465aa','0dffa9020102ffaa0001ffa800007effa70301011354584f7574707574496e646570656e64656e7401ffa8000107010556616c7565010800010e446573745075624b657948617368010a00010e53656e645075624b657948617368010a00010454584944010a0001064f496e64657801040001064973426173650102000109426c6f636b48617368010a00000004ffaa0000'),('02da5f9b4564a36366f8e60e6bfa88f3bfa63dd4bd7fed74ef30eb2d4ce4ca15','0dffa9020102ffaa0001ffa800007effa70301011354584f7574707574496e646570656e64656e7401ffa8000107010556616c7565010800010e446573745075624b657948617368010a00010e53656e645075624b657948617368010a00010454584944010a0001064f496e64657801040001064973426173650102000109426c6f636b48617368010a0000007fffaa000101f85d1d9d469c9a15400114a444328cdda482dfc74f6f3dac1eb0b0de0afc6f01143ed325cf1210ee3bb1565fb6d0fd3036faf28925012002da5f9b4564a36366f8e60e6bfa88f3bfa63dd4bd7fed74ef30eb2d4ce4ca150320000057669aa2daf8d11e709201dad1ab035235d921baa3aad01ef3053b81194200'),('158882c12867873df8756c56eb5df7beb737cbe8e9a1826322c5d4d69f805ed3','0dffa9020102ffaa0001ffa800007effa70301011354584f7574707574496e646570656e64656e7401ffa8000107010556616c7565010800010e446573745075624b657948617368010a00010e53656e645075624b657948617368010a00010454584944010a0001064f496e64657801040001064973426173650102000109426c6f636b48617368010a000000ff81ffaa000101f8cb738e4b6686ff3f0114c1e423ec114fe99e85346dd2867eab0c71e9afa10114c1e423ec114fe99e85346dd2867eab0c71e9afa10120158882c12867873df8756c56eb5df7beb737cbe8e9a1826322c5d4d69f805ed30102022000008070497ec3996dea4fc4279e98cb73ffca3f80052fb140558068722cce2600'),('1ecce4c3dd3f1c08444955d1a2ef3dda1984e5261e5efd4bf0348544dbd5418a','0dffa9020102ffaa0001ffa800007effa70301011354584f7574707574496e646570656e64656e7401ffa8000107010556616c7565010800010e446573745075624b657948617368010a00010e53656e645075624b657948617368010a00010454584944010a0001064f496e64657801040001064973426173650102000109426c6f636b48617368010a00000004ffaa0000'),('288468c4f6537567bd2521ee6331be8af9ddd7cf08464279e81ba2714dfe7da1','0dffa9020102ffaa0001ffa800007effa70301011354584f7574707574496e646570656e64656e7401ffa8000107010556616c7565010800010e446573745075624b657948617368010a00010e53656e645075624b657948617368010a00010454584944010a0001064f496e64657801040001064973426173650102000109426c6f636b48617368010a00000065ffaa000101fe244001143ed325cf1210ee3bb1565fb6d0fd3036faf289250220288468c4f6537567bd2521ee6331be8af9ddd7cf08464279e81ba2714dfe7da102010120000057669aa2daf8d11e709201dad1ab035235d921baa3aad01ef3053b81194200'),('2b76df69ccd0f72ab50d37f23e3660543cb875439167a66f6cc7b307ece73029','0dffa9020102ffaa0001ffa800007effa70301011354584f7574707574496e646570656e64656e7401ffa8000107010556616c7565010800010e446573745075624b657948617368010a00010e53656e645075624b657948617368010a00010454584944010a0001064f496e64657801040001064973426173650102000109426c6f636b48617368010a00000065ffaa000101fe244001143ed325cf1210ee3bb1565fb6d0fd3036faf2892502202b76df69ccd0f72ab50d37f23e3660543cb875439167a66f6cc7b307ece730290201012000005a65cee824059d646fc991c26e93856f2579d196f9d358adca8cc876899300'),('31639aff85eeae292a8315bdc9f5990d84864d2ea774a2c75b2426b415b9ec59','0dffa9020102ffaa0001ffa800007effa70301011354584f7574707574496e646570656e64656e7401ffa8000107010556616c7565010800010e446573745075624b657948617368010a00010e53656e645075624b657948617368010a00010454584944010a0001064f496e64657801040001064973426173650102000109426c6f636b48617368010a00000004ffaa0000'),('3387fb729db10f13835f4f305910000a016539c78b7454ed72577cb14922ff04','0dffa9020102ffaa0001ffa800007effa70301011354584f7574707574496e646570656e64656e7401ffa8000107010556616c7565010800010e446573745075624b657948617368010a00010e53656e645075624b657948617368010a00010454584944010a0001064f496e64657801040001064973426173650102000109426c6f636b48617368010a000000fffcffaa000201f8335cb2646d1f03400114c3e44fc3f3bf30b05418e17972723c5a225a479d01143ed325cf1210ee3bb1565fb6d0fd3036faf2892501203387fb729db10f13835f4f305910000a016539c78b7454ed72577cb14922ff0403200000b93e155c2a10c9244128a0322f3160c33ee8c8ccb2b9e5d85eb53c1715830001f8cca34d9b92e0144001143ed325cf1210ee3bb1565fb6d0fd3036faf2892501143ed325cf1210ee3bb1565fb6d0fd3036faf2892501203387fb729db10f13835f4f305910000a016539c78b7454ed72577cb14922ff04010202200000b93e155c2a10c9244128a0322f3160c33ee8c8ccb2b9e5d85eb53c17158300'),('390834785d34c321c9059e13664557a90a2e079072d5c844acb82e894e66073d','0dffa9020102ffaa0001ffa800007effa70301011354584f7574707574496e646570656e64656e7401ffa8000107010556616c7565010800010e446573745075624b657948617368010a00010e53656e645075624b657948617368010a00010454584944010a0001064f496e64657801040001064973426173650102000109426c6f636b48617368010a00000065ffaa000101fe244001143ed325cf1210ee3bb1565fb6d0fd3036faf289250220390834785d34c321c9059e13664557a90a2e079072d5c844acb82e894e66073d020101200000b93e155c2a10c9244128a0322f3160c33ee8c8ccb2b9e5d85eb53c17158300'),('3b1551a11a8cbde10604cfef41be49928b5f9a90c34cada55f33f04919d1a4d2','0dffa9020102ffaa0001ffa800007effa70301011354584f7574707574496e646570656e64656e7401ffa8000107010556616c7565010800010e446573745075624b657948617368010a00010e53656e645075624b657948617368010a00010454584944010a0001064f496e64657801040001064973426173650102000109426c6f636b48617368010a00000004ffaa0000'),('51a1fbeadc26644b92f69433d38d07f6f45fc703451e76f074242109df216343','0dffa9020102ffaa0001ffa800007effa70301011354584f7574707574496e646570656e64656e7401ffa8000107010556616c7565010800010e446573745075624b657948617368010a00010e53656e645075624b657948617368010a00010454584944010a0001064f496e64657801040001064973426173650102000109426c6f636b48617368010a000000fffcffaa000201f8335cb2646d1f03400114c3e44fc3f3bf30b05418e17972723c5a225a479d01143ed325cf1210ee3bb1565fb6d0fd3036faf28925012051a1fbeadc26644b92f69433d38d07f6f45fc703451e76f074242109df21634303200000b93e155c2a10c9244128a0322f3160c33ee8c8ccb2b9e5d85eb53c1715830001f8fc8a88a40e59e43f01143ed325cf1210ee3bb1565fb6d0fd3036faf2892501143ed325cf1210ee3bb1565fb6d0fd3036faf28925012051a1fbeadc26644b92f69433d38d07f6f45fc703451e76f074242109df216343010202200000b93e155c2a10c9244128a0322f3160c33ee8c8ccb2b9e5d85eb53c17158300'),('51c1b68edb71b895f0e9d3cf6b60ea2cecf5a33f253c7fc45cfec8dab237370d','0dffa9020102ffaa0001ffa800007effa70301011354584f7574707574496e646570656e64656e7401ffa8000107010556616c7565010800010e446573745075624b657948617368010a00010e53656e645075624b657948617368010a00010454584944010a0001064f496e64657801040001064973426173650102000109426c6f636b48617368010a00000004ffaa0000'),('5277ddcba7d587e11dea314c25f53ba31fd6d1c58c1dbb84928b299da51e5b2a','0dffa9020102ffaa0001ffa800007effa70301011354584f7574707574496e646570656e64656e7401ffa8000107010556616c7565010800010e446573745075624b657948617368010a00010e53656e645075624b657948617368010a00010454584944010a0001064f496e64657801040001064973426173650102000109426c6f636b48617368010a0000007fffaa000101f8335cb2646d1f03400114b67fb0d94656b34214546da098ddc96a11739f2901143ed325cf1210ee3bb1565fb6d0fd3036faf2892501205277ddcba7d587e11dea314c25f53ba31fd6d1c58c1dbb84928b299da51e5b2a032000005a65cee824059d646fc991c26e93856f2579d196f9d358adca8cc876899300'),('56d6f562d6ea01528326ba09d8df6b8814922cfb2911abcf554d90bb18c8e69b','0dff99020102ff9a0001ff9800007eff970301011354584f7574707574496e646570656e64656e7401ff98000107010556616c7565010800010e446573745075624b657948617368010a00010e53656e645075624b657948617368010a00010454584944010a0001064f496e64657801040001064973426173650102000109426c6f636b48617368010a000000ff81ff9a000101f8ae47e17a14aeef3f0114a50eb1fd89981ba8e0da1dda03c9beba1234ca7f0114a50eb1fd89981ba8e0da1dda03c9beba1234ca7f012056d6f562d6ea01528326ba09d8df6b8814922cfb2911abcf554d90bb18c8e69b01020220000009a6e803738984392515aeecceeb2753ac7773323aeeaea183991b887f2400'),('57406966fdc112d114671b0a1a4fb1a08e2a88438bed9a971f70a53374797040','0dffa9020102ffaa0001ffa800007effa70301011354584f7574707574496e646570656e64656e7401ffa8000107010556616c7565010800010e446573745075624b657948617368010a00010e53656e645075624b657948617368010a00010454584944010a0001064f496e64657801040001064973426173650102000109426c6f636b48617368010a00000004ffaa0000'),('6321e1ece052494996a4894c4d0b6a7a39bfecb4aae9515165471c1c010ef23d','0dffa9020102ffaa0001ffa800007effa70301011354584f7574707574496e646570656e64656e7401ffa8000107010556616c7565010800010e446573745075624b657948617368010a00010e53656e645075624b657948617368010a00010454584944010a0001064f496e64657801040001064973426173650102000109426c6f636b48617368010a00000004ffaa0000'),('690a83d84a41f175bbb682453b65e5158570cde85da86c7d5f56f5d56210d52d','0dffa9020102ffaa0001ffa800007effa70301011354584f7574707574496e646570656e64656e7401ffa8000107010556616c7565010800010e446573745075624b657948617368010a00010e53656e645075624b657948617368010a00010454584944010a0001064f496e64657801040001064973426173650102000109426c6f636b48617368010a00000004ffaa0000'),('7031a6585c3ebc87eddff28dfb56bf71472e2ee82a55eaf14583bd110537885d','0dffa9020102ffaa0001ffa800007effa70301011354584f7574707574496e646570656e64656e7401ffa8000107010556616c7565010800010e446573745075624b657948617368010a00010e53656e645075624b657948617368010a00010454584944010a0001064f496e64657801040001064973426173650102000109426c6f636b48617368010a000000fffcffaa000201f8335cb2646d1f03400114c3e44fc3f3bf30b05418e17972723c5a225a479d01143ed325cf1210ee3bb1565fb6d0fd3036faf2892501207031a6585c3ebc87eddff28dfb56bf71472e2ee82a55eaf14583bd110537885d03200000b93e155c2a10c9244128a0322f3160c33ee8c8ccb2b9e5d85eb53c1715830001f8e6d1a64d49701e4001143ed325cf1210ee3bb1565fb6d0fd3036faf2892501143ed325cf1210ee3bb1565fb6d0fd3036faf2892501207031a6585c3ebc87eddff28dfb56bf71472e2ee82a55eaf14583bd110537885d010202200000b93e155c2a10c9244128a0322f3160c33ee8c8ccb2b9e5d85eb53c17158300'),('92a2b2a8b6fd994d6139c43d08d639a8d476aebe71c98be0e55d8aaed3204de7','0dffa9020102ffaa0001ffa800007effa70301011354584f7574707574496e646570656e64656e7401ffa8000107010556616c7565010800010e446573745075624b657948617368010a00010e53656e645075624b657948617368010a00010454584944010a0001064f496e64657801040001064973426173650102000109426c6f636b48617368010a00000079ffaa000101fe08400114c1e423ec114fe99e85346dd2867eab0c71e9afa101143ed325cf1210ee3bb1565fb6d0fd3036faf28925012092a2b2a8b6fd994d6139c43d08d639a8d476aebe71c98be0e55d8aaed3204de703200000c093048972ddcebc8da2b0f7c8757d188dc401f4fb8c97e060038bbcfc8100'),('a61c55431de3abe0a0a0fe615cea9e546683921a1de9da6bcb895639049e1012','0dffa9020102ffaa0001ffa800007effa70301011354584f7574707574496e646570656e64656e7401ffa8000107010556616c7565010800010e446573745075624b657948617368010a00010e53656e645075624b657948617368010a00010454584944010a0001064f496e64657801040001064973426173650102000109426c6f636b48617368010a00000004ffaa0000'),('a7a239e6b5292dbff1a0343bea739c234b642b1eb4282c233744b32603c758d6','0dffa9020102ffaa0001ffa800007effa70301011354584f7574707574496e646570656e64656e7401ffa8000107010556616c7565010800010e446573745075624b657948617368010a00010e53656e645075624b657948617368010a00010454584944010a0001064f496e64657801040001064973426173650102000109426c6f636b48617368010a0000007fffaa000101f8335cb2646d1f03400114b67fb0d94656b34214546da098ddc96a11739f2901143ed325cf1210ee3bb1565fb6d0fd3036faf289250120a7a239e6b5292dbff1a0343bea739c234b642b1eb4282c233744b32603c758d6032000005a65cee824059d646fc991c26e93856f2579d196f9d358adca8cc876899300'),('af0462e8f9cd6c3e51f103709a7bfae08a8ca2c7753ac5b6166d757a88d92f69','0dff99020102ff9a0001ff9800007eff970301011354584f7574707574496e646570656e64656e7401ff98000107010556616c7565010800010e446573745075624b657948617368010a00010e53656e645075624b657948617368010a00010454584944010a0001064f496e64657801040001064973426173650102000109426c6f636b48617368010a000000fffcff9a000201f8f7562426a8e1833f0114c1e423ec114fe99e85346dd2867eab0c71e9afa10114a50eb1fd89981ba8e0da1dda03c9beba1234ca7f0120af0462e8f9cd6c3e51f103709a7bfae08a8ca2c7753ac5b6166d757a88d92f69032000008070497ec3996dea4fc4279e98cb73ffca3f80052fb140558068722cce260001f8c0c6a3f19758213f0114a50eb1fd89981ba8e0da1dda03c9beba1234ca7f0114a50eb1fd89981ba8e0da1dda03c9beba1234ca7f0120af0462e8f9cd6c3e51f103709a7bfae08a8ca2c7753ac5b6166d757a88d92f690102022000008070497ec3996dea4fc4279e98cb73ffca3f80052fb140558068722cce2600'),('af7a1a97b96caa5939917b1b0e176cbd68c77f92dea4c911bf4ef366c155e1dc','0dffa9020102ffaa0001ffa800007effa70301011354584f7574707574496e646570656e64656e7401ffa8000107010556616c7565010800010e446573745075624b657948617368010a00010e53656e645075624b657948617368010a00010454584944010a0001064f496e64657801040001064973426173650102000109426c6f636b48617368010a00000004ffaa0000'),('b5b030108111ff1bff49eae3c364cabdc65ebc992deedbd74e66380db7cd51b7','0dffa9020102ffaa0001ffa800007effa70301011354584f7574707574496e646570656e64656e7401ffa8000107010556616c7565010800010e446573745075624b657948617368010a00010e53656e645075624b657948617368010a00010454584944010a0001064f496e64657801040001064973426173650102000109426c6f636b48617368010a0000007fffaa000101f8335cb2646d1f03400114b67fb0d94656b34214546da098ddc96a11739f2901143ed325cf1210ee3bb1565fb6d0fd3036faf289250120b5b030108111ff1bff49eae3c364cabdc65ebc992deedbd74e66380db7cd51b7032000005a65cee824059d646fc991c26e93856f2579d196f9d358adca8cc876899300'),('b9eb0fb26db3863854a64a2c3f5fe5b26c0e218061b78ec7685ca8b19c4a33e6','0dffa9020102ffaa0001ffa800007effa70301011354584f7574707574496e646570656e64656e7401ffa8000107010556616c7565010800010e446573745075624b657948617368010a00010e53656e645075624b657948617368010a00010454584944010a0001064f496e64657801040001064973426173650102000109426c6f636b48617368010a0000007fffaa000101f8dac812290f03843f0114a50eb1fd89981ba8e0da1dda03c9beba1234ca7f01143ed325cf1210ee3bb1565fb6d0fd3036faf289250120b9eb0fb26db3863854a64a2c3f5fe5b26c0e218061b78ec7685ca8b19c4a33e6032000008070497ec3996dea4fc4279e98cb73ffca3f80052fb140558068722cce2600'),('c3790b845c4ae28719c4ecfd4c5baad1ba7378cf6b246acb8d84c90e7c7e9dca','0dffa9020102ffaa0001ffa800007effa70301011354584f7574707574496e646570656e64656e7401ffa8000107010556616c7565010800010e446573745075624b657948617368010a00010e53656e645075624b657948617368010a00010454584944010a0001064f496e64657801040001064973426173650102000109426c6f636b48617368010a0000007fffaa000101f85d1d9d469c9a15400114a68742830af262ba7b44ad683e7af12fda64406f01143ed325cf1210ee3bb1565fb6d0fd3036faf289250120c3790b845c4ae28719c4ecfd4c5baad1ba7378cf6b246acb8d84c90e7c7e9dca0320000057669aa2daf8d11e709201dad1ab035235d921baa3aad01ef3053b81194200'),('c8651fdaa87057e1022e47e05d11e691235e1875e22fa1e2c61370bd11051d46','0dffa9020102ffaa0001ffa800007effa70301011354584f7574707574496e646570656e64656e7401ffa8000107010556616c7565010800010e446573745075624b657948617368010a00010e53656e645075624b657948617368010a00010454584944010a0001064f496e64657801040001064973426173650102000109426c6f636b48617368010a000000fffcffaa000201f8335cb2646d1f03400114c3e44fc3f3bf30b05418e17972723c5a225a479d01143ed325cf1210ee3bb1565fb6d0fd3036faf289250120c8651fdaa87057e1022e47e05d11e691235e1875e22fa1e2c61370bd11051d4603200000b93e155c2a10c9244128a0322f3160c33ee8c8ccb2b9e5d85eb53c1715830001f8e6d1a64d49701e4001143ed325cf1210ee3bb1565fb6d0fd3036faf2892501143ed325cf1210ee3bb1565fb6d0fd3036faf289250120c8651fdaa87057e1022e47e05d11e691235e1875e22fa1e2c61370bd11051d46010202200000b93e155c2a10c9244128a0322f3160c33ee8c8ccb2b9e5d85eb53c17158300'),('cd7a19ec00fa385a1e01859ac3134311b2bbb763e0373e33a0b7e5787b785364','0dffa9020102ffaa0001ffa800007effa70301011354584f7574707574496e646570656e64656e7401ffa8000107010556616c7565010800010e446573745075624b657948617368010a00010e53656e645075624b657948617368010a00010454584944010a0001064f496e64657801040001064973426173650102000109426c6f636b48617368010a00000004ffaa0000'),('d6349379b76284f1e18bb13922b4c4e689667723b183ed1488015152d8424c91','0dffa9020102ffaa0001ffa800007effa70301011354584f7574707574496e646570656e64656e7401ffa8000107010556616c7565010800010e446573745075624b657948617368010a00010e53656e645075624b657948617368010a00010454584944010a0001064f496e64657801040001064973426173650102000109426c6f636b48617368010a000000ff81ffaa000101f880b037312427333f0114c1e423ec114fe99e85346dd2867eab0c71e9afa10114c1e423ec114fe99e85346dd2867eab0c71e9afa10120d6349379b76284f1e18bb13922b4c4e689667723b183ed1488015152d8424c910102022000008070497ec3996dea4fc4279e98cb73ffca3f80052fb140558068722cce2600'),('ec00c79f61893ce29086d8e70af62961c66279b0617225d8174c14c02b4a9ca6','0dffa9020102ffaa0001ffa800007effa70301011354584f7574707574496e646570656e64656e7401ffa8000107010556616c7565010800010e446573745075624b657948617368010a00010e53656e645075624b657948617368010a00010454584944010a0001064f496e64657801040001064973426173650102000109426c6f636b48617368010a0000007fffaa000101f85d1d9d469c9a15400114612af7a6cc2c791cb8f46a0973152c0669c56a6701143ed325cf1210ee3bb1565fb6d0fd3036faf289250120ec00c79f61893ce29086d8e70af62961c66279b0617225d8174c14c02b4a9ca60320000057669aa2daf8d11e709201dad1ab035235d921baa3aad01ef3053b81194200'),('ff15e84416d7b790cb1d97c43abbdd05e4400fbaadebb19535a1ad442c7a4d7f','0dffa9020102ffaa0001ffa800007effa70301011354584f7574707574496e646570656e64656e7401ffa8000107010556616c7565010800010e446573745075624b657948617368010a00010e53656e645075624b657948617368010a00010454584944010a0001064f496e64657801040001064973426173650102000109426c6f636b48617368010a0000007fffaa000101f8d63c05c8e94e843f0114a50eb1fd89981ba8e0da1dda03c9beba1234ca7f01143ed325cf1210ee3bb1565fb6d0fd3036faf289250120ff15e84416d7b790cb1d97c43abbdd05e4400fbaadebb19535a1ad442c7a4d7f032000008070497ec3996dea4fc4279e98cb73ffca3f80052fb140558068722cce2600');

/*!40000 ALTER TABLE unspentoutputstransactions ENABLE KEYS */;
UNLOCK TABLES;

-- Dump completed on 2018-09-25 10:18:51.098692918 +0300 EEST m=+0.022422660
