-- Go SQL Dump 0.2.2
--
-- ------------------------------------------------------
-- Server version	5.7.23-0ubuntu0.16.04.1

/*!40101 SET @OLD_CHARACTER_SET_CLIENT=@@CHARACTER_SET_CLIENT */;
/*!40101 SET @OLD_CHARACTER_SET_RESULTS=@@CHARACTER_SET_RESULTS */;
/*!40101 SET @OLD_COLLATION_CONNECTION=@@COLLATION_CONNECTION */;
/*!40101 SET NAMES utf8 */;
/*!40103 SET @OLD_TIME_ZONE=@@TIME_ZONE */;
/*!40103 SET TIME_ZONE='+00:00' */;
/*!40014 SET @OLD_UNIQUE_CHECKS=@@UNIQUE_CHECKS, UNIQUE_CHECKS=0 */;
/*!40014 SET @OLD_FOREIGN_KEY_CHECKS=@@FOREIGN_KEY_CHECKS, FOREIGN_KEY_CHECKS=0 */;
/*!40101 SET @OLD_SQL_MODE=@@SQL_MODE, SQL_MODE='NO_AUTO_VALUE_ON_ZERO' */;
/*!40111 SET @OLD_SQL_NOTES=@@SQL_NOTES, SQL_NOTES=0 */;



--
-- Table structure for table blockchain
--

DROP TABLE IF EXISTS blockchain;
/*!40101 SET @saved_cs_client     = @@character_set_client */;
/*!40101 SET character_set_client = utf8 */;
CREATE TABLE `blockchain` (
  `k` varbinary(100) NOT NULL,
  `v` varbinary(300) DEFAULT NULL,
  PRIMARY KEY (`k`)
) ENGINE=InnoDB DEFAULT CHARSET=latin1;
/*!40101 SET character_set_client = @saved_cs_client */;
--
-- Dumping data for table blockchain
--

LOCK TABLES blockchain WRITE;
/*!40000 ALTER TABLE blockchain DISABLE KEYS */;

INSERT INTO blockchain VALUES ('000009a6e803738984392515aeecceeb2753ac7773323aeeaea183991b887f24','0000c093048972ddcebc8da2b0f7c8757d188dc401f4fb8c97e060038bbcfc8100001916f3ea31b470bbd26c78cb8a523898d4f0e19a551a405b0f1424dcbe28'),('00001916f3ea31b470bbd26c78cb8a523898d4f0e19a551a405b0f1424dcbe28','000009a6e803738984392515aeecceeb2753ac7773323aeeaea183991b887f2400008070497ec3996dea4fc4279e98cb73ffca3f80052fb140558068722cce26'),('0000271a5a8a0b8365662b154764401349e720d0422acd8db38e8c770415ffb9','00002c8aa7f87a8ae4c6aca52666c2afe5e1e7e1e39c2f05e16db6672fb1127c0000c093048972ddcebc8da2b0f7c8757d188dc401f4fb8c97e060038bbcfc81'),('00002c8aa7f87a8ae4c6aca52666c2afe5e1e7e1e39c2f05e16db6672fb1127c','00000000000000000000000000000000000000000000000000000000000000000000271a5a8a0b8365662b154764401349e720d0422acd8db38e8c770415ffb9'),('0000758b98965b19ff7d2f0d0b8e9ccb544b752a21aa8b05384df460a75a5321','0000f38cf95e27bd8543edf33c123d8e41f620fcd31d475b1704639aeb655cd70000981b48d674e9c01844953463aa0b155a34e05b923bcff941f5f11130813e'),('00008070497ec3996dea4fc4279e98cb73ffca3f80052fb140558068722cce26','00001916f3ea31b470bbd26c78cb8a523898d4f0e19a551a405b0f1424dcbe280000f38cf95e27bd8543edf33c123d8e41f620fcd31d475b1704639aeb655cd7'),('0000981b48d674e9c01844953463aa0b155a34e05b923bcff941f5f11130813e','0000758b98965b19ff7d2f0d0b8e9ccb544b752a21aa8b05384df460a75a53210000000000000000000000000000000000000000000000000000000000000000'),('0000c093048972ddcebc8da2b0f7c8757d188dc401f4fb8c97e060038bbcfc81','0000271a5a8a0b8365662b154764401349e720d0422acd8db38e8c770415ffb9000009a6e803738984392515aeecceeb2753ac7773323aeeaea183991b887f24'),('0000f38cf95e27bd8543edf33c123d8e41f620fcd31d475b1704639aeb655cd7','00008070497ec3996dea4fc4279e98cb73ffca3f80052fb140558068722cce260000758b98965b19ff7d2f0d0b8e9ccb544b752a21aa8b05384df460a75a5321');

/*!40000 ALTER TABLE blockchain ENABLE KEYS */;
UNLOCK TABLES;

--
-- Table structure for table blocks
--

DROP TABLE IF EXISTS blocks;
/*!40101 SET @saved_cs_client     = @@character_set_client */;
/*!40101 SET character_set_client = utf8 */;
CREATE TABLE `blocks` (
  `k` varbinary(100) NOT NULL,
  `v` longblob,
  PRIMARY KEY (`k`)
) ENGINE=InnoDB DEFAULT CHARSET=latin1;
/*!40101 SET character_set_client = @saved_cs_client */;
--
-- Dumping data for table blocks
--

LOCK TABLES blocks WRITE;
/*!40000 ALTER TABLE blocks DISABLE KEYS */;

INSERT INTO blocks VALUES ('000009a6e803738984392515aeecceeb2753ac7773323aeeaea183991b887f24','63ff8103010105426c6f636b01ff82000106010954696d657374616d70010400010c5472616e73616374696f6e7301ff9000010d50726576426c6f636b48617368010a00010448617368010a0001054e6f6e63650104000106486569676874010400000027ff8f020101185b5d737472756374757265732e5472616e73616374696f6e01ff900001ff84000075ff830301010b5472616e73616374696f6e01ff8400010801024944010a00010454696d6501040001095369676e6174757265010a00010842795075624b6579010a00010356696e01ff88000104566f757401ff8c00010a53514c436f6d6d616e6401ff8e00010953514c426173655458010a0000002bff870201011c5b5d737472756374757265732e545843757272656e6379496e70757401ff880001ff8600002fff850301010f545843757272656e6379496e70757401ff86000102010454786964010a000104566f757401040000002dff8b0201011e5b5d737472756374757265732e54584375727272656e63794f757470757401ff8c0001ff8a000038ff890301011154584375727272656e63794f757470757401ff8a000102010556616c7565010800010a5075624b657948617368010a00000057ff8d0301010953514c55706461746501ff8e000104010b5265666572656e63654944010a0001055175657279010a00010d526f6c6c6261636b5175657279010a00010f507265765472616e73616374696f6e010a000000fe040fff8201fcb74b9fc0010401205540cdcd72d0e2a1a238cca8a6f65ab403a128966ee6f2e042f3473c447ff6bd01f82aad41f0f6d19f760146304402202bb7e07e049795da6bf216bfd53326c3349ba963d5c9b1386c800eafcd6d8f9502202d46e6a4fda96fb8fa386f5e81fc18cd4bb4b9216840218aeb4fea58614c876f01400425ee20a14fdb8b046f15c4b7c630fd1562198f5abcabce4428a4242bef325d59ff343d5b8f7dc7f450b8eee6186b847bf290b5a480849f347fe746245fbdb8010101201f68ecda086e9c55f363099f6d29a7a3237b5123f87acae50fe2ab840d2f9a2c010200010201f87b14ae47e17a843f0114a50eb1fd89981ba8e0da1dda03c9beba1234ca7f0001f8f6285c8fc2f51b4001143ed325cf1210ee3bb1565fb6d0fd3036faf2892500010000012056d6f562d6ea01528326ba09d8df6b8814922cfb2911abcf554d90bb18c8e69b01f82aad41f0feeb04e6014630440220eab5d9f932251a808b5352b6647a437d941922139d9e804cc790740ece724d9102208084fcda55044e48ceebd9ec574da616a8ac989b788e9ab895f69b910a90f9eb0140169b05603690090f9d1938f15c337e35caa8432b2474de1f2b8b594c4faa7a07ca4f99051abb436b664f96aca4b55021cff32d65496a3b69f9309783e34035ba01010120d80a15aa6549b91fbe0d75f73ddd2284a8efb1514e00d51edc61990813d3a54500010201f87b14ae47e17a843f0114c1e423ec114fe99e85346dd2867eab0c71e9afa10001f8ae47e17a14aeef3f0114a50eb1fd89981ba8e0da1dda03c9beba1234ca7f000100000120098c44d1ec5ad09fe4fee51239eab2d33e60283dab7eeaa09e2bff790df9d61c01f82aad41f106f3593a0146304402206eb486cae47afdedbe1e7258b292cb83d1bd0a0f8c2e51ba64342009dfc0af6d022034a9bae99bacf0eba136bc240d239299b2004e271c1ee02cb531d8cab4e795ff0140ab577ea8f95e1b0baecdab03e52decbdd77fff7981ea2cedad8ebc14c0533a2eb8894476c217b08543a1bcab9065a5602edddf3a26aed88fc11c9f6368bcc6cf010101201f68ecda086e9c55f363099f6d29a7a3237b5123f87acae50fe2ab840d2f9a2c00010201f87b14ae47e17a843f01143ed325cf1210ee3bb1565fb6d0fd3036faf289250001f8d7a3703d0ad7ff3f0114c1e423ec114fe99e85346dd2867eab0c71e9afa1000100000120d7c1d1d1ed861dde6fb1f8d3b00637b1ff8f4a5e20fa7eb20b104efc04ea19cf01f82aad41f111cc6bc80301020100010101fe244001143ed325cf1210ee3bb1565fb6d0fd3036faf289250001000001200000c093048972ddcebc8da2b0f7c8757d188dc401f4fb8c97e060038bbcfc810120000009a6e803738984392515aeecceeb2753ac7773323aeeaea183991b887f2401fd040f3c010600'),('00001916f3ea31b470bbd26c78cb8a523898d4f0e19a551a405b0f1424dcbe28','63ff8103010105426c6f636b01ff82000106010954696d657374616d70010400010c5472616e73616374696f6e7301ff9000010d50726576426c6f636b48617368010a00010448617368010a0001054e6f6e63650104000106486569676874010400000027ff8f020101185b5d737472756374757265732e5472616e73616374696f6e01ff900001ff84000075ff830301010b5472616e73616374696f6e01ff8400010801024944010a00010454696d6501040001095369676e6174757265010a00010842795075624b6579010a00010356696e01ff88000104566f757401ff8c00010a53514c436f6d6d616e6401ff8e00010953514c426173655458010a0000002bff870201011c5b5d737472756374757265732e545843757272656e6379496e70757401ff880001ff8600002fff850301010f545843757272656e6379496e70757401ff86000102010454786964010a000104566f757401040000002dff8b0201011e5b5d737472756374757265732e54584375727272656e63794f757470757401ff8c0001ff8a000038ff890301011154584375727272656e63794f757470757401ff8a000102010556616c7565010800010a5075624b657948617368010a00000057ff8d0301010953514c55706461746501ff8e000104010b5265666572656e63654944010a0001055175657279010a00010d526f6c6c6261636b5175657279010a00010f507265765472616e73616374696f6e010a000000fe0530ff8201fcb74b9fc801050120d6ac70d7b9b2d01342704206a3d6b43e356c9af6310520ef24382d0bf18e528501f82aad41f3266e3eb001463044022046d8af1f328ecab408106fa8ff92f789b1c11ad453d2e5fb335a0addb23f242d02205b82e2c93393135ec748c1f968901039c5dcd06078fe2cb7b7540720a920790201400425ee20a14fdb8b046f15c4b7c630fd1562198f5abcabce4428a4242bef325d59ff343d5b8f7dc7f450b8eee6186b847bf290b5a480849f347fe746245fbdb801010120098c44d1ec5ad09fe4fee51239eab2d33e60283dab7eeaa09e2bff790df9d61c00010201f8dac812290f03843f0114a50eb1fd89981ba8e0da1dda03c9beba1234ca7f0001f840e8d2a687f42d3f01143ed325cf1210ee3bb1565fb6d0fd3036faf289250001000001202d865d522404503ca4a78050661cacbad7140d952d49ffa880cab7a96a1a888801f82aad41f32f4d61700146304402207f7329026f46b3409f66f6be11c339143543f6078ce8e1d89b44b2b8e7a70f54022004f8af5544726cda45a69bc2bc34c09dc6de974ad1e0d2728bc655c899e03f0b0140169b05603690090f9d1938f15c337e35caa8432b2474de1f2b8b594c4faa7a07ca4f99051abb436b664f96aca4b55021cff32d65496a3b69f9309783e34035ba010101205540cdcd72d0e2a1a238cca8a6f65ab403a128966ee6f2e042f3473c447ff6bd00010201f843f7d5eae556843f0114c1e423ec114fe99e85346dd2867eab0c71e9afa10001f99c0e6caefd113f0114a50eb1fd89981ba8e0da1dda03c9beba1234ca7f000100000120d987b62f365a2dcab789741534437abef84ec79120438a2bbe11f2a082fce3c801f82aad41f337412a80014630440220af32a1b778bb1e91587cb65fd331eeea70f51777ff5a23e11f5352254864569702200845b51413d3da61193d211b8df789c73b0c8b21c4f0b8273600c380bbea1bff0140ab577ea8f95e1b0baecdab03e52decbdd77fff7981ea2cedad8ebc14c0533a2eb8894476c217b08543a1bcab9065a5602edddf3a26aed88fc11c9f6368bcc6cf0101012056d6f562d6ea01528326ba09d8df6b8814922cfb2911abcf554d90bb18c8e69b00010201f8f7562426a8e1833f01143ed325cf1210ee3bb1565fb6d0fd3036faf289250001f880b037312427333f0114c1e423ec114fe99e85346dd2867eab0c71e9afa1000100000120509192f9ac0372a6a6b432503b6f52d068d89778c976a8dcdebba98db2cc3a7901f82aad41f340403bc401463044022072e908369725c4af8e4527f4e39d3546c40207414c6297cdd20940045eb8414f022015d3d5378f983e1f2d0de1d1e5d08d768e88dbcb0464ba33242d8abb25a4b0360140ab577ea8f95e1b0baecdab03e52decbdd77fff7981ea2cedad8ebc14c0533a2eb8894476c217b08543a1bcab9065a5602edddf3a26aed88fc11c9f6368bcc6cf01010120098c44d1ec5ad09fe4fee51239eab2d33e60283dab7eeaa09e2bff790df9d61c010200010201f8d63c05c8e94e843f01143ed325cf1210ee3bb1565fb6d0fd3036faf289250001f85d99e0696caeff3f0114c1e423ec114fe99e85346dd2867eab0c71e9afa1000100000120fc52dbbfb331073410ec74bb1ab30b308d198b4b449a047cf1fbb76798a7578401f82aad41f350d35b400301020100010101fe244001143ed325cf1210ee3bb1565fb6d0fd3036faf28925000100000120000009a6e803738984392515aeecceeb2753ac7773323aeeaea183991b887f24012000001916f3ea31b470bbd26c78cb8a523898d4f0e19a551a405b0f1424dcbe2801fd0391e6010800'),('0000271a5a8a0b8365662b154764401349e720d0422acd8db38e8c770415ffb9','63ff8103010105426c6f636b01ff82000106010954696d657374616d70010400010c5472616e73616374696f6e7301ff9000010d50726576426c6f636b48617368010a00010448617368010a0001054e6f6e63650104000106486569676874010400000027ff8f020101185b5d737472756374757265732e5472616e73616374696f6e01ff900001ff84000075ff830301010b5472616e73616374696f6e01ff8400010801024944010a00010454696d6501040001095369676e6174757265010a00010842795075624b6579010a00010356696e01ff88000104566f757401ff8c00010a53514c436f6d6d616e6401ff8e00010953514c426173655458010a0000002bff870201011c5b5d737472756374757265732e545843757272656e6379496e70757401ff880001ff8600002fff850301010f545843757272656e6379496e70757401ff86000102010454786964010a000104566f757401040000002dff8b0201011e5b5d737472756374757265732e54584375727272656e63794f757470757401ff8c0001ff8a000038ff890301011154584375727272656e63794f757470757401ff8a000102010556616c7565010800010a5075624b657948617368010a00000057ff8d0301010953514c55706461746501ff8e000104010b5265666572656e63654944010a0001055175657279010a00010d526f6c6c6261636b5175657279010a00010f507265765472616e73616374696f6e010a000000fe01bcff8201fcb74b9fb001020120d80a15aa6549b91fbe0d75f73ddd2284a8efb1514e00d51edc61990813d3a54501f82aad41ed447212260146304402209db72a4570e5570b529ef90541614879acbd2b9718b5f9590f6a3b7bc34c9f6d02206a9966c95ff4c86f8fae297e691d387959914a4be4152b3c7742715bb098133c01400425ee20a14fdb8b046f15c4b7c630fd1562198f5abcabce4428a4242bef325d59ff343d5b8f7dc7f450b8eee6186b847bf290b5a480849f347fe746245fbdb801010120d0db2978ac91f8c557ea02bffe5efc70cba46f5352b8706f5552a84a90072bd100010201fef03f0114a50eb1fd89981ba8e0da1dda03c9beba1234ca7f0001fe224001143ed325cf1210ee3bb1565fb6d0fd3036faf28925000100000120bb47137431b2d5f78609f84f6ce979da8883e2de4b974ff1332ec28e7432b3d601f82aad41ed4e22269c0301020100010101fe244001143ed325cf1210ee3bb1565fb6d0fd3036faf2892500010000012000002c8aa7f87a8ae4c6aca52666c2afe5e1e7e1e39c2f05e16db6672fb1127c01200000271a5a8a0b8365662b154764401349e720d0422acd8db38e8c770415ffb901fe2a3c010200'),('00002c8aa7f87a8ae4c6aca52666c2afe5e1e7e1e39c2f05e16db6672fb1127c','63ff8103010105426c6f636b01ff82000106010954696d657374616d70010400010c5472616e73616374696f6e7301ff9000010d50726576426c6f636b48617368010a00010448617368010a0001054e6f6e63650104000106486569676874010400000027ff8f020101185b5d737472756374757265732e5472616e73616374696f6e01ff900001ff84000075ff830301010b5472616e73616374696f6e01ff8400010801024944010a00010454696d6501040001095369676e6174757265010a00010842795075624b6579010a00010356696e01ff88000104566f757401ff8c00010a53514c436f6d6d616e6401ff8e00010953514c426173655458010a0000002bff870201011c5b5d737472756374757265732e545843757272656e6379496e70757401ff880001ff8600002fff850301010f545843757272656e6379496e70757401ff86000102010454786964010a000104566f757401040000002dff8b0201011e5b5d737472756374757265732e54584375727272656e63794f757470757401ff8c0001ff8a000038ff890301011154584375727272656e63794f757470757401ff8a000102010556616c7565010800010a5075624b657948617368010a00000057ff8d0301010953514c55706461746501ff8e000104010b5265666572656e63654944010a0001055175657279010a00010d526f6c6c6261636b5175657279010a00010f507265765472616e73616374696f6e010a000000ff83ff8201fcb74b9fa001010120d0db2978ac91f8c557ea02bffe5efc70cba46f5352b8706f5552a84a90072bd101f82aad41e9e0624d2c0301020100010101fe244001143ed325cf1210ee3bb1565fb6d0fd3036faf2892500010000022000002c8aa7f87a8ae4c6aca52666c2afe5e1e7e1e39c2f05e16db6672fb1127c01fd0259f200'),('0000758b98965b19ff7d2f0d0b8e9ccb544b752a21aa8b05384df460a75a5321','63ff9703010105426c6f636b01ff98000106010954696d657374616d70010400010c5472616e73616374696f6e7301ff9a00010d50726576426c6f636b48617368010a00010448617368010a0001054e6f6e63650104000106486569676874010400000027ff99020101185b5d737472756374757265732e5472616e73616374696f6e01ff9a0001ff8c000075ff8b0301010b5472616e73616374696f6e01ff8c00010801024944010a00010454696d6501040001095369676e6174757265010a00010842795075624b6579010a00010356696e01ff90000104566f757401ff9400010a53514c436f6d6d616e6401ff9600010953514c426173655458010a0000002bff8f0201011c5b5d737472756374757265732e545843757272656e6379496e70757401ff900001ff8e00002fff8d0301010f545843757272656e6379496e70757401ff8e000102010454786964010a000104566f757401040000002dff930201011e5b5d737472756374757265732e54584375727272656e63794f757470757401ff940001ff92000038ff910301011154584375727272656e63794f757470757401ff92000102010556616c7565010800010a5075624b657948617368010a00000057ff950301010953514c55706461746501ff96000104010b5265666572656e63654944010a0001055175657279010a00010d526f6c6c6261636b5175657279010a00010f507265765472616e73616374696f6e010a000000fe08a1ff9801fcb7520a9a01080120e861a03a6e09298a03cef533ae8705c8db7314b6ad0a0908df0a1fa9eadda7e501f82aaec06fd019bac0014630440220bc82bc3a6acbaa080a280c8a37199bc09d65094e935b6b798c7cced4fe752f680220a98b34443383519f9e43ca7628b9e12d537333491d196acddb9bf77a35b59e1e01400425ee20a14fdb8b046f15c4b7c630fd1562198f5abcabce4428a4242bef325d59ff343d5b8f7dc7f450b8eee6186b847bf290b5a480849f347fe746245fbdb8010101200bf80348676f410a57664e357c2a459081776a2bc04c28a309510e70cfb68e6e010200010201f8259d37047d48f93f01145eb41c72fa16e6b62a019a1f75fa1bb434b20b360001f8c059fb547844933f01143ed325cf1210ee3bb1565fb6d0fd3036faf2892500010000012034af4db4d10bba67b3b02ced92e8c8dd0b299ee2c1680f137cb1baeeb26688ea01f82aaec06fffeff8d601463044022004d3c623c7ba0b1b884345d920d60c9cfad9575996605a7c5a8928fcb368a71a0220fb5dd67f4bcd3ccb8e6afdad39ec70140ea1065126ed9297dd62233b675bc82401400425ee20a14fdb8b046f15c4b7c630fd1562198f5abcabce4428a4242bef325d59ff343d5b8f7dc7f450b8eee6186b847bf290b5a480849f347fe746245fbdb80101012002a45f46687486e55034a27dd5341a487469245da82ef7a3728d6c96160882ec010200010201f8259d37047d48f93f01145eb41c72fa16e6b62a019a1f75fa1bb434b20b360001f8c01cefc8375f9d3f01143ed325cf1210ee3bb1565fb6d0fd3036faf289250001000001200a807f7757a7ca798c714e5a6c093775f4b7c4c923c6c039d0b2c66aff699b5b01f82aaec0705e81038c0146304402208fd55a21aea19c861cc0a5acf2309a3598dacfac6db677837b54d55a5391072302205443dd0707313d6923997ce9ab182c07336af80e6e41ee22fbea05bd9307ee8101400425ee20a14fdb8b046f15c4b7c630fd1562198f5abcabce4428a4242bef325d59ff343d5b8f7dc7f450b8eee6186b847bf290b5a480849f347fe746245fbdb8010101201875e45bf1aad32436ea571a1f4717da56cb21a1d790d26baa43cc33df8a9e4c010200010201f8259d37047d48f93f01145eb41c72fa16e6b62a019a1f75fa1bb434b20b360001f8b4f6a9f08826084001143ed325cf1210ee3bb1565fb6d0fd3036faf28925000100000120e18d2e49f73f2552537384ded2ac2694b6010cb14f99f42185c33c17fbfc0a8401f82aaec070e5aa0a960146304402207d081f3591b0595307c3f19b505c39aee82a85427d492c224d575402a072ba8a022061d7d59bdee0268606c56e04b46be6736e73a02b034f5d1cc2adf35b523ad71301400425ee20a14fdb8b046f15c4b7c630fd1562198f5abcabce4428a4242bef325d59ff343d5b8f7dc7f450b8eee6186b847bf290b5a480849f347fe746245fbdb8010101209cf76f0e9e2df5ba87e2afea832a7ffe4a71dc9424409ef26b27859fc4f9e72f010200010201f8259d37047d48f93f01145eb41c72fa16e6b62a019a1f75fa1bb434b20b360001f8b4f6a9f08826084001143ed325cf1210ee3bb1565fb6d0fd3036faf289250001000001202f99558e543c0cede1e18ff030a74bada2b276e2b6131eb5596eda2d4bae537601f82aaec0719100aeb6014630440220b88ae242100755aeea34bd4af57e65cebc014a994d8face4b137b6ea644c49270220d73fe05fb72fc3537f818fca68ace781277b69a6210a7a931bc049f13846abaa01400425ee20a14fdb8b046f15c4b7c630fd1562198f5abcabce4428a4242bef325d59ff343d5b8f7dc7f450b8eee6186b847bf290b5a480849f347fe746245fbdb8010101204ed811133a7e94440d3e1019b38ff3baf90693264fc4cd5eb152f1a1c1fc96c8010200010201f8259d37047d48f93f01145eb41c72fa16e6b62a019a1f75fa1bb434b20b360001f8b4f6a9f08826084001143ed325cf1210ee3bb1565fb6d0fd3036faf28925000100000120c57783fb191e47da945074c6879cb660b47b34ec31d941cdac065b2c1e9c787e01f82aaec071db1acd7a014630440220f2523324b01c4883e3079e939fb6d6292b7e414550bf9ac2c9735494b212ac8602208af87931e659a112a07e1b68329bf5c72458054b03d438556320aad915c130a801400425ee20a14fdb8b046f15c4b7c630fd1562198f5abcabce4428a4242bef325d59ff343d5b8f7dc7f450b8eee6186b847bf290b5a480849f347fe746245fbdb8010101205a7326dd56b76c2abb33a48526dbae0e2343f7563969ec6796eb2a8f95c191f6010200010201f8259d37047d48f93f01145eb41c72fa16e6b62a019a1f75fa1bb434b20b360001f8b4f6a9f08826084001143ed325cf1210ee3bb1565fb6d0fd3036faf28925000100000120db710e0757c286eb06c2fbb07623eaf6b1fd53e8ec7aa57e395f98c210fd76e701f82aaec0722af57572014630440220b8e5e966a45480cab878dd85983b3e4892f10f3e1a2edfde9eb42f7b161c04ec022013f296352b4304c75eb07bf710853a507835728621a1c5a64e85e79eb0b4c03401400425ee20a14fdb8b046f15c4b7c630fd1562198f5abcabce4428a4242bef325d59ff343d5b8f7dc7f450b8eee6186b847bf290b5a480849f347fe746245fbdb80101012077d5165e280993d256bbdcc607093e5e1f2aadfedb0ca6b339971a18c8ae716600010201f8259d37047d48f93f01145eb41c72fa16e6b62a019a1f75fa1bb434b20b360001f85b0c795ff0d6204001143ed325cf1210ee3bb1565fb6d0fd3036faf289250001000001209cea35379cd1f924d1a36ec046b214037f6dddc873f9210348d157285c35a45f01f82aaec072e32dade00301020100010101fe244001143ed325cf1210ee3bb1565fb6d0fd3036faf289250001000001200000f38cf95e27bd8543edf33c123d8e41f620fcd31d475b1704639aeb655cd701200000758b98965b19ff7d2f0d0b8e9ccb544b752a21aa8b05384df460a75a532101fd025bf6010e00'),('00008070497ec3996dea4fc4279e98cb73ffca3f80052fb140558068722cce26','63ff8103010105426c6f636b01ff82000106010954696d657374616d70010400010c5472616e73616374696f6e7301ff9000010d50726576426c6f636b48617368010a00010448617368010a0001054e6f6e63650104000106486569676874010400000027ff8f020101185b5d737472756374757265732e5472616e73616374696f6e01ff900001ff84000075ff830301010b5472616e73616374696f6e01ff8400010801024944010a00010454696d6501040001095369676e6174757265010a00010842795075624b6579010a00010356696e01ff88000104566f757401ff8c00010a53514c436f6d6d616e6401ff8e00010953514c426173655458010a0000002bff870201011c5b5d737472756374757265732e545843757272656e6379496e70757401ff880001ff8600002fff850301010f545843757272656e6379496e70757401ff86000102010454786964010a000104566f757401040000002dff8b0201011e5b5d737472756374757265732e54584375727272656e63794f757470757401ff8c0001ff8a000038ff890301011154584375727272656e63794f757470757401ff8a000102010556616c7565010800010a5075624b657948617368010a00000057ff8d0301010953514c55706461746501ff8e000104010b5265666572656e63654944010a0001055175657279010a00010d526f6c6c6261636b5175657279010a00010f507265765472616e73616374696f6e010a000000fe06c0ff8201fcb74b9fd201060120ff15e84416d7b790cb1d97c43abbdd05e4400fbaadebb19535a1ad442c7a4d7f01f82aad41f573ecbfe0014630440220e9b01d24c0f1cece5ad739ea1a992bd46a93242c1ac4dc57fba70f9c9943492202200bf525840a665b3793167f79ffba4c5b5935208a99bece854f0a05b3d513661101400425ee20a14fdb8b046f15c4b7c630fd1562198f5abcabce4428a4242bef325d59ff343d5b8f7dc7f450b8eee6186b847bf290b5a480849f347fe746245fbdb801020120d6ac70d7b9b2d01342704206a3d6b43e356c9af6310520ef24382d0bf18e52850102000120d987b62f365a2dcab789741534437abef84ec79120438a2bbe11f2a082fce3c800010201f8d63c05c8e94e843f0114a50eb1fd89981ba8e0da1dda03c9beba1234ca7f0001f984cb74f920f53e01143ed325cf1210ee3bb1565fb6d0fd3036faf28925000100000120af0462e8f9cd6c3e51f103709a7bfae08a8ca2c7753ac5b6166d757a88d92f6901f82aad41f57e05f2680146304402208505bceaee75e1d92b0a9156d1fce92ffb0b1bc9159402d0088368ca53d4cc390220bac7bcf7cc0121dce5e903118eafb623b51331c24b65f5678d32653a04acf94f0140169b05603690090f9d1938f15c337e35caa8432b2474de1f2b8b594c4faa7a07ca4f99051abb436b664f96aca4b55021cff32d65496a3b69f9309783e34035ba010201202d865d522404503ca4a78050661cacbad7140d952d49ffa880cab7a96a1a88880102000120d6ac70d7b9b2d01342704206a3d6b43e356c9af6310520ef24382d0bf18e528500010201f8f7562426a8e1833f0114c1e423ec114fe99e85346dd2867eab0c71e9afa10001f8c0c6a3f19758213f0114a50eb1fd89981ba8e0da1dda03c9beba1234ca7f000100000120d6349379b76284f1e18bb13922b4c4e689667723b183ed1488015152d8424c9101f82aad41f587709360014630440220fab94a742acfe5be5ef0e0f92119beb2be34171f978c6bd2ebf74df550abba430220ff9c7f7e9e31ae547cb95b4b94d52d5c2143334823214f94752ad9434ee9e4f30140ab577ea8f95e1b0baecdab03e52decbdd77fff7981ea2cedad8ebc14c0533a2eb8894476c217b08543a1bcab9065a5602edddf3a26aed88fc11c9f6368bcc6cf01020120d987b62f365a2dcab789741534437abef84ec79120438a2bbe11f2a082fce3c801020001202d865d522404503ca4a78050661cacbad7140d952d49ffa880cab7a96a1a888800010201f843f7d5eae556843f01143ed325cf1210ee3bb1565fb6d0fd3036faf289250001f880b037312427333f0114c1e423ec114fe99e85346dd2867eab0c71e9afa1000100000120158882c12867873df8756c56eb5df7beb737cbe8e9a1826322c5d4d69f805ed301f82aad41f592078f1c014630440220ed3fc72b46273a76cf538798299e1ccf91cf2c91b4d7ab967c830a75e83be00b0220dfbb3b0541aaf09c9c531e78b4f4b60eeb0c2b9f7980580d445153f731076c2c0140ab577ea8f95e1b0baecdab03e52decbdd77fff7981ea2cedad8ebc14c0533a2eb8894476c217b08543a1bcab9065a5602edddf3a26aed88fc11c9f6368bcc6cf01010120509192f9ac0372a6a6b432503b6f52d068d89778c976a8dcdebba98db2cc3a79010200010201f8dac812290f03843f01143ed325cf1210ee3bb1565fb6d0fd3036faf289250001f8cb738e4b6686ff3f0114c1e423ec114fe99e85346dd2867eab0c71e9afa1000100000120b9eb0fb26db3863854a64a2c3f5fe5b26c0e218061b78ec7685ca8b19c4a33e601f82aad41f59c65dd16014630440220c87e3ce9ea9f016e952249526e16d44b78880dfee33f7a22e503f7d4c23db4030220be6c5f465f0b079b8ddf7a457eb4aedce1ad166cda1a8adeff7a5598a05e317401400425ee20a14fdb8b046f15c4b7c630fd1562198f5abcabce4428a4242bef325d59ff343d5b8f7dc7f450b8eee6186b847bf290b5a480849f347fe746245fbdb801010120509192f9ac0372a6a6b432503b6f52d068d89778c976a8dcdebba98db2cc3a7900010201f8dac812290f03843f0114a50eb1fd89981ba8e0da1dda03c9beba1234ca7f0001f9ff9cbca7f6223f01143ed325cf1210ee3bb1565fb6d0fd3036faf289250001000001208edbc576e8f9fc2d48513c4ed8a1663cfdbf70351ae6c1882a9e18544f5a3b0c01f82aad41f5a850af0c0301020100010101fe244001143ed325cf1210ee3bb1565fb6d0fd3036faf2892500010000012000001916f3ea31b470bbd26c78cb8a523898d4f0e19a551a405b0f1424dcbe28012000008070497ec3996dea4fc4279e98cb73ffca3f80052fb140558068722cce2601fd02c132010a00'),('0000981b48d674e9c01844953463aa0b155a34e05b923bcff941f5f11130813e','63ff9703010105426c6f636b01ff98000106010954696d657374616d70010400010c5472616e73616374696f6e7301ff9a00010d50726576426c6f636b48617368010a00010448617368010a0001054e6f6e63650104000106486569676874010400000027ff99020101185b5d737472756374757265732e5472616e73616374696f6e01ff9a0001ff8c000075ff8b0301010b5472616e73616374696f6e01ff8c00010801024944010a00010454696d6501040001095369676e6174757265010a00010842795075624b6579010a00010356696e01ff90000104566f757401ff9400010a53514c436f6d6d616e6401ff9600010953514c426173655458010a0000002bff8f0201011c5b5d737472756374757265732e545843757272656e6379496e70757401ff900001ff8e00002fff8d0301010f545843757272656e6379496e70757401ff8e000102010454786964010a000104566f757401040000002dff930201011e5b5d737472756374757265732e54584375727272656e63794f757470757401ff940001ff92000038ff910301011154584375727272656e63794f757470757401ff92000102010556616c7565010800010a5075624b657948617368010a00000057ff950301010953514c55706461746501ff96000104010b5265666572656e63654944010a0001055175657279010a00010d526f6c6c6261636b5175657279010a00010f507265765472616e73616374696f6e010a000000fe0a34ff9801fcb7520ab401090120d73b34585d31cc000eb8ec9c71501a81192c76e2cb6947e98b23f6f482eb4c4301f82aaec075ced69cce0146304402208e8281682f74f60a881054d6e78dac03ed3027a1468056d93c0b8b90d454b631022019ce5845598e5d57f05c9885b6c7917ec9569db74f8d9c421e7854d9bc2f952c01400425ee20a14fdb8b046f15c4b7c630fd1562198f5abcabce4428a4242bef325d59ff343d5b8f7dc7f450b8eee6186b847bf290b5a480849f347fe746245fbdb801030120e861a03a6e09298a03cef533ae8705c8db7314b6ad0a0908df0a1fa9eadda7e5010200012034af4db4d10bba67b3b02ced92e8c8dd0b299ee2c1680f137cb1baeeb26688ea01020001200a807f7757a7ca798c714e5a6c093775f4b7c4c923c6c039d0b2c66aff699b5b010200010201f8259d37047d48f93f011452c4faa72cb1b6390fe90417738945f1346f13d80001f81dfa939d23c7f73f01143ed325cf1210ee3bb1565fb6d0fd3036faf2892500010000012024a188d27761996f518dcd050d983041d592a6244acd27d75c4cb82dcc72529a01f82aaec07643bb46ea014630440220049e119f34686134ce2df08baa5917ec5e18de784c462b0d7205a4c57731004e022023bf480089d25f5f117a7f4d69bb9d5ca043554924cc9b4bc9fe6780374880b501400425ee20a14fdb8b046f15c4b7c630fd1562198f5abcabce4428a4242bef325d59ff343d5b8f7dc7f450b8eee6186b847bf290b5a480849f347fe746245fbdb8010101202f99558e543c0cede1e18ff030a74bada2b276e2b6131eb5596eda2d4bae5376010200010201f8259d37047d48f93f011452c4faa72cb1b6390fe90417738945f1346f13d80001f843501cdd9404f73f01143ed325cf1210ee3bb1565fb6d0fd3036faf28925000100000120cc9071a52e1b352c95b5854678559330c6ffb43d30618332d87040f5cb58c9e801f82aaec076853000a4014630440220219bae54c9eeb954a712de1ceb79a20d0a32a6b5933d30b4d0e4715ed46940670220ef1486863f7ff2d83d393fa49ad9f03d796560fddd44c062b7cb627fbf9e818b01400425ee20a14fdb8b046f15c4b7c630fd1562198f5abcabce4428a4242bef325d59ff343d5b8f7dc7f450b8eee6186b847bf290b5a480849f347fe746245fbdb801010120c57783fb191e47da945074c6879cb660b47b34ec31d941cdac065b2c1e9c787e010200010201f8259d37047d48f93f011452c4faa72cb1b6390fe90417738945f1346f13d80001f843501cdd9404f73f01143ed325cf1210ee3bb1565fb6d0fd3036faf289250001000001204d4e165e873510c186c6b0778076552cbc73e16c3e9eded3a1b0c4f1c47c14bf01f82aaec076f32f6bdc014630440220b5df0ff7ad124f93b54ea711b837d2e6d87781f818d4b68104b052ff6dfc56c80220bb5c75cfe18b39469ae917b4767c37956df3ef4c8a5cf9cfc5b3afdcb78c79f701400425ee20a14fdb8b046f15c4b7c630fd1562198f5abcabce4428a4242bef325d59ff343d5b8f7dc7f450b8eee6186b847bf290b5a480849f347fe746245fbdb801010120e18d2e49f73f2552537384ded2ac2694b6010cb14f99f42185c33c17fbfc0a84010200010201f8259d37047d48f93f011452c4faa72cb1b6390fe90417738945f1346f13d80001f843501cdd9404f73f01143ed325cf1210ee3bb1565fb6d0fd3036faf289250001000001205ee66679e8f8e0c81ba53847c52b0ce98ff08010d6b217f0421e29e94fddc88a01f82aaec077458b81240146304402204c083a367246a0387f00f92955b1dcb6323ca2608e1b85da4b1a5cd2884288e60220dcad8b62bb4d558d192af5bb91c6f032894fc9f9cdc7f4accced11b5e29e7b9f01400425ee20a14fdb8b046f15c4b7c630fd1562198f5abcabce4428a4242bef325d59ff343d5b8f7dc7f450b8eee6186b847bf290b5a480849f347fe746245fbdb801010120db710e0757c286eb06c2fbb07623eaf6b1fd53e8ec7aa57e395f98c210fd76e7010200010201f8259d37047d48f93f011452c4faa72cb1b6390fe90417738945f1346f13d80001f86d31e47dc15b1b4001143ed325cf1210ee3bb1565fb6d0fd3036faf28925000100000120b1252ab04a5d2857ecefa9518b8df8f808e6108f09706902ea5ab5379066952001f82aaec077b38be6e6014630440220c6472455c016cf437f8ca57f16ea1dd7d1c62b157f22e284485f99ff3bc852480220382c36c12d020271d97edc5dcff35381bb49c65b2e991f8663b368a1fe17025e01400425ee20a14fdb8b046f15c4b7c630fd1562198f5abcabce4428a4242bef325d59ff343d5b8f7dc7f450b8eee6186b847bf290b5a480849f347fe746245fbdb8010101209cea35379cd1f924d1a36ec046b214037f6dddc873f9210348d157285c35a45f00010201f8259d37047d48f93f011452c4faa72cb1b6390fe90417738945f1346f13d80001f85b0c795ff0d6204001143ed325cf1210ee3bb1565fb6d0fd3036faf28925000100000120bef4ea3cb874a4065e849a3241d2abc64c7e709c2d04667a0703c3898b1e60d301f82aaec078047d04b401463044022023298b71ffe1a49e17a67f306842b660439533115f6e168667e59429c9ec87690220138023fedadc3cf79d34a9fab6cfa63ca1300476ba7a238d44c438585f87df3e01400425ee20a14fdb8b046f15c4b7c630fd1562198f5abcabce4428a4242bef325d59ff343d5b8f7dc7f450b8eee6186b847bf290b5a480849f347fe746245fbdb801010120b1252ab04a5d2857ecefa9518b8df8f808e6108f09706902ea5ab53790669520010200010201f8259d37047d48f93f011452c4faa72cb1b6390fe90417738945f1346f13d80001f86d31e47dc15b1b4001143ed325cf1210ee3bb1565fb6d0fd3036faf28925000100000120cbf57d11eece0456ab31983552c5c6529cb6d2263af8bb2a949b725f2d0da0bd01f82aaec0787088c2e4014630440220f8441a8ffd0d9b4e699cfd5a609ae75e86cfbdad946b3e1dd57973036177365902207179aec42a51c58071ba0427f3d2b2fd4eb7cbc1d8a4f08cf07bdda678d248b901400425ee20a14fdb8b046f15c4b7c630fd1562198f5abcabce4428a4242bef325d59ff343d5b8f7dc7f450b8eee6186b847bf290b5a480849f347fe746245fbdb80102012024a188d27761996f518dcd050d983041d592a6244acd27d75c4cb82dcc72529a01020001204d4e165e873510c186c6b0778076552cbc73e16c3e9eded3a1b0c4f1c47c14bf010200010201f8259d37047d48f93f011452c4faa72cb1b6390fe90417738945f1346f13d80001f8610301b6acc0f43f01143ed325cf1210ee3bb1565fb6d0fd3036faf289250001000001200a810f983b37b8b1156ce0980b699bb2ed2e4da7d77833ff600a6551c6cfc61701f82aaec078c541e6740301020100010101fe244001143ed325cf1210ee3bb1565fb6d0fd3036faf289250001000001200000758b98965b19ff7d2f0d0b8e9ccb544b752a21aa8b05384df460a75a532101200000981b48d674e9c01844953463aa0b155a34e05b923bcff941f5f11130813e01fd01ebb2011000'),('0000c093048972ddcebc8da2b0f7c8757d188dc401f4fb8c97e060038bbcfc81','63ff8103010105426c6f636b01ff82000106010954696d657374616d70010400010c5472616e73616374696f6e7301ff9000010d50726576426c6f636b48617368010a00010448617368010a0001054e6f6e63650104000106486569676874010400000027ff8f020101185b5d737472756374757265732e5472616e73616374696f6e01ff900001ff84000075ff830301010b5472616e73616374696f6e01ff8400010801024944010a00010454696d6501040001095369676e6174757265010a00010842795075624b6579010a00010356696e01ff88000104566f757401ff8c00010a53514c436f6d6d616e6401ff8e00010953514c426173655458010a0000002bff870201011c5b5d737472756374757265732e545843757272656e6379496e70757401ff880001ff8600002fff850301010f545843757272656e6379496e70757401ff86000102010454786964010a000104566f757401040000002dff8b0201011e5b5d737472756374757265732e54584375727272656e63794f757470757401ff8c0001ff8a000038ff890301011154584375727272656e63794f757470757401ff8a000102010556616c7565010800010a5075624b657948617368010a00000057ff8d0301010953514c55706461746501ff8e000104010b5265666572656e63654944010a0001055175657279010a00010d526f6c6c6261636b5175657279010a00010f507265765472616e73616374696f6e010a000000fe02d3ff8201fcb74b9fb8010301201f68ecda086e9c55f363099f6d29a7a3237b5123f87acae50fe2ab840d2f9a2c01f82aad41ef1987eedc01463044022073ecbb228f3ffd9d85a69af50a3d71fbed9dc8b1b3500cdabbe07d2d0b3d439d0220cd1a3961a02e8f9b138062c0e591061f3bed0be76ba78bf3c9eafe4e6ae09f9301400425ee20a14fdb8b046f15c4b7c630fd1562198f5abcabce4428a4242bef325d59ff343d5b8f7dc7f450b8eee6186b847bf290b5a480849f347fe746245fbdb801010120d80a15aa6549b91fbe0d75f73ddd2284a8efb1514e00d51edc61990813d3a545010200010201400114c1e423ec114fe99e85346dd2867eab0c71e9afa10001fe1c4001143ed325cf1210ee3bb1565fb6d0fd3036faf2892500010000012092a2b2a8b6fd994d6139c43d08d639a8d476aebe71c98be0e55d8aaed3204de701f82aad41ef22dd1300014630440220a3e13b987f6622f551dc714af06de8be7ed7697e96d8fa5255cedef659a76e200220892277ddfca42dcdd714f5d8a06b07354dfa88d9d6da3e5308bb754dc70f4a1601400425ee20a14fdb8b046f15c4b7c630fd1562198f5abcabce4428a4242bef325d59ff343d5b8f7dc7f450b8eee6186b847bf290b5a480849f347fe746245fbdb801010120bb47137431b2d5f78609f84f6ce979da8883e2de4b974ff1332ec28e7432b3d600010201fe08400114c1e423ec114fe99e85346dd2867eab0c71e9afa10001fe1c4001143ed325cf1210ee3bb1565fb6d0fd3036faf28925000100000120b3f1352ff3f9d8c0f387d0653b6021c504630bf09666f474b1e44bafaa2be07101f82aad41ef2c4d6c780301020100010101fe244001143ed325cf1210ee3bb1565fb6d0fd3036faf289250001000001200000271a5a8a0b8365662b154764401349e720d0422acd8db38e8c770415ffb901200000c093048972ddcebc8da2b0f7c8757d188dc401f4fb8c97e060038bbcfc8101fd01df08010400'),('0000f38cf95e27bd8543edf33c123d8e41f620fcd31d475b1704639aeb655cd7','63ff9703010105426c6f636b01ff98000106010954696d657374616d70010400010c5472616e73616374696f6e7301ff9a00010d50726576426c6f636b48617368010a00010448617368010a0001054e6f6e63650104000106486569676874010400000027ff99020101185b5d737472756374757265732e5472616e73616374696f6e01ff9a0001ff8c000075ff8b0301010b5472616e73616374696f6e01ff8c00010801024944010a00010454696d6501040001095369676e6174757265010a00010842795075624b6579010a00010356696e01ff90000104566f757401ff9400010a53514c436f6d6d616e6401ff9600010953514c426173655458010a0000002bff8f0201011c5b5d737472756374757265732e545843757272656e6379496e70757401ff900001ff8e00002fff8d0301010f545843757272656e6379496e70757401ff8e000102010454786964010a000104566f757401040000002dff930201011e5b5d737472756374757265732e54584375727272656e63794f757470757401ff940001ff92000038ff910301011154584375727272656e63794f757470757401ff92000102010556616c7565010800010a5075624b657948617368010a00000057ff950301010953514c55706461746501ff96000104010b5265666572656e63654944010a0001055175657279010a00010d526f6c6c6261636b5175657279010a00010f507265765472616e73616374696f6e010a000000fe0806ff9801fcb7520a3c0107012002a45f46687486e55034a27dd5341a487469245da82ef7a3728d6c96160882ec01f82aaec057979a8748014630440220729d77eabc28fdbc5a3332ebc5cb38213775f2c11128c4f7cf459f1d494ee0090220a95073ab4235a79ae4bdaf2b0dc74846738cc11c80e3816f5eb80e4d6aba317401400425ee20a14fdb8b046f15c4b7c630fd1562198f5abcabce4428a4242bef325d59ff343d5b8f7dc7f450b8eee6186b847bf290b5a480849f347fe746245fbdb801050120ff15e84416d7b790cb1d97c43abbdd05e4400fbaadebb19535a1ad442c7a4d7f0102000120b9eb0fb26db3863854a64a2c3f5fe5b26c0e218061b78ec7685ca8b19c4a33e60102000120158882c12867873df8756c56eb5df7beb737cbe8e9a1826322c5d4d69f805ed3000120d6349379b76284f1e18bb13922b4c4e689667723b183ed1488015152d8424c910001205540cdcd72d0e2a1a238cca8a6f65ab403a128966ee6f2e042f3473c447ff6bd010200010201f85d1d9d469c9a15400114f76872dffa4529731fe13f17ffd052577dc4525d0001f898595be3f9bdf93f01143ed325cf1210ee3bb1565fb6d0fd3036faf289250001000001200bf80348676f410a57664e357c2a459081776a2bc04c28a309510e70cfb68e6e01f82aaec05837a9ed6c01463044022021f17232af2b43b02b7423aeaf73b929d047fbfd2f5f68508d14d0f9d824677c02204ff3bcecf433a196198e7b2173fe4f88c34e3475630a6abe70c8bdbd7264c3ef01400425ee20a14fdb8b046f15c4b7c630fd1562198f5abcabce4428a4242bef325d59ff343d5b8f7dc7f450b8eee6186b847bf290b5a480849f347fe746245fbdb80101012092a2b2a8b6fd994d6139c43d08d639a8d476aebe71c98be0e55d8aaed3204de7010200010201f85d1d9d469c9a1540011405ad004710f4d9031713ab83ef36235e1d443e570001f88c8a8be58e95f93f01143ed325cf1210ee3bb1565fb6d0fd3036faf289250001000001205a7326dd56b76c2abb33a48526dbae0e2343f7563969ec6796eb2a8f95c191f601f82aaec0596df9320c014630440220fc0aa22b41e8ae8547557285e20c48e186f4aff31f9bb80b733ca272c557ff78022042f7e57269f678d43515e4b5a45c218da19afdd907ff8818a50668039faf54e601400425ee20a14fdb8b046f15c4b7c630fd1562198f5abcabce4428a4242bef325d59ff343d5b8f7dc7f450b8eee6186b847bf290b5a480849f347fe746245fbdb8010101208edbc576e8f9fc2d48513c4ed8a1663cfdbf70351ae6c1882a9e18544f5a3b0c00010201f85d1d9d469c9a15400114f8510c1c0f22469072d37564e55741a6b31de20a0001f8a3e262b96365124001143ed325cf1210ee3bb1565fb6d0fd3036faf289250001000001209cf76f0e9e2df5ba87e2afea832a7ffe4a71dc9424409ef26b27859fc4f9e72f01f82aaec05a46d2274401463044022028239366c74ba9050f6b939a4bbc89d30885db95a46e71cd18f65419f70568e7022056f9504049bf8c977d09229352c7c7eff35f835352cd526d72ab38e17bff0fcc01400425ee20a14fdb8b046f15c4b7c630fd1562198f5abcabce4428a4242bef325d59ff343d5b8f7dc7f450b8eee6186b847bf290b5a480849f347fe746245fbdb801010120b3f1352ff3f9d8c0f387d0653b6021c504630bf09666f474b1e44bafaa2be07100010201f85d1d9d469c9a15400114f76872dffa4529731fe13f17ffd052577dc4525d0001f8a3e262b96365124001143ed325cf1210ee3bb1565fb6d0fd3036faf289250001000001201875e45bf1aad32436ea571a1f4717da56cb21a1d790d26baa43cc33df8a9e4c01f82aaec05b47dc95240146304402201f523dc0bb58b2bc1ccecdd9e97a7557a23e60958b048b033b052ac5556ef8270220c7aa43f35f979207cfc9a93ffbbbe98d5e19e222f8dc52fc1e6e64410902a24601400425ee20a14fdb8b046f15c4b7c630fd1562198f5abcabce4428a4242bef325d59ff343d5b8f7dc7f450b8eee6186b847bf290b5a480849f347fe746245fbdb801010120d7c1d1d1ed861dde6fb1f8d3b00637b1ff8f4a5e20fa7eb20b104efc04ea19cf00010201f85d1d9d469c9a1540011405ad004710f4d9031713ab83ef36235e1d443e570001f8a3e262b96365124001143ed325cf1210ee3bb1565fb6d0fd3036faf289250001000001204ed811133a7e94440d3e1019b38ff3baf90693264fc4cd5eb152f1a1c1fc96c801f82aaec05c180cdb300146304402203e7b064ee59d9c53e419c91de9940382be05f266f8460073d56575b70cd259aa0220b2af49bf7ca8ad3e599b7d14a0e3c79df4ab9f41c35d13562acbf363c581acd601400425ee20a14fdb8b046f15c4b7c630fd1562198f5abcabce4428a4242bef325d59ff343d5b8f7dc7f450b8eee6186b847bf290b5a480849f347fe746245fbdb801010120fc52dbbfb331073410ec74bb1ab30b308d198b4b449a047cf1fbb76798a7578400010201f85d1d9d469c9a15400114f8510c1c0f22469072d37564e55741a6b31de20a0001f8a3e262b96365124001143ed325cf1210ee3bb1565fb6d0fd3036faf2892500010000012077d5165e280993d256bbdcc607093e5e1f2aadfedb0ca6b339971a18c8ae716601f82aaec05d21357a060301020100010101fe244001143ed325cf1210ee3bb1565fb6d0fd3036faf2892500010000012000008070497ec3996dea4fc4279e98cb73ffca3f80052fb140558068722cce2601200000f38cf95e27bd8543edf33c123d8e41f620fcd31d475b1704639aeb655cd701fe178e010c00'),('66','00002c8aa7f87a8ae4c6aca52666c2afe5e1e7e1e39c2f05e16db6672fb1127c'),('6c','0000981b48d674e9c01844953463aa0b155a34e05b923bcff941f5f11130813e');

/*!40000 ALTER TABLE blocks ENABLE KEYS */;
UNLOCK TABLES;

--
-- Table structure for table nodes
--

DROP TABLE IF EXISTS nodes;
/*!40101 SET @saved_cs_client     = @@character_set_client */;
/*!40101 SET character_set_client = utf8 */;
CREATE TABLE `nodes` (
  `k` varbinary(100) NOT NULL,
  `v` varbinary(200) DEFAULT NULL,
  PRIMARY KEY (`k`)
) ENGINE=InnoDB DEFAULT CHARSET=latin1;
/*!40101 SET character_set_client = @saved_cs_client */;
--
-- Dumping data for table nodes
--

LOCK TABLES nodes WRITE;
/*!40000 ALTER TABLE nodes DISABLE KEYS */;

INSERT INTO nodes VALUES ('3132372e302e302e313a3330303030','3132372e302e302e313a3330303030'),('3132372e302e302e313a3330303035','3132372e302e302e313a3330303035'),('6c6f63616c686f73743a3330303030','6c6f63616c686f73743a3330303030');

/*!40000 ALTER TABLE nodes ENABLE KEYS */;
UNLOCK TABLES;

--
-- Table structure for table rowstotransactions
--

DROP TABLE IF EXISTS rowstotransactions;
/*!40101 SET @saved_cs_client     = @@character_set_client */;
/*!40101 SET character_set_client = utf8 */;
CREATE TABLE `rowstotransactions` (
  `k` varbinary(100) NOT NULL,
  `v` varbinary(100) DEFAULT NULL,
  PRIMARY KEY (`k`)
) ENGINE=InnoDB DEFAULT CHARSET=latin1;
/*!40101 SET character_set_client = @saved_cs_client */;
--
-- Dumping data for table rowstotransactions
--

LOCK TABLES rowstotransactions WRITE;
/*!40000 ALTER TABLE rowstotransactions DISABLE KEYS */;

/*!40000 ALTER TABLE rowstotransactions ENABLE KEYS */;
UNLOCK TABLES;

--
-- Table structure for table transactions
--

DROP TABLE IF EXISTS transactions;
/*!40101 SET @saved_cs_client     = @@character_set_client */;
/*!40101 SET character_set_client = utf8 */;
CREATE TABLE `transactions` (
  `k` varbinary(100) NOT NULL,
  `v` blob,
  PRIMARY KEY (`k`)
) ENGINE=InnoDB DEFAULT CHARSET=latin1;
/*!40101 SET character_set_client = @saved_cs_client */;
--
-- Dumping data for table transactions
--

LOCK TABLES transactions WRITE;
/*!40000 ALTER TABLE transactions DISABLE KEYS */;

INSERT INTO transactions VALUES ('02a45f46687486e55034a27dd5341a487469245da82ef7a3728d6c96160882ec','0cff9b020102ff9c00010a000025ff9c0001200000f38cf95e27bd8543edf33c123d8e41f620fcd31d475b1704639aeb655cd7'),('098c44d1ec5ad09fe4fee51239eab2d33e60283dab7eeaa09e2bff790df9d61c','0cff91020102ff9200010a000025ff92000120000009a6e803738984392515aeecceeb2753ac7773323aeeaea183991b887f24'),('0a807f7757a7ca798c714e5a6c093775f4b7c4c923c6c039d0b2c66aff699b5b','0cff9b020102ff9c00010a000025ff9c0001200000758b98965b19ff7d2f0d0b8e9ccb544b752a21aa8b05384df460a75a5321'),('0a810f983b37b8b1156ce0980b699bb2ed2e4da7d77833ff600a6551c6cfc617','0cff9b020102ff9c00010a000025ff9c0001200000981b48d674e9c01844953463aa0b155a34e05b923bcff941f5f11130813e'),('0bf80348676f410a57664e357c2a459081776a2bc04c28a309510e70cfb68e6e','0cff9b020102ff9c00010a000025ff9c0001200000f38cf95e27bd8543edf33c123d8e41f620fcd31d475b1704639aeb655cd7'),('158882c12867873df8756c56eb5df7beb737cbe8e9a1826322c5d4d69f805ed3','0cff91020102ff9200010a000025ff9200012000008070497ec3996dea4fc4279e98cb73ffca3f80052fb140558068722cce26'),('1875e45bf1aad32436ea571a1f4717da56cb21a1d790d26baa43cc33df8a9e4c','0cff9b020102ff9c00010a000025ff9c0001200000f38cf95e27bd8543edf33c123d8e41f620fcd31d475b1704639aeb655cd7'),('1f68ecda086e9c55f363099f6d29a7a3237b5123f87acae50fe2ab840d2f9a2c','0cff91020102ff9200010a000025ff920001200000c093048972ddcebc8da2b0f7c8757d188dc401f4fb8c97e060038bbcfc81'),('24a188d27761996f518dcd050d983041d592a6244acd27d75c4cb82dcc72529a','0cff9b020102ff9c00010a000025ff9c0001200000981b48d674e9c01844953463aa0b155a34e05b923bcff941f5f11130813e'),('2d865d522404503ca4a78050661cacbad7140d952d49ffa880cab7a96a1a8888','0cff91020102ff9200010a000025ff9200012000001916f3ea31b470bbd26c78cb8a523898d4f0e19a551a405b0f1424dcbe28'),('2f99558e543c0cede1e18ff030a74bada2b276e2b6131eb5596eda2d4bae5376','0cff9b020102ff9c00010a000025ff9c0001200000758b98965b19ff7d2f0d0b8e9ccb544b752a21aa8b05384df460a75a5321'),('34af4db4d10bba67b3b02ced92e8c8dd0b299ee2c1680f137cb1baeeb26688ea','0cff9b020102ff9c00010a000025ff9c0001200000758b98965b19ff7d2f0d0b8e9ccb544b752a21aa8b05384df460a75a5321'),('4d4e165e873510c186c6b0778076552cbc73e16c3e9eded3a1b0c4f1c47c14bf','0cff9b020102ff9c00010a000025ff9c0001200000981b48d674e9c01844953463aa0b155a34e05b923bcff941f5f11130813e'),('4ed811133a7e94440d3e1019b38ff3baf90693264fc4cd5eb152f1a1c1fc96c8','0cff9b020102ff9c00010a000025ff9c0001200000f38cf95e27bd8543edf33c123d8e41f620fcd31d475b1704639aeb655cd7'),('509192f9ac0372a6a6b432503b6f52d068d89778c976a8dcdebba98db2cc3a79','0cff91020102ff9200010a000025ff9200012000001916f3ea31b470bbd26c78cb8a523898d4f0e19a551a405b0f1424dcbe28'),('5540cdcd72d0e2a1a238cca8a6f65ab403a128966ee6f2e042f3473c447ff6bd','0cff91020102ff9200010a000025ff92000120000009a6e803738984392515aeecceeb2753ac7773323aeeaea183991b887f24'),('56d6f562d6ea01528326ba09d8df6b8814922cfb2911abcf554d90bb18c8e69b','0cff91020102ff9200010a000025ff92000120000009a6e803738984392515aeecceeb2753ac7773323aeeaea183991b887f24'),('5a7326dd56b76c2abb33a48526dbae0e2343f7563969ec6796eb2a8f95c191f6','0cff9b020102ff9c00010a000025ff9c0001200000f38cf95e27bd8543edf33c123d8e41f620fcd31d475b1704639aeb655cd7'),('5ee66679e8f8e0c81ba53847c52b0ce98ff08010d6b217f0421e29e94fddc88a','0cff9b020102ff9c00010a000025ff9c0001200000981b48d674e9c01844953463aa0b155a34e05b923bcff941f5f11130813e'),('77d5165e280993d256bbdcc607093e5e1f2aadfedb0ca6b339971a18c8ae7166','0cff9b020102ff9c00010a000025ff9c0001200000f38cf95e27bd8543edf33c123d8e41f620fcd31d475b1704639aeb655cd7'),('8edbc576e8f9fc2d48513c4ed8a1663cfdbf70351ae6c1882a9e18544f5a3b0c','0cff91020102ff9200010a000025ff9200012000008070497ec3996dea4fc4279e98cb73ffca3f80052fb140558068722cce26'),('92a2b2a8b6fd994d6139c43d08d639a8d476aebe71c98be0e55d8aaed3204de7','0cff91020102ff9200010a000025ff920001200000c093048972ddcebc8da2b0f7c8757d188dc401f4fb8c97e060038bbcfc81'),('9cea35379cd1f924d1a36ec046b214037f6dddc873f9210348d157285c35a45f','0cff9b020102ff9c00010a000025ff9c0001200000758b98965b19ff7d2f0d0b8e9ccb544b752a21aa8b05384df460a75a5321'),('9cf76f0e9e2df5ba87e2afea832a7ffe4a71dc9424409ef26b27859fc4f9e72f','0cff9b020102ff9c00010a000025ff9c0001200000f38cf95e27bd8543edf33c123d8e41f620fcd31d475b1704639aeb655cd7'),('af0462e8f9cd6c3e51f103709a7bfae08a8ca2c7753ac5b6166d757a88d92f69','0cff91020102ff9200010a000025ff9200012000008070497ec3996dea4fc4279e98cb73ffca3f80052fb140558068722cce26'),('b1252ab04a5d2857ecefa9518b8df8f808e6108f09706902ea5ab53790669520','0cff9b020102ff9c00010a000025ff9c0001200000981b48d674e9c01844953463aa0b155a34e05b923bcff941f5f11130813e'),('b3f1352ff3f9d8c0f387d0653b6021c504630bf09666f474b1e44bafaa2be071','0cff91020102ff9200010a000025ff920001200000c093048972ddcebc8da2b0f7c8757d188dc401f4fb8c97e060038bbcfc81'),('b9eb0fb26db3863854a64a2c3f5fe5b26c0e218061b78ec7685ca8b19c4a33e6','0cff91020102ff9200010a000025ff9200012000008070497ec3996dea4fc4279e98cb73ffca3f80052fb140558068722cce26'),('bb47137431b2d5f78609f84f6ce979da8883e2de4b974ff1332ec28e7432b3d6','0cff91020102ff9200010a000025ff920001200000271a5a8a0b8365662b154764401349e720d0422acd8db38e8c770415ffb9'),('bef4ea3cb874a4065e849a3241d2abc64c7e709c2d04667a0703c3898b1e60d3','0cff9b020102ff9c00010a000025ff9c0001200000981b48d674e9c01844953463aa0b155a34e05b923bcff941f5f11130813e'),('c57783fb191e47da945074c6879cb660b47b34ec31d941cdac065b2c1e9c787e','0cff9b020102ff9c00010a000025ff9c0001200000758b98965b19ff7d2f0d0b8e9ccb544b752a21aa8b05384df460a75a5321'),('cbf57d11eece0456ab31983552c5c6529cb6d2263af8bb2a949b725f2d0da0bd','0cff9b020102ff9c00010a000025ff9c0001200000981b48d674e9c01844953463aa0b155a34e05b923bcff941f5f11130813e'),('cc9071a52e1b352c95b5854678559330c6ffb43d30618332d87040f5cb58c9e8','0cff9b020102ff9c00010a000025ff9c0001200000981b48d674e9c01844953463aa0b155a34e05b923bcff941f5f11130813e'),('d0db2978ac91f8c557ea02bffe5efc70cba46f5352b8706f5552a84a90072bd1','0cff91020102ff9200010a000025ff9200012000002c8aa7f87a8ae4c6aca52666c2afe5e1e7e1e39c2f05e16db6672fb1127c'),('d6349379b76284f1e18bb13922b4c4e689667723b183ed1488015152d8424c91','0cff91020102ff9200010a000025ff9200012000008070497ec3996dea4fc4279e98cb73ffca3f80052fb140558068722cce26'),('d6ac70d7b9b2d01342704206a3d6b43e356c9af6310520ef24382d0bf18e5285','0cff91020102ff9200010a000025ff9200012000001916f3ea31b470bbd26c78cb8a523898d4f0e19a551a405b0f1424dcbe28'),('d73b34585d31cc000eb8ec9c71501a81192c76e2cb6947e98b23f6f482eb4c43','0cff9b020102ff9c00010a000025ff9c0001200000981b48d674e9c01844953463aa0b155a34e05b923bcff941f5f11130813e'),('d7c1d1d1ed861dde6fb1f8d3b00637b1ff8f4a5e20fa7eb20b104efc04ea19cf','0cff91020102ff9200010a000025ff92000120000009a6e803738984392515aeecceeb2753ac7773323aeeaea183991b887f24'),('d80a15aa6549b91fbe0d75f73ddd2284a8efb1514e00d51edc61990813d3a545','0cff91020102ff9200010a000025ff920001200000271a5a8a0b8365662b154764401349e720d0422acd8db38e8c770415ffb9'),('d987b62f365a2dcab789741534437abef84ec79120438a2bbe11f2a082fce3c8','0cff91020102ff9200010a000025ff9200012000001916f3ea31b470bbd26c78cb8a523898d4f0e19a551a405b0f1424dcbe28'),('db710e0757c286eb06c2fbb07623eaf6b1fd53e8ec7aa57e395f98c210fd76e7','0cff9b020102ff9c00010a000025ff9c0001200000758b98965b19ff7d2f0d0b8e9ccb544b752a21aa8b05384df460a75a5321'),('e18d2e49f73f2552537384ded2ac2694b6010cb14f99f42185c33c17fbfc0a84','0cff9b020102ff9c00010a000025ff9c0001200000758b98965b19ff7d2f0d0b8e9ccb544b752a21aa8b05384df460a75a5321'),('e861a03a6e09298a03cef533ae8705c8db7314b6ad0a0908df0a1fa9eadda7e5','0cff9b020102ff9c00010a000025ff9c0001200000758b98965b19ff7d2f0d0b8e9ccb544b752a21aa8b05384df460a75a5321'),('fc52dbbfb331073410ec74bb1ab30b308d198b4b449a047cf1fbb76798a75784','0cff91020102ff9200010a000025ff9200012000001916f3ea31b470bbd26c78cb8a523898d4f0e19a551a405b0f1424dcbe28'),('ff15e84416d7b790cb1d97c43abbdd05e4400fbaadebb19535a1ad442c7a4d7f','0cff91020102ff9200010a000025ff9200012000008070497ec3996dea4fc4279e98cb73ffca3f80052fb140558068722cce26');

/*!40000 ALTER TABLE transactions ENABLE KEYS */;
UNLOCK TABLES;

--
-- Table structure for table transactionsoutputs
--

DROP TABLE IF EXISTS transactionsoutputs;
/*!40101 SET @saved_cs_client     = @@character_set_client */;
/*!40101 SET character_set_client = utf8 */;
CREATE TABLE `transactionsoutputs` (
  `k` varbinary(100) NOT NULL,
  `v` blob,
  PRIMARY KEY (`k`)
) ENGINE=InnoDB DEFAULT CHARSET=latin1;
/*!40101 SET character_set_client = @saved_cs_client */;
--
-- Dumping data for table transactionsoutputs
--

LOCK TABLES transactionsoutputs WRITE;
/*!40000 ALTER TABLE transactionsoutputs DISABLE KEYS */;

INSERT INTO transactionsoutputs VALUES ('02a45f46687486e55034a27dd5341a487469245da82ef7a3728d6c96160882ec','0dff9f020102ffa00001ff9e00005eff9d0301011d5472616e73616374696f6e73496e6465785370656e744f75747075747301ff9e00010401064f7574496e64010400010b5458576865726555736564010a000105496e496e640104000109426c6f636b48617368010a0000004bffa000010102012034af4db4d10bba67b3b02ced92e8c8dd0b299ee2c1680f137cb1baeeb26688ea02200000758b98965b19ff7d2f0d0b8e9ccb544b752a21aa8b05384df460a75a532100'),('098c44d1ec5ad09fe4fee51239eab2d33e60283dab7eeaa09e2bff790df9d61c','0dff99020102ff9a0001ff9800005eff970301011d5472616e73616374696f6e73496e6465785370656e744f75747075747301ff9800010401064f7574496e64010400010b5458576865726555736564010a000105496e496e640104000109426c6f636b48617368010a000000ff90ff9a00020220d6ac70d7b9b2d01342704206a3d6b43e356c9af6310520ef24382d0bf18e5285022000001916f3ea31b470bbd26c78cb8a523898d4f0e19a551a405b0f1424dcbe280001020120509192f9ac0372a6a6b432503b6f52d068d89778c976a8dcdebba98db2cc3a79022000001916f3ea31b470bbd26c78cb8a523898d4f0e19a551a405b0f1424dcbe2800'),('0a807f7757a7ca798c714e5a6c093775f4b7c4c923c6c039d0b2c66aff699b5b','0dff9f020102ffa00001ff9e00005eff9d0301011d5472616e73616374696f6e73496e6465785370656e744f75747075747301ff9e00010401064f7574496e64010400010b5458576865726555736564010a000105496e496e640104000109426c6f636b48617368010a0000004dffa0000101020120d73b34585d31cc000eb8ec9c71501a81192c76e2cb6947e98b23f6f482eb4c43010401200000981b48d674e9c01844953463aa0b155a34e05b923bcff941f5f11130813e00'),('0bf80348676f410a57664e357c2a459081776a2bc04c28a309510e70cfb68e6e','0dff9f020102ffa00001ff9e00005eff9d0301011d5472616e73616374696f6e73496e6465785370656e744f75747075747301ff9e00010401064f7574496e64010400010b5458576865726555736564010a000105496e496e640104000109426c6f636b48617368010a0000004bffa0000101020120e861a03a6e09298a03cef533ae8705c8db7314b6ad0a0908df0a1fa9eadda7e502200000758b98965b19ff7d2f0d0b8e9ccb544b752a21aa8b05384df460a75a532100'),('158882c12867873df8756c56eb5df7beb737cbe8e9a1826322c5d4d69f805ed3','0dff9f020102ffa00001ff9e00005eff9d0301011d5472616e73616374696f6e73496e6465785370656e744f75747075747301ff9e00010401064f7574496e64010400010b5458576865726555736564010a000105496e496e640104000109426c6f636b48617368010a0000004bffa00001022002a45f46687486e55034a27dd5341a487469245da82ef7a3728d6c96160882ec010401200000f38cf95e27bd8543edf33c123d8e41f620fcd31d475b1704639aeb655cd700'),('1875e45bf1aad32436ea571a1f4717da56cb21a1d790d26baa43cc33df8a9e4c','0dff9f020102ffa00001ff9e00005eff9d0301011d5472616e73616374696f6e73496e6465785370656e744f75747075747301ff9e00010401064f7574496e64010400010b5458576865726555736564010a000105496e496e640104000109426c6f636b48617368010a0000004bffa00001010201200a807f7757a7ca798c714e5a6c093775f4b7c4c923c6c039d0b2c66aff699b5b02200000758b98965b19ff7d2f0d0b8e9ccb544b752a21aa8b05384df460a75a532100'),('1f68ecda086e9c55f363099f6d29a7a3237b5123f87acae50fe2ab840d2f9a2c','0dff99020102ff9a0001ff9800005eff970301011d5472616e73616374696f6e73496e6465785370656e744f75747075747301ff9800010401064f7574496e64010400010b5458576865726555736564010a000105496e496e640104000109426c6f636b48617368010a000000ff90ff9a0002010201205540cdcd72d0e2a1a238cca8a6f65ab403a128966ee6f2e042f3473c447ff6bd0220000009a6e803738984392515aeecceeb2753ac7773323aeeaea183991b887f24000220098c44d1ec5ad09fe4fee51239eab2d33e60283dab7eeaa09e2bff790df9d61c0220000009a6e803738984392515aeecceeb2753ac7773323aeeaea183991b887f2400'),('24a188d27761996f518dcd050d983041d592a6244acd27d75c4cb82dcc72529a','0dff9f020102ffa00001ff9e00005eff9d0301011d5472616e73616374696f6e73496e6465785370656e744f75747075747301ff9e00010401064f7574496e64010400010b5458576865726555736564010a000105496e496e640104000109426c6f636b48617368010a0000004bffa0000101020120cbf57d11eece0456ab31983552c5c6529cb6d2263af8bb2a949b725f2d0da0bd02200000981b48d674e9c01844953463aa0b155a34e05b923bcff941f5f11130813e00'),('2d865d522404503ca4a78050661cacbad7140d952d49ffa880cab7a96a1a8888','0dff99020102ff9a0001ff9800005eff970301011d5472616e73616374696f6e73496e6465785370656e744f75747075747301ff9800010401064f7574496e64010400010b5458576865726555736564010a000105496e496e640104000109426c6f636b48617368010a000000ff92ff9a000201020120af0462e8f9cd6c3e51f103709a7bfae08a8ca2c7753ac5b6166d757a88d92f69022000008070497ec3996dea4fc4279e98cb73ffca3f80052fb140558068722cce26000220d6349379b76284f1e18bb13922b4c4e689667723b183ed1488015152d8424c910102012000008070497ec3996dea4fc4279e98cb73ffca3f80052fb140558068722cce2600'),('2f99558e543c0cede1e18ff030a74bada2b276e2b6131eb5596eda2d4bae5376','0dff9f020102ffa00001ff9e00005eff9d0301011d5472616e73616374696f6e73496e6465785370656e744f75747075747301ff9e00010401064f7574496e64010400010b5458576865726555736564010a000105496e496e640104000109426c6f636b48617368010a0000004bffa000010102012024a188d27761996f518dcd050d983041d592a6244acd27d75c4cb82dcc72529a02200000981b48d674e9c01844953463aa0b155a34e05b923bcff941f5f11130813e00'),('34af4db4d10bba67b3b02ced92e8c8dd0b299ee2c1680f137cb1baeeb26688ea','0dff9f020102ffa00001ff9e00005eff9d0301011d5472616e73616374696f6e73496e6465785370656e744f75747075747301ff9e00010401064f7574496e64010400010b5458576865726555736564010a000105496e496e640104000109426c6f636b48617368010a0000004dffa0000101020120d73b34585d31cc000eb8ec9c71501a81192c76e2cb6947e98b23f6f482eb4c43010201200000981b48d674e9c01844953463aa0b155a34e05b923bcff941f5f11130813e00'),('4d4e165e873510c186c6b0778076552cbc73e16c3e9eded3a1b0c4f1c47c14bf','0dff9f020102ffa00001ff9e00005eff9d0301011d5472616e73616374696f6e73496e6465785370656e744f75747075747301ff9e00010401064f7574496e64010400010b5458576865726555736564010a000105496e496e640104000109426c6f636b48617368010a0000004dffa0000101020120cbf57d11eece0456ab31983552c5c6529cb6d2263af8bb2a949b725f2d0da0bd010201200000981b48d674e9c01844953463aa0b155a34e05b923bcff941f5f11130813e00'),('4ed811133a7e94440d3e1019b38ff3baf90693264fc4cd5eb152f1a1c1fc96c8','0dff9f020102ffa00001ff9e00005eff9d0301011d5472616e73616374696f6e73496e6465785370656e744f75747075747301ff9e00010401064f7574496e64010400010b5458576865726555736564010a000105496e496e640104000109426c6f636b48617368010a0000004bffa00001010201202f99558e543c0cede1e18ff030a74bada2b276e2b6131eb5596eda2d4bae537602200000758b98965b19ff7d2f0d0b8e9ccb544b752a21aa8b05384df460a75a532100'),('509192f9ac0372a6a6b432503b6f52d068d89778c976a8dcdebba98db2cc3a79','0dff99020102ff9a0001ff9800005eff970301011d5472616e73616374696f6e73496e6465785370656e744f75747075747301ff9800010401064f7574496e64010400010b5458576865726555736564010a000105496e496e640104000109426c6f636b48617368010a000000ff90ff9a000201020120158882c12867873df8756c56eb5df7beb737cbe8e9a1826322c5d4d69f805ed3022000008070497ec3996dea4fc4279e98cb73ffca3f80052fb140558068722cce26000220b9eb0fb26db3863854a64a2c3f5fe5b26c0e218061b78ec7685ca8b19c4a33e6022000008070497ec3996dea4fc4279e98cb73ffca3f80052fb140558068722cce2600'),('5540cdcd72d0e2a1a238cca8a6f65ab403a128966ee6f2e042f3473c447ff6bd','0dff9f020102ffa00001ff9e00005eff9d0301011d5472616e73616374696f6e73496e6465785370656e744f75747075747301ff9e00010401064f7574496e64010400010b5458576865726555736564010a000105496e496e640104000109426c6f636b48617368010a000000ff92ffa0000202202d865d522404503ca4a78050661cacbad7140d952d49ffa880cab7a96a1a8888022000001916f3ea31b470bbd26c78cb8a523898d4f0e19a551a405b0f1424dcbe28000102012002a45f46687486e55034a27dd5341a487469245da82ef7a3728d6c96160882ec010801200000f38cf95e27bd8543edf33c123d8e41f620fcd31d475b1704639aeb655cd700'),('56d6f562d6ea01528326ba09d8df6b8814922cfb2911abcf554d90bb18c8e69b','0dff99020102ff9a0001ff9800005eff970301011d5472616e73616374696f6e73496e6465785370656e744f75747075747301ff9800010401064f7574496e64010400010b5458576865726555736564010a000105496e496e640104000109426c6f636b48617368010a00000049ff9a00010220d987b62f365a2dcab789741534437abef84ec79120438a2bbe11f2a082fce3c8022000001916f3ea31b470bbd26c78cb8a523898d4f0e19a551a405b0f1424dcbe2800'),('5a7326dd56b76c2abb33a48526dbae0e2343f7563969ec6796eb2a8f95c191f6','0dff9f020102ffa00001ff9e00005eff9d0301011d5472616e73616374696f6e73496e6465785370656e744f75747075747301ff9e00010401064f7574496e64010400010b5458576865726555736564010a000105496e496e640104000109426c6f636b48617368010a0000004bffa0000101020120c57783fb191e47da945074c6879cb660b47b34ec31d941cdac065b2c1e9c787e02200000758b98965b19ff7d2f0d0b8e9ccb544b752a21aa8b05384df460a75a532100'),('77d5165e280993d256bbdcc607093e5e1f2aadfedb0ca6b339971a18c8ae7166','0dff9f020102ffa00001ff9e00005eff9d0301011d5472616e73616374696f6e73496e6465785370656e744f75747075747301ff9e00010401064f7574496e64010400010b5458576865726555736564010a000105496e496e640104000109426c6f636b48617368010a00000049ffa000010220db710e0757c286eb06c2fbb07623eaf6b1fd53e8ec7aa57e395f98c210fd76e702200000758b98965b19ff7d2f0d0b8e9ccb544b752a21aa8b05384df460a75a532100'),('8edbc576e8f9fc2d48513c4ed8a1663cfdbf70351ae6c1882a9e18544f5a3b0c','0dff9f020102ffa00001ff9e00005eff9d0301011d5472616e73616374696f6e73496e6465785370656e744f75747075747301ff9e00010401064f7574496e64010400010b5458576865726555736564010a000105496e496e640104000109426c6f636b48617368010a00000049ffa0000102205a7326dd56b76c2abb33a48526dbae0e2343f7563969ec6796eb2a8f95c191f602200000f38cf95e27bd8543edf33c123d8e41f620fcd31d475b1704639aeb655cd700'),('92a2b2a8b6fd994d6139c43d08d639a8d476aebe71c98be0e55d8aaed3204de7','0dff9f020102ffa00001ff9e00005eff9d0301011d5472616e73616374696f6e73496e6465785370656e744f75747075747301ff9e00010401064f7574496e64010400010b5458576865726555736564010a000105496e496e640104000109426c6f636b48617368010a0000004bffa00001010201200bf80348676f410a57664e357c2a459081776a2bc04c28a309510e70cfb68e6e02200000f38cf95e27bd8543edf33c123d8e41f620fcd31d475b1704639aeb655cd700'),('9cea35379cd1f924d1a36ec046b214037f6dddc873f9210348d157285c35a45f','0dff9f020102ffa00001ff9e00005eff9d0301011d5472616e73616374696f6e73496e6465785370656e744f75747075747301ff9e00010401064f7574496e64010400010b5458576865726555736564010a000105496e496e640104000109426c6f636b48617368010a00000049ffa000010220b1252ab04a5d2857ecefa9518b8df8f808e6108f09706902ea5ab5379066952002200000981b48d674e9c01844953463aa0b155a34e05b923bcff941f5f11130813e00'),('9cf76f0e9e2df5ba87e2afea832a7ffe4a71dc9424409ef26b27859fc4f9e72f','0dff9f020102ffa00001ff9e00005eff9d0301011d5472616e73616374696f6e73496e6465785370656e744f75747075747301ff9e00010401064f7574496e64010400010b5458576865726555736564010a000105496e496e640104000109426c6f636b48617368010a0000004bffa0000101020120e18d2e49f73f2552537384ded2ac2694b6010cb14f99f42185c33c17fbfc0a8402200000758b98965b19ff7d2f0d0b8e9ccb544b752a21aa8b05384df460a75a532100'),('b1252ab04a5d2857ecefa9518b8df8f808e6108f09706902ea5ab53790669520','0dff9f020102ffa00001ff9e00005eff9d0301011d5472616e73616374696f6e73496e6465785370656e744f75747075747301ff9e00010401064f7574496e64010400010b5458576865726555736564010a000105496e496e640104000109426c6f636b48617368010a0000004bffa0000101020120bef4ea3cb874a4065e849a3241d2abc64c7e709c2d04667a0703c3898b1e60d302200000981b48d674e9c01844953463aa0b155a34e05b923bcff941f5f11130813e00'),('b3f1352ff3f9d8c0f387d0653b6021c504630bf09666f474b1e44bafaa2be071','0dff9f020102ffa00001ff9e00005eff9d0301011d5472616e73616374696f6e73496e6465785370656e744f75747075747301ff9e00010401064f7574496e64010400010b5458576865726555736564010a000105496e496e640104000109426c6f636b48617368010a00000049ffa0000102209cf76f0e9e2df5ba87e2afea832a7ffe4a71dc9424409ef26b27859fc4f9e72f02200000f38cf95e27bd8543edf33c123d8e41f620fcd31d475b1704639aeb655cd700'),('b9eb0fb26db3863854a64a2c3f5fe5b26c0e218061b78ec7685ca8b19c4a33e6','0dff9f020102ffa00001ff9e00005eff9d0301011d5472616e73616374696f6e73496e6465785370656e744f75747075747301ff9e00010401064f7574496e64010400010b5458576865726555736564010a000105496e496e640104000109426c6f636b48617368010a0000004dffa000010102012002a45f46687486e55034a27dd5341a487469245da82ef7a3728d6c96160882ec010201200000f38cf95e27bd8543edf33c123d8e41f620fcd31d475b1704639aeb655cd700'),('bb47137431b2d5f78609f84f6ce979da8883e2de4b974ff1332ec28e7432b3d6','0dff99020102ff9a0001ff9800005eff970301011d5472616e73616374696f6e73496e6465785370656e744f75747075747301ff9800010401064f7574496e64010400010b5458576865726555736564010a000105496e496e640104000109426c6f636b48617368010a00000049ff9a0001022092a2b2a8b6fd994d6139c43d08d639a8d476aebe71c98be0e55d8aaed3204de702200000c093048972ddcebc8da2b0f7c8757d188dc401f4fb8c97e060038bbcfc8100'),('c57783fb191e47da945074c6879cb660b47b34ec31d941cdac065b2c1e9c787e','0dff9f020102ffa00001ff9e00005eff9d0301011d5472616e73616374696f6e73496e6465785370656e744f75747075747301ff9e00010401064f7574496e64010400010b5458576865726555736564010a000105496e496e640104000109426c6f636b48617368010a0000004bffa0000101020120cc9071a52e1b352c95b5854678559330c6ffb43d30618332d87040f5cb58c9e802200000981b48d674e9c01844953463aa0b155a34e05b923bcff941f5f11130813e00'),('d0db2978ac91f8c557ea02bffe5efc70cba46f5352b8706f5552a84a90072bd1','0dff99020102ff9a0001ff9800005eff970301011d5472616e73616374696f6e73496e6465785370656e744f75747075747301ff9800010401064f7574496e64010400010b5458576865726555736564010a000105496e496e640104000109426c6f636b48617368010a00000049ff9a00010220d80a15aa6549b91fbe0d75f73ddd2284a8efb1514e00d51edc61990813d3a54502200000271a5a8a0b8365662b154764401349e720d0422acd8db38e8c770415ffb900'),('d6349379b76284f1e18bb13922b4c4e689667723b183ed1488015152d8424c91','0dff9f020102ffa00001ff9e00005eff9d0301011d5472616e73616374696f6e73496e6465785370656e744f75747075747301ff9e00010401064f7574496e64010400010b5458576865726555736564010a000105496e496e640104000109426c6f636b48617368010a0000004bffa00001022002a45f46687486e55034a27dd5341a487469245da82ef7a3728d6c96160882ec010601200000f38cf95e27bd8543edf33c123d8e41f620fcd31d475b1704639aeb655cd700'),('d6ac70d7b9b2d01342704206a3d6b43e356c9af6310520ef24382d0bf18e5285','0dff99020102ff9a0001ff9800005eff970301011d5472616e73616374696f6e73496e6465785370656e744f75747075747301ff9800010401064f7574496e64010400010b5458576865726555736564010a000105496e496e640104000109426c6f636b48617368010a000000ff92ff9a000201020120ff15e84416d7b790cb1d97c43abbdd05e4400fbaadebb19535a1ad442c7a4d7f022000008070497ec3996dea4fc4279e98cb73ffca3f80052fb140558068722cce26000220af0462e8f9cd6c3e51f103709a7bfae08a8ca2c7753ac5b6166d757a88d92f690102012000008070497ec3996dea4fc4279e98cb73ffca3f80052fb140558068722cce2600'),('d7c1d1d1ed861dde6fb1f8d3b00637b1ff8f4a5e20fa7eb20b104efc04ea19cf','0dff9f020102ffa00001ff9e00005eff9d0301011d5472616e73616374696f6e73496e6465785370656e744f75747075747301ff9e00010401064f7574496e64010400010b5458576865726555736564010a000105496e496e640104000109426c6f636b48617368010a00000049ffa0000102201875e45bf1aad32436ea571a1f4717da56cb21a1d790d26baa43cc33df8a9e4c02200000f38cf95e27bd8543edf33c123d8e41f620fcd31d475b1704639aeb655cd700'),('d80a15aa6549b91fbe0d75f73ddd2284a8efb1514e00d51edc61990813d3a545','0dff99020102ff9a0001ff9800005eff970301011d5472616e73616374696f6e73496e6465785370656e744f75747075747301ff9800010401064f7574496e64010400010b5458576865726555736564010a000105496e496e640104000109426c6f636b48617368010a000000ff90ff9a0002010201201f68ecda086e9c55f363099f6d29a7a3237b5123f87acae50fe2ab840d2f9a2c02200000c093048972ddcebc8da2b0f7c8757d188dc401f4fb8c97e060038bbcfc8100022056d6f562d6ea01528326ba09d8df6b8814922cfb2911abcf554d90bb18c8e69b0220000009a6e803738984392515aeecceeb2753ac7773323aeeaea183991b887f2400'),('d987b62f365a2dcab789741534437abef84ec79120438a2bbe11f2a082fce3c8','0dff99020102ff9a0001ff9800005eff970301011d5472616e73616374696f6e73496e6465785370656e744f75747075747301ff9800010401064f7574496e64010400010b5458576865726555736564010a000105496e496e640104000109426c6f636b48617368010a000000ff92ff9a00020220ff15e84416d7b790cb1d97c43abbdd05e4400fbaadebb19535a1ad442c7a4d7f0102012000008070497ec3996dea4fc4279e98cb73ffca3f80052fb140558068722cce260001020120d6349379b76284f1e18bb13922b4c4e689667723b183ed1488015152d8424c91022000008070497ec3996dea4fc4279e98cb73ffca3f80052fb140558068722cce2600'),('db710e0757c286eb06c2fbb07623eaf6b1fd53e8ec7aa57e395f98c210fd76e7','0dff9f020102ffa00001ff9e00005eff9d0301011d5472616e73616374696f6e73496e6465785370656e744f75747075747301ff9e00010401064f7574496e64010400010b5458576865726555736564010a000105496e496e640104000109426c6f636b48617368010a0000004bffa00001010201205ee66679e8f8e0c81ba53847c52b0ce98ff08010d6b217f0421e29e94fddc88a02200000981b48d674e9c01844953463aa0b155a34e05b923bcff941f5f11130813e00'),('e18d2e49f73f2552537384ded2ac2694b6010cb14f99f42185c33c17fbfc0a84','0dff9f020102ffa00001ff9e00005eff9d0301011d5472616e73616374696f6e73496e6465785370656e744f75747075747301ff9e00010401064f7574496e64010400010b5458576865726555736564010a000105496e496e640104000109426c6f636b48617368010a0000004bffa00001010201204d4e165e873510c186c6b0778076552cbc73e16c3e9eded3a1b0c4f1c47c14bf02200000981b48d674e9c01844953463aa0b155a34e05b923bcff941f5f11130813e00'),('e861a03a6e09298a03cef533ae8705c8db7314b6ad0a0908df0a1fa9eadda7e5','0dff9f020102ffa00001ff9e00005eff9d0301011d5472616e73616374696f6e73496e6465785370656e744f75747075747301ff9e00010401064f7574496e64010400010b5458576865726555736564010a000105496e496e640104000109426c6f636b48617368010a0000004bffa0000101020120d73b34585d31cc000eb8ec9c71501a81192c76e2cb6947e98b23f6f482eb4c4302200000981b48d674e9c01844953463aa0b155a34e05b923bcff941f5f11130813e00'),('fc52dbbfb331073410ec74bb1ab30b308d198b4b449a047cf1fbb76798a75784','0dff9f020102ffa00001ff9e00005eff9d0301011d5472616e73616374696f6e73496e6465785370656e744f75747075747301ff9e00010401064f7574496e64010400010b5458576865726555736564010a000105496e496e640104000109426c6f636b48617368010a00000049ffa0000102204ed811133a7e94440d3e1019b38ff3baf90693264fc4cd5eb152f1a1c1fc96c802200000f38cf95e27bd8543edf33c123d8e41f620fcd31d475b1704639aeb655cd700'),('ff15e84416d7b790cb1d97c43abbdd05e4400fbaadebb19535a1ad442c7a4d7f','0dff9f020102ffa00001ff9e00005eff9d0301011d5472616e73616374696f6e73496e6465785370656e744f75747075747301ff9e00010401064f7574496e64010400010b5458576865726555736564010a000105496e496e640104000109426c6f636b48617368010a0000004bffa000010102012002a45f46687486e55034a27dd5341a487469245da82ef7a3728d6c96160882ec02200000f38cf95e27bd8543edf33c123d8e41f620fcd31d475b1704639aeb655cd700');

/*!40000 ALTER TABLE transactionsoutputs ENABLE KEYS */;
UNLOCK TABLES;

--
-- Table structure for table unapprovedtransactions
--

DROP TABLE IF EXISTS unapprovedtransactions;
/*!40101 SET @saved_cs_client     = @@character_set_client */;
/*!40101 SET character_set_client = utf8 */;
CREATE TABLE `unapprovedtransactions` (
  `k` varbinary(100) NOT NULL,
  `v` longblob,
  PRIMARY KEY (`k`)
) ENGINE=InnoDB DEFAULT CHARSET=latin1;
/*!40101 SET character_set_client = @saved_cs_client */;
--
-- Dumping data for table unapprovedtransactions
--

LOCK TABLES unapprovedtransactions WRITE;
/*!40000 ALTER TABLE unapprovedtransactions DISABLE KEYS */;

/*!40000 ALTER TABLE unapprovedtransactions ENABLE KEYS */;
UNLOCK TABLES;

--
-- Table structure for table unspentoutputstransactions
--

DROP TABLE IF EXISTS unspentoutputstransactions;
/*!40101 SET @saved_cs_client     = @@character_set_client */;
/*!40101 SET character_set_client = utf8 */;
CREATE TABLE `unspentoutputstransactions` (
  `k` varbinary(100) NOT NULL,
  `v` longblob,
  PRIMARY KEY (`k`)
) ENGINE=InnoDB DEFAULT CHARSET=latin1;
/*!40101 SET character_set_client = @saved_cs_client */;
--
-- Dumping data for table unspentoutputstransactions
--

LOCK TABLES unspentoutputstransactions WRITE;
/*!40000 ALTER TABLE unspentoutputstransactions DISABLE KEYS */;

INSERT INTO unspentoutputstransactions VALUES ('02a45f46687486e55034a27dd5341a487469245da82ef7a3728d6c96160882ec','0dffa3020102ffa40001ffa200007effa10301011354584f7574707574496e646570656e64656e7401ffa2000107010556616c7565010800010e446573745075624b657948617368010a00010e53656e645075624b657948617368010a00010454584944010a0001064f496e64657801040001064973426173650102000109426c6f636b48617368010a0000007fffa4000101f85d1d9d469c9a15400114f76872dffa4529731fe13f17ffd052577dc4525d01143ed325cf1210ee3bb1565fb6d0fd3036faf28925012002a45f46687486e55034a27dd5341a487469245da82ef7a3728d6c96160882ec03200000f38cf95e27bd8543edf33c123d8e41f620fcd31d475b1704639aeb655cd700'),('0a807f7757a7ca798c714e5a6c093775f4b7c4c923c6c039d0b2c66aff699b5b','0dffa3020102ffa40001ffa200007effa10301011354584f7574707574496e646570656e64656e7401ffa2000107010556616c7565010800010e446573745075624b657948617368010a00010e53656e645075624b657948617368010a00010454584944010a0001064f496e64657801040001064973426173650102000109426c6f636b48617368010a0000007fffa4000101f8259d37047d48f93f01145eb41c72fa16e6b62a019a1f75fa1bb434b20b3601143ed325cf1210ee3bb1565fb6d0fd3036faf2892501200a807f7757a7ca798c714e5a6c093775f4b7c4c923c6c039d0b2c66aff699b5b03200000758b98965b19ff7d2f0d0b8e9ccb544b752a21aa8b05384df460a75a532100'),('0a810f983b37b8b1156ce0980b699bb2ed2e4da7d77833ff600a6551c6cfc617','0dffa3020102ffa40001ffa200007effa10301011354584f7574707574496e646570656e64656e7401ffa2000107010556616c7565010800010e446573745075624b657948617368010a00010e53656e645075624b657948617368010a00010454584944010a0001064f496e64657801040001064973426173650102000109426c6f636b48617368010a00000065ffa4000101fe244001143ed325cf1210ee3bb1565fb6d0fd3036faf2892502200a810f983b37b8b1156ce0980b699bb2ed2e4da7d77833ff600a6551c6cfc617020101200000981b48d674e9c01844953463aa0b155a34e05b923bcff941f5f11130813e00'),('0bf80348676f410a57664e357c2a459081776a2bc04c28a309510e70cfb68e6e','0dffa3020102ffa40001ffa200007effa10301011354584f7574707574496e646570656e64656e7401ffa2000107010556616c7565010800010e446573745075624b657948617368010a00010e53656e645075624b657948617368010a00010454584944010a0001064f496e64657801040001064973426173650102000109426c6f636b48617368010a0000007fffa4000101f85d1d9d469c9a1540011405ad004710f4d9031713ab83ef36235e1d443e5701143ed325cf1210ee3bb1565fb6d0fd3036faf2892501200bf80348676f410a57664e357c2a459081776a2bc04c28a309510e70cfb68e6e03200000f38cf95e27bd8543edf33c123d8e41f620fcd31d475b1704639aeb655cd700'),('158882c12867873df8756c56eb5df7beb737cbe8e9a1826322c5d4d69f805ed3','0dffa3020102ffa40001ffa200007effa10301011354584f7574707574496e646570656e64656e7401ffa2000107010556616c7565010800010e446573745075624b657948617368010a00010e53656e645075624b657948617368010a00010454584944010a0001064f496e64657801040001064973426173650102000109426c6f636b48617368010a000000ff81ffa4000101f8cb738e4b6686ff3f0114c1e423ec114fe99e85346dd2867eab0c71e9afa10114c1e423ec114fe99e85346dd2867eab0c71e9afa10120158882c12867873df8756c56eb5df7beb737cbe8e9a1826322c5d4d69f805ed30102022000008070497ec3996dea4fc4279e98cb73ffca3f80052fb140558068722cce2600'),('1875e45bf1aad32436ea571a1f4717da56cb21a1d790d26baa43cc33df8a9e4c','0dffa3020102ffa40001ffa200007effa10301011354584f7574707574496e646570656e64656e7401ffa2000107010556616c7565010800010e446573745075624b657948617368010a00010e53656e645075624b657948617368010a00010454584944010a0001064f496e64657801040001064973426173650102000109426c6f636b48617368010a0000007fffa4000101f85d1d9d469c9a1540011405ad004710f4d9031713ab83ef36235e1d443e5701143ed325cf1210ee3bb1565fb6d0fd3036faf2892501201875e45bf1aad32436ea571a1f4717da56cb21a1d790d26baa43cc33df8a9e4c03200000f38cf95e27bd8543edf33c123d8e41f620fcd31d475b1704639aeb655cd700'),('24a188d27761996f518dcd050d983041d592a6244acd27d75c4cb82dcc72529a','0dffa3020102ffa40001ffa200007effa10301011354584f7574707574496e646570656e64656e7401ffa2000107010556616c7565010800010e446573745075624b657948617368010a00010e53656e645075624b657948617368010a00010454584944010a0001064f496e64657801040001064973426173650102000109426c6f636b48617368010a0000007fffa4000101f8259d37047d48f93f011452c4faa72cb1b6390fe90417738945f1346f13d801143ed325cf1210ee3bb1565fb6d0fd3036faf28925012024a188d27761996f518dcd050d983041d592a6244acd27d75c4cb82dcc72529a03200000981b48d674e9c01844953463aa0b155a34e05b923bcff941f5f11130813e00'),('2f99558e543c0cede1e18ff030a74bada2b276e2b6131eb5596eda2d4bae5376','0dffa3020102ffa40001ffa200007effa10301011354584f7574707574496e646570656e64656e7401ffa2000107010556616c7565010800010e446573745075624b657948617368010a00010e53656e645075624b657948617368010a00010454584944010a0001064f496e64657801040001064973426173650102000109426c6f636b48617368010a0000007fffa4000101f8259d37047d48f93f01145eb41c72fa16e6b62a019a1f75fa1bb434b20b3601143ed325cf1210ee3bb1565fb6d0fd3036faf2892501202f99558e543c0cede1e18ff030a74bada2b276e2b6131eb5596eda2d4bae537603200000758b98965b19ff7d2f0d0b8e9ccb544b752a21aa8b05384df460a75a532100'),('34af4db4d10bba67b3b02ced92e8c8dd0b299ee2c1680f137cb1baeeb26688ea','0dffa3020102ffa40001ffa200007effa10301011354584f7574707574496e646570656e64656e7401ffa2000107010556616c7565010800010e446573745075624b657948617368010a00010e53656e645075624b657948617368010a00010454584944010a0001064f496e64657801040001064973426173650102000109426c6f636b48617368010a0000007fffa4000101f8259d37047d48f93f01145eb41c72fa16e6b62a019a1f75fa1bb434b20b3601143ed325cf1210ee3bb1565fb6d0fd3036faf28925012034af4db4d10bba67b3b02ced92e8c8dd0b299ee2c1680f137cb1baeeb26688ea03200000758b98965b19ff7d2f0d0b8e9ccb544b752a21aa8b05384df460a75a532100'),('4d4e165e873510c186c6b0778076552cbc73e16c3e9eded3a1b0c4f1c47c14bf','0dffa3020102ffa40001ffa200007effa10301011354584f7574707574496e646570656e64656e7401ffa2000107010556616c7565010800010e446573745075624b657948617368010a00010e53656e645075624b657948617368010a00010454584944010a0001064f496e64657801040001064973426173650102000109426c6f636b48617368010a0000007fffa4000101f8259d37047d48f93f011452c4faa72cb1b6390fe90417738945f1346f13d801143ed325cf1210ee3bb1565fb6d0fd3036faf2892501204d4e165e873510c186c6b0778076552cbc73e16c3e9eded3a1b0c4f1c47c14bf03200000981b48d674e9c01844953463aa0b155a34e05b923bcff941f5f11130813e00'),('4ed811133a7e94440d3e1019b38ff3baf90693264fc4cd5eb152f1a1c1fc96c8','0dffa3020102ffa40001ffa200007effa10301011354584f7574707574496e646570656e64656e7401ffa2000107010556616c7565010800010e446573745075624b657948617368010a00010e53656e645075624b657948617368010a00010454584944010a0001064f496e64657801040001064973426173650102000109426c6f636b48617368010a0000007fffa4000101f85d1d9d469c9a15400114f8510c1c0f22469072d37564e55741a6b31de20a01143ed325cf1210ee3bb1565fb6d0fd3036faf2892501204ed811133a7e94440d3e1019b38ff3baf90693264fc4cd5eb152f1a1c1fc96c803200000f38cf95e27bd8543edf33c123d8e41f620fcd31d475b1704639aeb655cd700'),('56d6f562d6ea01528326ba09d8df6b8814922cfb2911abcf554d90bb18c8e69b','0dff95020102ff960001ff9400007eff930301011354584f7574707574496e646570656e64656e7401ff94000107010556616c7565010800010e446573745075624b657948617368010a00010e53656e645075624b657948617368010a00010454584944010a0001064f496e64657801040001064973426173650102000109426c6f636b48617368010a000000ff81ff96000101f8ae47e17a14aeef3f0114a50eb1fd89981ba8e0da1dda03c9beba1234ca7f0114a50eb1fd89981ba8e0da1dda03c9beba1234ca7f012056d6f562d6ea01528326ba09d8df6b8814922cfb2911abcf554d90bb18c8e69b01020220000009a6e803738984392515aeecceeb2753ac7773323aeeaea183991b887f2400'),('5a7326dd56b76c2abb33a48526dbae0e2343f7563969ec6796eb2a8f95c191f6','0dffa3020102ffa40001ffa200007effa10301011354584f7574707574496e646570656e64656e7401ffa2000107010556616c7565010800010e446573745075624b657948617368010a00010e53656e645075624b657948617368010a00010454584944010a0001064f496e64657801040001064973426173650102000109426c6f636b48617368010a0000007fffa4000101f85d1d9d469c9a15400114f8510c1c0f22469072d37564e55741a6b31de20a01143ed325cf1210ee3bb1565fb6d0fd3036faf2892501205a7326dd56b76c2abb33a48526dbae0e2343f7563969ec6796eb2a8f95c191f603200000f38cf95e27bd8543edf33c123d8e41f620fcd31d475b1704639aeb655cd700'),('5ee66679e8f8e0c81ba53847c52b0ce98ff08010d6b217f0421e29e94fddc88a','0dffa3020102ffa40001ffa200007effa10301011354584f7574707574496e646570656e64656e7401ffa2000107010556616c7565010800010e446573745075624b657948617368010a00010e53656e645075624b657948617368010a00010454584944010a0001064f496e64657801040001064973426173650102000109426c6f636b48617368010a000000fffcffa4000201f8259d37047d48f93f011452c4faa72cb1b6390fe90417738945f1346f13d801143ed325cf1210ee3bb1565fb6d0fd3036faf2892501205ee66679e8f8e0c81ba53847c52b0ce98ff08010d6b217f0421e29e94fddc88a03200000981b48d674e9c01844953463aa0b155a34e05b923bcff941f5f11130813e0001f86d31e47dc15b1b4001143ed325cf1210ee3bb1565fb6d0fd3036faf2892501143ed325cf1210ee3bb1565fb6d0fd3036faf2892501205ee66679e8f8e0c81ba53847c52b0ce98ff08010d6b217f0421e29e94fddc88a010202200000981b48d674e9c01844953463aa0b155a34e05b923bcff941f5f11130813e00'),('92a2b2a8b6fd994d6139c43d08d639a8d476aebe71c98be0e55d8aaed3204de7','0dffa3020102ffa40001ffa200007effa10301011354584f7574707574496e646570656e64656e7401ffa2000107010556616c7565010800010e446573745075624b657948617368010a00010e53656e645075624b657948617368010a00010454584944010a0001064f496e64657801040001064973426173650102000109426c6f636b48617368010a00000079ffa4000101fe08400114c1e423ec114fe99e85346dd2867eab0c71e9afa101143ed325cf1210ee3bb1565fb6d0fd3036faf28925012092a2b2a8b6fd994d6139c43d08d639a8d476aebe71c98be0e55d8aaed3204de703200000c093048972ddcebc8da2b0f7c8757d188dc401f4fb8c97e060038bbcfc8100'),('9cf76f0e9e2df5ba87e2afea832a7ffe4a71dc9424409ef26b27859fc4f9e72f','0dffa3020102ffa40001ffa200007effa10301011354584f7574707574496e646570656e64656e7401ffa2000107010556616c7565010800010e446573745075624b657948617368010a00010e53656e645075624b657948617368010a00010454584944010a0001064f496e64657801040001064973426173650102000109426c6f636b48617368010a0000007fffa4000101f85d1d9d469c9a15400114f76872dffa4529731fe13f17ffd052577dc4525d01143ed325cf1210ee3bb1565fb6d0fd3036faf2892501209cf76f0e9e2df5ba87e2afea832a7ffe4a71dc9424409ef26b27859fc4f9e72f03200000f38cf95e27bd8543edf33c123d8e41f620fcd31d475b1704639aeb655cd700'),('af0462e8f9cd6c3e51f103709a7bfae08a8ca2c7753ac5b6166d757a88d92f69','0dff95020102ff960001ff9400007eff930301011354584f7574707574496e646570656e64656e7401ff94000107010556616c7565010800010e446573745075624b657948617368010a00010e53656e645075624b657948617368010a00010454584944010a0001064f496e64657801040001064973426173650102000109426c6f636b48617368010a000000fffcff96000201f8f7562426a8e1833f0114c1e423ec114fe99e85346dd2867eab0c71e9afa10114a50eb1fd89981ba8e0da1dda03c9beba1234ca7f0120af0462e8f9cd6c3e51f103709a7bfae08a8ca2c7753ac5b6166d757a88d92f69032000008070497ec3996dea4fc4279e98cb73ffca3f80052fb140558068722cce260001f8c0c6a3f19758213f0114a50eb1fd89981ba8e0da1dda03c9beba1234ca7f0114a50eb1fd89981ba8e0da1dda03c9beba1234ca7f0120af0462e8f9cd6c3e51f103709a7bfae08a8ca2c7753ac5b6166d757a88d92f690102022000008070497ec3996dea4fc4279e98cb73ffca3f80052fb140558068722cce2600'),('b1252ab04a5d2857ecefa9518b8df8f808e6108f09706902ea5ab53790669520','0dffa3020102ffa40001ffa200007effa10301011354584f7574707574496e646570656e64656e7401ffa2000107010556616c7565010800010e446573745075624b657948617368010a00010e53656e645075624b657948617368010a00010454584944010a0001064f496e64657801040001064973426173650102000109426c6f636b48617368010a0000007fffa4000101f8259d37047d48f93f011452c4faa72cb1b6390fe90417738945f1346f13d801143ed325cf1210ee3bb1565fb6d0fd3036faf289250120b1252ab04a5d2857ecefa9518b8df8f808e6108f09706902ea5ab5379066952003200000981b48d674e9c01844953463aa0b155a34e05b923bcff941f5f11130813e00'),('b9eb0fb26db3863854a64a2c3f5fe5b26c0e218061b78ec7685ca8b19c4a33e6','0dffa3020102ffa40001ffa200007effa10301011354584f7574707574496e646570656e64656e7401ffa2000107010556616c7565010800010e446573745075624b657948617368010a00010e53656e645075624b657948617368010a00010454584944010a0001064f496e64657801040001064973426173650102000109426c6f636b48617368010a0000007fffa4000101f8dac812290f03843f0114a50eb1fd89981ba8e0da1dda03c9beba1234ca7f01143ed325cf1210ee3bb1565fb6d0fd3036faf289250120b9eb0fb26db3863854a64a2c3f5fe5b26c0e218061b78ec7685ca8b19c4a33e6032000008070497ec3996dea4fc4279e98cb73ffca3f80052fb140558068722cce2600'),('bef4ea3cb874a4065e849a3241d2abc64c7e709c2d04667a0703c3898b1e60d3','0dffa3020102ffa40001ffa200007effa10301011354584f7574707574496e646570656e64656e7401ffa2000107010556616c7565010800010e446573745075624b657948617368010a00010e53656e645075624b657948617368010a00010454584944010a0001064f496e64657801040001064973426173650102000109426c6f636b48617368010a000000fffcffa4000201f8259d37047d48f93f011452c4faa72cb1b6390fe90417738945f1346f13d801143ed325cf1210ee3bb1565fb6d0fd3036faf289250120bef4ea3cb874a4065e849a3241d2abc64c7e709c2d04667a0703c3898b1e60d303200000981b48d674e9c01844953463aa0b155a34e05b923bcff941f5f11130813e0001f86d31e47dc15b1b4001143ed325cf1210ee3bb1565fb6d0fd3036faf2892501143ed325cf1210ee3bb1565fb6d0fd3036faf289250120bef4ea3cb874a4065e849a3241d2abc64c7e709c2d04667a0703c3898b1e60d3010202200000981b48d674e9c01844953463aa0b155a34e05b923bcff941f5f11130813e00'),('c57783fb191e47da945074c6879cb660b47b34ec31d941cdac065b2c1e9c787e','0dffa3020102ffa40001ffa200007effa10301011354584f7574707574496e646570656e64656e7401ffa2000107010556616c7565010800010e446573745075624b657948617368010a00010e53656e645075624b657948617368010a00010454584944010a0001064f496e64657801040001064973426173650102000109426c6f636b48617368010a0000007fffa4000101f8259d37047d48f93f01145eb41c72fa16e6b62a019a1f75fa1bb434b20b3601143ed325cf1210ee3bb1565fb6d0fd3036faf289250120c57783fb191e47da945074c6879cb660b47b34ec31d941cdac065b2c1e9c787e03200000758b98965b19ff7d2f0d0b8e9ccb544b752a21aa8b05384df460a75a532100'),('cbf57d11eece0456ab31983552c5c6529cb6d2263af8bb2a949b725f2d0da0bd','0dffa3020102ffa40001ffa200007effa10301011354584f7574707574496e646570656e64656e7401ffa2000107010556616c7565010800010e446573745075624b657948617368010a00010e53656e645075624b657948617368010a00010454584944010a0001064f496e64657801040001064973426173650102000109426c6f636b48617368010a000000fffcffa4000201f8259d37047d48f93f011452c4faa72cb1b6390fe90417738945f1346f13d801143ed325cf1210ee3bb1565fb6d0fd3036faf289250120cbf57d11eece0456ab31983552c5c6529cb6d2263af8bb2a949b725f2d0da0bd03200000981b48d674e9c01844953463aa0b155a34e05b923bcff941f5f11130813e0001f8610301b6acc0f43f01143ed325cf1210ee3bb1565fb6d0fd3036faf2892501143ed325cf1210ee3bb1565fb6d0fd3036faf289250120cbf57d11eece0456ab31983552c5c6529cb6d2263af8bb2a949b725f2d0da0bd010202200000981b48d674e9c01844953463aa0b155a34e05b923bcff941f5f11130813e00'),('cc9071a52e1b352c95b5854678559330c6ffb43d30618332d87040f5cb58c9e8','0dffa3020102ffa40001ffa200007effa10301011354584f7574707574496e646570656e64656e7401ffa2000107010556616c7565010800010e446573745075624b657948617368010a00010e53656e645075624b657948617368010a00010454584944010a0001064f496e64657801040001064973426173650102000109426c6f636b48617368010a000000fffcffa4000201f8259d37047d48f93f011452c4faa72cb1b6390fe90417738945f1346f13d801143ed325cf1210ee3bb1565fb6d0fd3036faf289250120cc9071a52e1b352c95b5854678559330c6ffb43d30618332d87040f5cb58c9e803200000981b48d674e9c01844953463aa0b155a34e05b923bcff941f5f11130813e0001f843501cdd9404f73f01143ed325cf1210ee3bb1565fb6d0fd3036faf2892501143ed325cf1210ee3bb1565fb6d0fd3036faf289250120cc9071a52e1b352c95b5854678559330c6ffb43d30618332d87040f5cb58c9e8010202200000981b48d674e9c01844953463aa0b155a34e05b923bcff941f5f11130813e00'),('d6349379b76284f1e18bb13922b4c4e689667723b183ed1488015152d8424c91','0dffa3020102ffa40001ffa200007effa10301011354584f7574707574496e646570656e64656e7401ffa2000107010556616c7565010800010e446573745075624b657948617368010a00010e53656e645075624b657948617368010a00010454584944010a0001064f496e64657801040001064973426173650102000109426c6f636b48617368010a000000ff81ffa4000101f880b037312427333f0114c1e423ec114fe99e85346dd2867eab0c71e9afa10114c1e423ec114fe99e85346dd2867eab0c71e9afa10120d6349379b76284f1e18bb13922b4c4e689667723b183ed1488015152d8424c910102022000008070497ec3996dea4fc4279e98cb73ffca3f80052fb140558068722cce2600'),('d73b34585d31cc000eb8ec9c71501a81192c76e2cb6947e98b23f6f482eb4c43','0dffa3020102ffa40001ffa200007effa10301011354584f7574707574496e646570656e64656e7401ffa2000107010556616c7565010800010e446573745075624b657948617368010a00010e53656e645075624b657948617368010a00010454584944010a0001064f496e64657801040001064973426173650102000109426c6f636b48617368010a000000fffcffa4000201f8259d37047d48f93f011452c4faa72cb1b6390fe90417738945f1346f13d801143ed325cf1210ee3bb1565fb6d0fd3036faf289250120d73b34585d31cc000eb8ec9c71501a81192c76e2cb6947e98b23f6f482eb4c4303200000981b48d674e9c01844953463aa0b155a34e05b923bcff941f5f11130813e0001f81dfa939d23c7f73f01143ed325cf1210ee3bb1565fb6d0fd3036faf2892501143ed325cf1210ee3bb1565fb6d0fd3036faf289250120d73b34585d31cc000eb8ec9c71501a81192c76e2cb6947e98b23f6f482eb4c43010202200000981b48d674e9c01844953463aa0b155a34e05b923bcff941f5f11130813e00'),('db710e0757c286eb06c2fbb07623eaf6b1fd53e8ec7aa57e395f98c210fd76e7','0dffa3020102ffa40001ffa200007effa10301011354584f7574707574496e646570656e64656e7401ffa2000107010556616c7565010800010e446573745075624b657948617368010a00010e53656e645075624b657948617368010a00010454584944010a0001064f496e64657801040001064973426173650102000109426c6f636b48617368010a0000007fffa4000101f8259d37047d48f93f01145eb41c72fa16e6b62a019a1f75fa1bb434b20b3601143ed325cf1210ee3bb1565fb6d0fd3036faf289250120db710e0757c286eb06c2fbb07623eaf6b1fd53e8ec7aa57e395f98c210fd76e703200000758b98965b19ff7d2f0d0b8e9ccb544b752a21aa8b05384df460a75a532100'),('e18d2e49f73f2552537384ded2ac2694b6010cb14f99f42185c33c17fbfc0a84','0dffa3020102ffa40001ffa200007effa10301011354584f7574707574496e646570656e64656e7401ffa2000107010556616c7565010800010e446573745075624b657948617368010a00010e53656e645075624b657948617368010a00010454584944010a0001064f496e64657801040001064973426173650102000109426c6f636b48617368010a0000007fffa4000101f8259d37047d48f93f01145eb41c72fa16e6b62a019a1f75fa1bb434b20b3601143ed325cf1210ee3bb1565fb6d0fd3036faf289250120e18d2e49f73f2552537384ded2ac2694b6010cb14f99f42185c33c17fbfc0a8403200000758b98965b19ff7d2f0d0b8e9ccb544b752a21aa8b05384df460a75a532100'),('e861a03a6e09298a03cef533ae8705c8db7314b6ad0a0908df0a1fa9eadda7e5','0dffa3020102ffa40001ffa200007effa10301011354584f7574707574496e646570656e64656e7401ffa2000107010556616c7565010800010e446573745075624b657948617368010a00010e53656e645075624b657948617368010a00010454584944010a0001064f496e64657801040001064973426173650102000109426c6f636b48617368010a0000007fffa4000101f8259d37047d48f93f01145eb41c72fa16e6b62a019a1f75fa1bb434b20b3601143ed325cf1210ee3bb1565fb6d0fd3036faf289250120e861a03a6e09298a03cef533ae8705c8db7314b6ad0a0908df0a1fa9eadda7e503200000758b98965b19ff7d2f0d0b8e9ccb544b752a21aa8b05384df460a75a532100'),('ff15e84416d7b790cb1d97c43abbdd05e4400fbaadebb19535a1ad442c7a4d7f','0dffa3020102ffa40001ffa200007effa10301011354584f7574707574496e646570656e64656e7401ffa2000107010556616c7565010800010e446573745075624b657948617368010a00010e53656e645075624b657948617368010a00010454584944010a0001064f496e64657801040001064973426173650102000109426c6f636b48617368010a0000007fffa4000101f8d63c05c8e94e843f0114a50eb1fd89981ba8e0da1dda03c9beba1234ca7f01143ed325cf1210ee3bb1565fb6d0fd3036faf289250120ff15e84416d7b790cb1d97c43abbdd05e4400fbaadebb19535a1ad442c7a4d7f032000008070497ec3996dea4fc4279e98cb73ffca3f80052fb140558068722cce2600');

/*!40000 ALTER TABLE unspentoutputstransactions ENABLE KEYS */;
UNLOCK TABLES;

-- Dump completed on 2018-09-24 18:40:48.760099427 +0300 EEST m=+0.233999260
