-- Go SQL Dump 0.2.2
--
-- ------------------------------------------------------
-- Server version	5.7.24-0ubuntu0.16.04.1

/*!40101 SET @OLD_CHARACTER_SET_CLIENT=@@CHARACTER_SET_CLIENT */;
/*!40101 SET @OLD_CHARACTER_SET_RESULTS=@@CHARACTER_SET_RESULTS */;
/*!40101 SET @OLD_COLLATION_CONNECTION=@@COLLATION_CONNECTION */;
/*!40101 SET NAMES utf8 */;
/*!40103 SET @OLD_TIME_ZONE=@@TIME_ZONE */;
/*!40103 SET TIME_ZONE='+00:00' */;
/*!40014 SET @OLD_UNIQUE_CHECKS=@@UNIQUE_CHECKS, UNIQUE_CHECKS=0 */;
/*!40014 SET @OLD_FOREIGN_KEY_CHECKS=@@FOREIGN_KEY_CHECKS, FOREIGN_KEY_CHECKS=0 */;
/*!40101 SET @OLD_SQL_MODE=@@SQL_MODE, SQL_MODE='NO_AUTO_VALUE_ON_ZERO' */;
/*!40111 SET @OLD_SQL_NOTES=@@SQL_NOTES, SQL_NOTES=0 */;



--
-- Table structure for table blockchain
--

DROP TABLE IF EXISTS blockchain;
/*!40101 SET @saved_cs_client     = @@character_set_client */;
/*!40101 SET character_set_client = utf8 */;
CREATE TABLE `blockchain` (
  `k` varbinary(100) NOT NULL,
  `v` varbinary(300) DEFAULT NULL,
  PRIMARY KEY (`k`)
) ENGINE=InnoDB DEFAULT CHARSET=latin1;
/*!40101 SET character_set_client = @saved_cs_client */;
--
-- Dumping data for table blockchain
--

LOCK TABLES blockchain WRITE;
/*!40000 ALTER TABLE blockchain DISABLE KEYS */;

INSERT INTO blockchain VALUES ('000009a6e803738984392515aeecceeb2753ac7773323aeeaea183991b887f24','0000c093048972ddcebc8da2b0f7c8757d188dc401f4fb8c97e060038bbcfc8100001916f3ea31b470bbd26c78cb8a523898d4f0e19a551a405b0f1424dcbe28'),('00001916f3ea31b470bbd26c78cb8a523898d4f0e19a551a405b0f1424dcbe28','000009a6e803738984392515aeecceeb2753ac7773323aeeaea183991b887f2400008070497ec3996dea4fc4279e98cb73ffca3f80052fb140558068722cce26'),('0000271a5a8a0b8365662b154764401349e720d0422acd8db38e8c770415ffb9','00002c8aa7f87a8ae4c6aca52666c2afe5e1e7e1e39c2f05e16db6672fb1127c0000c093048972ddcebc8da2b0f7c8757d188dc401f4fb8c97e060038bbcfc81'),('00002c8aa7f87a8ae4c6aca52666c2afe5e1e7e1e39c2f05e16db6672fb1127c','00000000000000000000000000000000000000000000000000000000000000000000271a5a8a0b8365662b154764401349e720d0422acd8db38e8c770415ffb9'),('00004272647c541c005064263c659c9c602284af4443e5673a237228d3414293','00007f6a726da0028da4d484b127caa94ce397e6132cef604843cb8cedbde77b0000000000000000000000000000000000000000000000000000000000000000'),('00007f6a726da0028da4d484b127caa94ce397e6132cef604843cb8cedbde77b','00008ec261273af20aeae3c4f14da8973d172855ceed06280ee5e398a6cc4ef400004272647c541c005064263c659c9c602284af4443e5673a237228d3414293'),('00008070497ec3996dea4fc4279e98cb73ffca3f80052fb140558068722cce26','00001916f3ea31b470bbd26c78cb8a523898d4f0e19a551a405b0f1424dcbe2800008ec261273af20aeae3c4f14da8973d172855ceed06280ee5e398a6cc4ef4'),('00008ec261273af20aeae3c4f14da8973d172855ceed06280ee5e398a6cc4ef4','00008070497ec3996dea4fc4279e98cb73ffca3f80052fb140558068722cce2600007f6a726da0028da4d484b127caa94ce397e6132cef604843cb8cedbde77b'),('0000c093048972ddcebc8da2b0f7c8757d188dc401f4fb8c97e060038bbcfc81','0000271a5a8a0b8365662b154764401349e720d0422acd8db38e8c770415ffb9000009a6e803738984392515aeecceeb2753ac7773323aeeaea183991b887f24');

/*!40000 ALTER TABLE blockchain ENABLE KEYS */;
UNLOCK TABLES;

--
-- Table structure for table blocks
--

DROP TABLE IF EXISTS blocks;
/*!40101 SET @saved_cs_client     = @@character_set_client */;
/*!40101 SET character_set_client = utf8 */;
CREATE TABLE `blocks` (
  `k` varbinary(100) NOT NULL,
  `v` longblob,
  PRIMARY KEY (`k`)
) ENGINE=InnoDB DEFAULT CHARSET=latin1;
/*!40101 SET character_set_client = @saved_cs_client */;
--
-- Dumping data for table blocks
--

LOCK TABLES blocks WRITE;
/*!40000 ALTER TABLE blocks DISABLE KEYS */;

INSERT INTO blocks VALUES ('000009a6e803738984392515aeecceeb2753ac7773323aeeaea183991b887f24','63ff8103010105426c6f636b01ff82000106010954696d657374616d70010400010c5472616e73616374696f6e7301ff9000010d50726576426c6f636b48617368010a00010448617368010a0001054e6f6e63650104000106486569676874010400000027ff8f020101185b5d737472756374757265732e5472616e73616374696f6e01ff900001ff84000075ff830301010b5472616e73616374696f6e01ff8400010801024944010a00010454696d6501040001095369676e6174757265010a00010842795075624b6579010a00010356696e01ff88000104566f757401ff8c00010a53514c436f6d6d616e6401ff8e00010953514c426173655458010a0000002bff870201011c5b5d737472756374757265732e545843757272656e6379496e70757401ff880001ff8600002fff850301010f545843757272656e6379496e70757401ff86000102010454786964010a000104566f757401040000002dff8b0201011e5b5d737472756374757265732e54584375727272656e63794f757470757401ff8c0001ff8a000038ff890301011154584375727272656e63794f757470757401ff8a000102010556616c7565010800010a5075624b657948617368010a00000057ff8d0301010953514c55706461746501ff8e000104010b5265666572656e63654944010a0001055175657279010a00010d526f6c6c6261636b5175657279010a00010f507265765472616e73616374696f6e010a000000fe040fff8201fcb74b9fc0010401205540cdcd72d0e2a1a238cca8a6f65ab403a128966ee6f2e042f3473c447ff6bd01f82aad41f0f6d19f760146304402202bb7e07e049795da6bf216bfd53326c3349ba963d5c9b1386c800eafcd6d8f9502202d46e6a4fda96fb8fa386f5e81fc18cd4bb4b9216840218aeb4fea58614c876f01400425ee20a14fdb8b046f15c4b7c630fd1562198f5abcabce4428a4242bef325d59ff343d5b8f7dc7f450b8eee6186b847bf290b5a480849f347fe746245fbdb8010101201f68ecda086e9c55f363099f6d29a7a3237b5123f87acae50fe2ab840d2f9a2c010200010201f87b14ae47e17a843f0114a50eb1fd89981ba8e0da1dda03c9beba1234ca7f0001f8f6285c8fc2f51b4001143ed325cf1210ee3bb1565fb6d0fd3036faf2892500010000012056d6f562d6ea01528326ba09d8df6b8814922cfb2911abcf554d90bb18c8e69b01f82aad41f0feeb04e6014630440220eab5d9f932251a808b5352b6647a437d941922139d9e804cc790740ece724d9102208084fcda55044e48ceebd9ec574da616a8ac989b788e9ab895f69b910a90f9eb0140169b05603690090f9d1938f15c337e35caa8432b2474de1f2b8b594c4faa7a07ca4f99051abb436b664f96aca4b55021cff32d65496a3b69f9309783e34035ba01010120d80a15aa6549b91fbe0d75f73ddd2284a8efb1514e00d51edc61990813d3a54500010201f87b14ae47e17a843f0114c1e423ec114fe99e85346dd2867eab0c71e9afa10001f8ae47e17a14aeef3f0114a50eb1fd89981ba8e0da1dda03c9beba1234ca7f000100000120098c44d1ec5ad09fe4fee51239eab2d33e60283dab7eeaa09e2bff790df9d61c01f82aad41f106f3593a0146304402206eb486cae47afdedbe1e7258b292cb83d1bd0a0f8c2e51ba64342009dfc0af6d022034a9bae99bacf0eba136bc240d239299b2004e271c1ee02cb531d8cab4e795ff0140ab577ea8f95e1b0baecdab03e52decbdd77fff7981ea2cedad8ebc14c0533a2eb8894476c217b08543a1bcab9065a5602edddf3a26aed88fc11c9f6368bcc6cf010101201f68ecda086e9c55f363099f6d29a7a3237b5123f87acae50fe2ab840d2f9a2c00010201f87b14ae47e17a843f01143ed325cf1210ee3bb1565fb6d0fd3036faf289250001f8d7a3703d0ad7ff3f0114c1e423ec114fe99e85346dd2867eab0c71e9afa1000100000120d7c1d1d1ed861dde6fb1f8d3b00637b1ff8f4a5e20fa7eb20b104efc04ea19cf01f82aad41f111cc6bc80301020100010101fe244001143ed325cf1210ee3bb1565fb6d0fd3036faf289250001000001200000c093048972ddcebc8da2b0f7c8757d188dc401f4fb8c97e060038bbcfc810120000009a6e803738984392515aeecceeb2753ac7773323aeeaea183991b887f2401fd040f3c010600'),('00001916f3ea31b470bbd26c78cb8a523898d4f0e19a551a405b0f1424dcbe28','63ff8103010105426c6f636b01ff82000106010954696d657374616d70010400010c5472616e73616374696f6e7301ff9000010d50726576426c6f636b48617368010a00010448617368010a0001054e6f6e63650104000106486569676874010400000027ff8f020101185b5d737472756374757265732e5472616e73616374696f6e01ff900001ff84000075ff830301010b5472616e73616374696f6e01ff8400010801024944010a00010454696d6501040001095369676e6174757265010a00010842795075624b6579010a00010356696e01ff88000104566f757401ff8c00010a53514c436f6d6d616e6401ff8e00010953514c426173655458010a0000002bff870201011c5b5d737472756374757265732e545843757272656e6379496e70757401ff880001ff8600002fff850301010f545843757272656e6379496e70757401ff86000102010454786964010a000104566f757401040000002dff8b0201011e5b5d737472756374757265732e54584375727272656e63794f757470757401ff8c0001ff8a000038ff890301011154584375727272656e63794f757470757401ff8a000102010556616c7565010800010a5075624b657948617368010a00000057ff8d0301010953514c55706461746501ff8e000104010b5265666572656e63654944010a0001055175657279010a00010d526f6c6c6261636b5175657279010a00010f507265765472616e73616374696f6e010a000000fe0530ff8201fcb74b9fc801050120d6ac70d7b9b2d01342704206a3d6b43e356c9af6310520ef24382d0bf18e528501f82aad41f3266e3eb001463044022046d8af1f328ecab408106fa8ff92f789b1c11ad453d2e5fb335a0addb23f242d02205b82e2c93393135ec748c1f968901039c5dcd06078fe2cb7b7540720a920790201400425ee20a14fdb8b046f15c4b7c630fd1562198f5abcabce4428a4242bef325d59ff343d5b8f7dc7f450b8eee6186b847bf290b5a480849f347fe746245fbdb801010120098c44d1ec5ad09fe4fee51239eab2d33e60283dab7eeaa09e2bff790df9d61c00010201f8dac812290f03843f0114a50eb1fd89981ba8e0da1dda03c9beba1234ca7f0001f840e8d2a687f42d3f01143ed325cf1210ee3bb1565fb6d0fd3036faf289250001000001202d865d522404503ca4a78050661cacbad7140d952d49ffa880cab7a96a1a888801f82aad41f32f4d61700146304402207f7329026f46b3409f66f6be11c339143543f6078ce8e1d89b44b2b8e7a70f54022004f8af5544726cda45a69bc2bc34c09dc6de974ad1e0d2728bc655c899e03f0b0140169b05603690090f9d1938f15c337e35caa8432b2474de1f2b8b594c4faa7a07ca4f99051abb436b664f96aca4b55021cff32d65496a3b69f9309783e34035ba010101205540cdcd72d0e2a1a238cca8a6f65ab403a128966ee6f2e042f3473c447ff6bd00010201f843f7d5eae556843f0114c1e423ec114fe99e85346dd2867eab0c71e9afa10001f99c0e6caefd113f0114a50eb1fd89981ba8e0da1dda03c9beba1234ca7f000100000120d987b62f365a2dcab789741534437abef84ec79120438a2bbe11f2a082fce3c801f82aad41f337412a80014630440220af32a1b778bb1e91587cb65fd331eeea70f51777ff5a23e11f5352254864569702200845b51413d3da61193d211b8df789c73b0c8b21c4f0b8273600c380bbea1bff0140ab577ea8f95e1b0baecdab03e52decbdd77fff7981ea2cedad8ebc14c0533a2eb8894476c217b08543a1bcab9065a5602edddf3a26aed88fc11c9f6368bcc6cf0101012056d6f562d6ea01528326ba09d8df6b8814922cfb2911abcf554d90bb18c8e69b00010201f8f7562426a8e1833f01143ed325cf1210ee3bb1565fb6d0fd3036faf289250001f880b037312427333f0114c1e423ec114fe99e85346dd2867eab0c71e9afa1000100000120509192f9ac0372a6a6b432503b6f52d068d89778c976a8dcdebba98db2cc3a7901f82aad41f340403bc401463044022072e908369725c4af8e4527f4e39d3546c40207414c6297cdd20940045eb8414f022015d3d5378f983e1f2d0de1d1e5d08d768e88dbcb0464ba33242d8abb25a4b0360140ab577ea8f95e1b0baecdab03e52decbdd77fff7981ea2cedad8ebc14c0533a2eb8894476c217b08543a1bcab9065a5602edddf3a26aed88fc11c9f6368bcc6cf01010120098c44d1ec5ad09fe4fee51239eab2d33e60283dab7eeaa09e2bff790df9d61c010200010201f8d63c05c8e94e843f01143ed325cf1210ee3bb1565fb6d0fd3036faf289250001f85d99e0696caeff3f0114c1e423ec114fe99e85346dd2867eab0c71e9afa1000100000120fc52dbbfb331073410ec74bb1ab30b308d198b4b449a047cf1fbb76798a7578401f82aad41f350d35b400301020100010101fe244001143ed325cf1210ee3bb1565fb6d0fd3036faf28925000100000120000009a6e803738984392515aeecceeb2753ac7773323aeeaea183991b887f24012000001916f3ea31b470bbd26c78cb8a523898d4f0e19a551a405b0f1424dcbe2801fd0391e6010800'),('0000271a5a8a0b8365662b154764401349e720d0422acd8db38e8c770415ffb9','63ff8103010105426c6f636b01ff82000106010954696d657374616d70010400010c5472616e73616374696f6e7301ff9000010d50726576426c6f636b48617368010a00010448617368010a0001054e6f6e63650104000106486569676874010400000027ff8f020101185b5d737472756374757265732e5472616e73616374696f6e01ff900001ff84000075ff830301010b5472616e73616374696f6e01ff8400010801024944010a00010454696d6501040001095369676e6174757265010a00010842795075624b6579010a00010356696e01ff88000104566f757401ff8c00010a53514c436f6d6d616e6401ff8e00010953514c426173655458010a0000002bff870201011c5b5d737472756374757265732e545843757272656e6379496e70757401ff880001ff8600002fff850301010f545843757272656e6379496e70757401ff86000102010454786964010a000104566f757401040000002dff8b0201011e5b5d737472756374757265732e54584375727272656e63794f757470757401ff8c0001ff8a000038ff890301011154584375727272656e63794f757470757401ff8a000102010556616c7565010800010a5075624b657948617368010a00000057ff8d0301010953514c55706461746501ff8e000104010b5265666572656e63654944010a0001055175657279010a00010d526f6c6c6261636b5175657279010a00010f507265765472616e73616374696f6e010a000000fe01bcff8201fcb74b9fb001020120d80a15aa6549b91fbe0d75f73ddd2284a8efb1514e00d51edc61990813d3a54501f82aad41ed447212260146304402209db72a4570e5570b529ef90541614879acbd2b9718b5f9590f6a3b7bc34c9f6d02206a9966c95ff4c86f8fae297e691d387959914a4be4152b3c7742715bb098133c01400425ee20a14fdb8b046f15c4b7c630fd1562198f5abcabce4428a4242bef325d59ff343d5b8f7dc7f450b8eee6186b847bf290b5a480849f347fe746245fbdb801010120d0db2978ac91f8c557ea02bffe5efc70cba46f5352b8706f5552a84a90072bd100010201fef03f0114a50eb1fd89981ba8e0da1dda03c9beba1234ca7f0001fe224001143ed325cf1210ee3bb1565fb6d0fd3036faf28925000100000120bb47137431b2d5f78609f84f6ce979da8883e2de4b974ff1332ec28e7432b3d601f82aad41ed4e22269c0301020100010101fe244001143ed325cf1210ee3bb1565fb6d0fd3036faf2892500010000012000002c8aa7f87a8ae4c6aca52666c2afe5e1e7e1e39c2f05e16db6672fb1127c01200000271a5a8a0b8365662b154764401349e720d0422acd8db38e8c770415ffb901fe2a3c010200'),('00002c8aa7f87a8ae4c6aca52666c2afe5e1e7e1e39c2f05e16db6672fb1127c','63ff8103010105426c6f636b01ff82000106010954696d657374616d70010400010c5472616e73616374696f6e7301ff9000010d50726576426c6f636b48617368010a00010448617368010a0001054e6f6e63650104000106486569676874010400000027ff8f020101185b5d737472756374757265732e5472616e73616374696f6e01ff900001ff84000075ff830301010b5472616e73616374696f6e01ff8400010801024944010a00010454696d6501040001095369676e6174757265010a00010842795075624b6579010a00010356696e01ff88000104566f757401ff8c00010a53514c436f6d6d616e6401ff8e00010953514c426173655458010a0000002bff870201011c5b5d737472756374757265732e545843757272656e6379496e70757401ff880001ff8600002fff850301010f545843757272656e6379496e70757401ff86000102010454786964010a000104566f757401040000002dff8b0201011e5b5d737472756374757265732e54584375727272656e63794f757470757401ff8c0001ff8a000038ff890301011154584375727272656e63794f757470757401ff8a000102010556616c7565010800010a5075624b657948617368010a00000057ff8d0301010953514c55706461746501ff8e000104010b5265666572656e63654944010a0001055175657279010a00010d526f6c6c6261636b5175657279010a00010f507265765472616e73616374696f6e010a000000ff83ff8201fcb74b9fa001010120d0db2978ac91f8c557ea02bffe5efc70cba46f5352b8706f5552a84a90072bd101f82aad41e9e0624d2c0301020100010101fe244001143ed325cf1210ee3bb1565fb6d0fd3036faf2892500010000022000002c8aa7f87a8ae4c6aca52666c2afe5e1e7e1e39c2f05e16db6672fb1127c01fd0259f200'),('00004272647c541c005064263c659c9c602284af4443e5673a237228d3414293','63ff9703010105426c6f636b01ff98000106010954696d657374616d70010400010c5472616e73616374696f6e7301ff9a00010d50726576426c6f636b48617368010a00010448617368010a0001054e6f6e63650104000106486569676874010400000027ff99020101185b5d737472756374757265732e5472616e73616374696f6e01ff9a0001ff8c000075ff8b0301010b5472616e73616374696f6e01ff8c00010801024944010a00010454696d6501040001095369676e6174757265010a00010842795075624b6579010a00010356696e01ff90000104566f757401ff9400010a53514c436f6d6d616e6401ff9600010953514c426173655458010a0000002bff8f0201011c5b5d737472756374757265732e545843757272656e6379496e70757401ff900001ff8e00002fff8d0301010f545843757272656e6379496e70757401ff8e000102010454786964010a000104566f757401040000002dff930201011e5b5d737472756374757265732e54584375727272656e63794f757470757401ff940001ff92000038ff910301011154584375727272656e63794f757470757401ff92000102010556616c7565010800010a5075624b657948617368010a00000057ff950301010953514c55706461746501ff96000104010b5265666572656e63654944010a0001055175657279010a00010d526f6c6c6261636b5175657279010a00010f507265765472616e73616374696f6e010a000000fe09e9ff9801fcb7c25b88010901205276ee1f391a0a39ac556df069b306bd2092ef06f355d1e34a49b587b609789a01f82ac8e7004bac1de40146304402205886cdc5db7b9fd8653d4e9133baa659038cb0359d96b01fb02052f5549f07520220c4aceb3d7d331ad8575a6c506e606b13e89f549e432fb926a6af92d0366676680140ab577ea8f95e1b0baecdab03e52decbdd77fff7981ea2cedad8ebc14c0533a2eb8894476c217b08543a1bcab9065a5602edddf3a26aed88fc11c9f6368bcc6cf01010120aac29d91b9f3243398925d57f84c1731b53f78e7604a9d6809eef37aaacf7aa7010200010201f839454772f92fe33f0114668ec43de7ff4fffa0c6e6ba19b36fbe73d1fc190001f81f4f89f3895fe93f0114c1e423ec114fe99e85346dd2867eab0c71e9afa10001000001202e2a1e018ac465f1668b898ed7db07c4d22e50851195eb2cea3ff34b1369026901f82ac8e7009bf9d9540146304402200a17e9e4ac45ee452110f8425a118cb5d977cfd6ddbea726393f540ab8052c0e0220d80ac533c8d264b877e054f7053d18817803e8bfb6e06088efe139a1f0b0390c0140ab577ea8f95e1b0baecdab03e52decbdd77fff7981ea2cedad8ebc14c0533a2eb8894476c217b08543a1bcab9065a5602edddf3a26aed88fc11c9f6368bcc6cf010101205260c727c22b382fcdd2e7d6e92f73087fcfeb16474eef444361e228b2bf1695010200010201f839454772f92fe33f0114668ec43de7ff4fffa0c6e6ba19b36fbe73d1fc190001f86ca301bc053617400114c1e423ec114fe99e85346dd2867eab0c71e9afa1000100000120b6cb33039c023747e460802e22eca81e735e97dab636a1ac79a55863f1130ebb01f82ac8e700f61ce3500146304402205e2b696be2e3dd41c3aede57751ed44c3cf6a295478bc45a1fff4cb7b2f74ba30220910dd11a894724f56c7d527a96c537339183adf057dd568ec04f7ec540627d1f0140ab577ea8f95e1b0baecdab03e52decbdd77fff7981ea2cedad8ebc14c0533a2eb8894476c217b08543a1bcab9065a5602edddf3a26aed88fc11c9f6368bcc6cf010101208ce8e8855fccfc63175eb192cf0f416ad9a2bb3b530a1dc27bc475b2c1a0aa8300010201f839454772f92fe33f0114668ec43de7ff4fffa0c6e6ba19b36fbe73d1fc190001f8ac8bdb6800cd22400114c1e423ec114fe99e85346dd2867eab0c71e9afa1000100000120d30d269101546cc0e4088d8cd49e0210dd6d5688de86244ac48abb64f478961601f82ac8e701497b22440146304402200ec2bab4df542f3ebce64848a80ff01ac816f35e1b1280f304c1796a94b739770220a9bc95348600d9bf32cf3147273254029e8d6bca182869692a8e9ba2f3cdfd0b0140ab577ea8f95e1b0baecdab03e52decbdd77fff7981ea2cedad8ebc14c0533a2eb8894476c217b08543a1bcab9065a5602edddf3a26aed88fc11c9f6368bcc6cf01010120b6cb33039c023747e460802e22eca81e735e97dab636a1ac79a55863f1130ebb010200010201f839454772f92fe33f0114668ec43de7ff4fffa0c6e6ba19b36fbe73d1fc190001f85817b7d1009a21400114c1e423ec114fe99e85346dd2867eab0c71e9afa10001000001201b18f46871d9353ba550e3f5d3a5964de77671c1fe92b8b0dd9a6f9add0ec6cd01f82ac8e7019920ae38014630440220954461ba914743c0e4365a8c9787d67fde741a940fab325ffafd03fdc42e460402207b2bf81009377a1ad72ac3fc884ecb6c988e0f037b8e07e451576387a5df7a900140ab577ea8f95e1b0baecdab03e52decbdd77fff7981ea2cedad8ebc14c0533a2eb8894476c217b08543a1bcab9065a5602edddf3a26aed88fc11c9f6368bcc6cf010101202e2a1e018ac465f1668b898ed7db07c4d22e50851195eb2cea3ff34b13690269010200010201f839454772f92fe33f0114668ec43de7ff4fffa0c6e6ba19b36fbe73d1fc190001f8c5bab88d06d014400114c1e423ec114fe99e85346dd2867eab0c71e9afa10001000001207c93d70a55203a8fada935c8c9b32814ebeb894a79f239edd9e72f542151a09601f82ac8e701f0fae6620146304402201f33f61b1ba2e08cb2eb4513697304fded51dfa11502a739458393686615a3bb022088834873652f2f068f9c55d32101bfb79d8e7dbe886aceb6b4e4d48897cbf9a30140ab577ea8f95e1b0baecdab03e52decbdd77fff7981ea2cedad8ebc14c0533a2eb8894476c217b08543a1bcab9065a5602edddf3a26aed88fc11c9f6368bcc6cf010101201b18f46871d9353ba550e3f5d3a5964de77671c1fe92b8b0dd9a6f9add0ec6cd010200010201f839454772f92fe33f0114668ec43de7ff4fffa0c6e6ba19b36fbe73d1fc190001f81ed26f5f076a12400114c1e423ec114fe99e85346dd2867eab0c71e9afa100010000012070d421a8c036945971991ba287f281e26d1c68aa492586f34a6646bb0f396de901f82ac8e702645ba0c001463044022033d22d079746ddc1d4fe9d68c107f7b7e3876dea5696c575caa3a3efc8608ff7022068f77dc32f57cd39ad839fd9e1e9bae48219658ca2a435412b016404df8f82f30140ab577ea8f95e1b0baecdab03e52decbdd77fff7981ea2cedad8ebc14c0533a2eb8894476c217b08543a1bcab9065a5602edddf3a26aed88fc11c9f6368bcc6cf010101205276ee1f391a0a39ac556df069b306bd2092ef06f355d1e34a49b587b609789a010200010201f839454772f92fe33f0114668ec43de7ff4fffa0c6e6ba19b36fbe73d1fc190001f89827080542bec83f0114c1e423ec114fe99e85346dd2867eab0c71e9afa1000100000120be287c473b08376e10dcb4bdeeec2b1156fa251d6793f0719b1cddbc46aa339c01f82ac8e702cd1d8530014630440220a0fb497750bda81d966ef742f42fbc072859a64894115ead420a094aee3c96d50220c8f4a79a48c78dc4421bbc8c45f84fd15cba22edf059d5ad6ae6b1f9eaf0abef0140ab577ea8f95e1b0baecdab03e52decbdd77fff7981ea2cedad8ebc14c0533a2eb8894476c217b08543a1bcab9065a5602edddf3a26aed88fc11c9f6368bcc6cf0102012070d421a8c036945971991ba287f281e26d1c68aa492586f34a6646bb0f396de901020001207c93d70a55203a8fada935c8c9b32814ebeb894a79f239edd9e72f542151a096010200010201f839454772f92fe33f0114668ec43de7ff4fffa0c6e6ba19b36fbe73d1fc190001f8b42a4f41fac910400114c1e423ec114fe99e85346dd2867eab0c71e9afa1000100000120ddcce00a04423ce7aca03ca772203d8ba56c4e5c3f014c8ce1ebb39c0f49319501f82ac8e703274af6420301020100010101fe24400114c1e423ec114fe99e85346dd2867eab0c71e9afa100010000012000007f6a726da0028da4d484b127caa94ce397e6132cef604843cb8cedbde77b012000004272647c541c005064263c659c9c602284af4443e5673a237228d341429301fe5e32011000'),('00007f6a726da0028da4d484b127caa94ce397e6132cef604843cb8cedbde77b','63ff9703010105426c6f636b01ff98000106010954696d657374616d70010400010c5472616e73616374696f6e7301ff9a00010d50726576426c6f636b48617368010a00010448617368010a0001054e6f6e63650104000106486569676874010400000027ff99020101185b5d737472756374757265732e5472616e73616374696f6e01ff9a0001ff8c000075ff8b0301010b5472616e73616374696f6e01ff8c00010801024944010a00010454696d6501040001095369676e6174757265010a00010842795075624b6579010a00010356696e01ff90000104566f757401ff9400010a53514c436f6d6d616e6401ff9600010953514c426173655458010a0000002bff8f0201011c5b5d737472756374757265732e545843757272656e6379496e70757401ff900001ff8e00002fff8d0301010f545843757272656e6379496e70757401ff8e000102010454786964010a000104566f757401040000002dff930201011e5b5d737472756374757265732e54584375727272656e63794f757470757401ff940001ff92000038ff910301011154584375727272656e63794f757470757401ff92000102010556616c7565010800010a5075624b657948617368010a00000057ff950301010953514c55706461746501ff96000104010b5265666572656e63654944010a0001055175657279010a00010d526f6c6c6261636b5175657279010a00010f507265765472616e73616374696f6e010a000000fe08c5ff9801fcb7c25b6e01080120aac29d91b9f3243398925d57f84c1731b53f78e7604a9d6809eef37aaacf7aa701f82ac8e6fab824da1601463044022006f04d8e2668a99daba86a3afbaffd977a24081ccbf00c0f05f0731cefd1d644022001e44977165217bdd56596bb19808fabf17e153ed7dcd9bc68eaa3b05f382c4c0140ab577ea8f95e1b0baecdab03e52decbdd77fff7981ea2cedad8ebc14c0533a2eb8894476c217b08543a1bcab9065a5602edddf3a26aed88fc11c9f6368bcc6cf010201209cce81a407f322073c646b2fed161a2eeef74f9f4d2ec76317172fcf25bbea780102000120c77b14148916b0c0fe96f955d1269bf73e2a783b7d2325f55c91754866a4b9cf010200010201f839454772f92fe33f0114a7ccfefa55dfa35db58f98776e8f416f362457480001f82c4ae8b2c147f63f0114c1e423ec114fe99e85346dd2867eab0c71e9afa1000100000120130a09f6a0336f8ce716c297d797f69150e2f13d51be79b327a55b9a22f09f9a01f82ac8e6faed69a7780146304402207257242b7e73fc4f148d3a09eaa4a3d8c20047206ddec72ebf2bff08a5a91220022016ee1fc8c2f4338a8b28023ca524d2df96412be7db3cef7be0e8f23c93bdee550140ab577ea8f95e1b0baecdab03e52decbdd77fff7981ea2cedad8ebc14c0533a2eb8894476c217b08543a1bcab9065a5602edddf3a26aed88fc11c9f6368bcc6cf0101012035b8234e6d0789fe3e5754d61cca8d3126409fb742e380f1a4bcad3d462fef8400010201f839454772f92fe33f0114a7ccfefa55dfa35db58f98776e8f416f362457480001f8ac8bdb6800cd22400114c1e423ec114fe99e85346dd2867eab0c71e9afa10001000001209e1d58463d32e99767b73b72448cdf10d4eeab34be0e60f2fd3f98d990e8f53501f82ac8e6fb5248501201463044022011341a0e07e0d74717c44abd8d184f205106049dabc194429a025ae7d5875fc90220a393db4d04f94d8e903e270b5a9259a6d4c79002761db1a22f93f5e3a9fa571c0140ab577ea8f95e1b0baecdab03e52decbdd77fff7981ea2cedad8ebc14c0533a2eb8894476c217b08543a1bcab9065a5602edddf3a26aed88fc11c9f6368bcc6cf01010120130a09f6a0336f8ce716c297d797f69150e2f13d51be79b327a55b9a22f09f9a010200010201f839454772f92fe33f0114a7ccfefa55dfa35db58f98776e8f416f362457480001f85817b7d1009a21400114c1e423ec114fe99e85346dd2867eab0c71e9afa1000100000120c502a935031d634892c74cfdd06379147d35621d0a2d7383725858b5cc9ea8fd01f82ac8e6fbab449d5c014630440220c221f8bf44fe258cf4bb60cb3bac421a96df164ae9ec1a9a32165bab16b9b53c0220aab9daadc753021e302ea7f0e1ce22ed1a67c8b6045be9c444b852a2e1a3c9690140ab577ea8f95e1b0baecdab03e52decbdd77fff7981ea2cedad8ebc14c0533a2eb8894476c217b08543a1bcab9065a5602edddf3a26aed88fc11c9f6368bcc6cf010101209e1d58463d32e99767b73b72448cdf10d4eeab34be0e60f2fd3f98d990e8f535010200010201f839454772f92fe33f0114a7ccfefa55dfa35db58f98776e8f416f362457480001f804a3923a016720400114c1e423ec114fe99e85346dd2867eab0c71e9afa1000100000120250525a8e9bcdb58520b57c362eed320a69238dbe1d55bb7676535e39bd44bbf01f82ac8e6fbf9a38d98014630440220ccc726b6408fdd594d51b6387bc6670f97670ebc5c7445739f4cdb87dad5ffeb0220a557c7064ea467d14c064f01577f408296382d212994ce5f71336f257f379afd0140ab577ea8f95e1b0baecdab03e52decbdd77fff7981ea2cedad8ebc14c0533a2eb8894476c217b08543a1bcab9065a5602edddf3a26aed88fc11c9f6368bcc6cf01010120c502a935031d634892c74cfdd06379147d35621d0a2d7383725858b5cc9ea8fd010200010201f839454772f92fe33f0114a7ccfefa55dfa35db58f98776e8f416f362457480001f8615ddc4603681e400114c1e423ec114fe99e85346dd2867eab0c71e9afa1000100000120034b9cb3b048b33e4a09e518e93faaf2eb54193f0a2833b2bb4cfe3a4151b4ad01f82ac8e6fc545caa0c0146304402204e1c98ed5fc8cfa84150de381f9cd6387012c71076fbf32b63dad2adbb8dddb102206002a10530e4d147815f902972f22ec6f64acd68e0215f18d3a0c5bcae937c1e0140ab577ea8f95e1b0baecdab03e52decbdd77fff7981ea2cedad8ebc14c0533a2eb8894476c217b08543a1bcab9065a5602edddf3a26aed88fc11c9f6368bcc6cf01010120250525a8e9bcdb58520b57c362eed320a69238dbe1d55bb7676535e39bd44bbf010200010201f839454772f92fe33f0114a7ccfefa55dfa35db58f98776e8f416f362457480001f8ba74931804021c400114c1e423ec114fe99e85346dd2867eab0c71e9afa10001000001205260c727c22b382fcdd2e7d6e92f73087fcfeb16474eef444361e228b2bf169501f82ac8e6fcacf0631801463044022068cbc68d6c4b5d3c598675dd1ee0cd576ec40460c31dfce004858a30cd2c288802202f960d2464f7094bcc8cb049963f383152ce7b21aff956e6288a062af002fd130140ab577ea8f95e1b0baecdab03e52decbdd77fff7981ea2cedad8ebc14c0533a2eb8894476c217b08543a1bcab9065a5602edddf3a26aed88fc11c9f6368bcc6cf01010120034b9cb3b048b33e4a09e518e93faaf2eb54193f0a2833b2bb4cfe3a4151b4ad010200010201f839454772f92fe33f0114a7ccfefa55dfa35db58f98776e8f416f362457480001f8138c4aea049c19400114c1e423ec114fe99e85346dd2867eab0c71e9afa10001000001208ce8e8855fccfc63175eb192cf0f416ad9a2bb3b530a1dc27bc475b2c1a0aa8301f82ac8e6fce36822d00301020100010101fe24400114c1e423ec114fe99e85346dd2867eab0c71e9afa100010000012000008ec261273af20aeae3c4f14da8973d172855ceed06280ee5e398a6cc4ef4012000007f6a726da0028da4d484b127caa94ce397e6132cef604843cb8cedbde77b01fe99de010e00'),('00008070497ec3996dea4fc4279e98cb73ffca3f80052fb140558068722cce26','63ff8103010105426c6f636b01ff82000106010954696d657374616d70010400010c5472616e73616374696f6e7301ff9000010d50726576426c6f636b48617368010a00010448617368010a0001054e6f6e63650104000106486569676874010400000027ff8f020101185b5d737472756374757265732e5472616e73616374696f6e01ff900001ff84000075ff830301010b5472616e73616374696f6e01ff8400010801024944010a00010454696d6501040001095369676e6174757265010a00010842795075624b6579010a00010356696e01ff88000104566f757401ff8c00010a53514c436f6d6d616e6401ff8e00010953514c426173655458010a0000002bff870201011c5b5d737472756374757265732e545843757272656e6379496e70757401ff880001ff8600002fff850301010f545843757272656e6379496e70757401ff86000102010454786964010a000104566f757401040000002dff8b0201011e5b5d737472756374757265732e54584375727272656e63794f757470757401ff8c0001ff8a000038ff890301011154584375727272656e63794f757470757401ff8a000102010556616c7565010800010a5075624b657948617368010a00000057ff8d0301010953514c55706461746501ff8e000104010b5265666572656e63654944010a0001055175657279010a00010d526f6c6c6261636b5175657279010a00010f507265765472616e73616374696f6e010a000000fe06c0ff8201fcb74b9fd201060120ff15e84416d7b790cb1d97c43abbdd05e4400fbaadebb19535a1ad442c7a4d7f01f82aad41f573ecbfe0014630440220e9b01d24c0f1cece5ad739ea1a992bd46a93242c1ac4dc57fba70f9c9943492202200bf525840a665b3793167f79ffba4c5b5935208a99bece854f0a05b3d513661101400425ee20a14fdb8b046f15c4b7c630fd1562198f5abcabce4428a4242bef325d59ff343d5b8f7dc7f450b8eee6186b847bf290b5a480849f347fe746245fbdb801020120d6ac70d7b9b2d01342704206a3d6b43e356c9af6310520ef24382d0bf18e52850102000120d987b62f365a2dcab789741534437abef84ec79120438a2bbe11f2a082fce3c800010201f8d63c05c8e94e843f0114a50eb1fd89981ba8e0da1dda03c9beba1234ca7f0001f984cb74f920f53e01143ed325cf1210ee3bb1565fb6d0fd3036faf28925000100000120af0462e8f9cd6c3e51f103709a7bfae08a8ca2c7753ac5b6166d757a88d92f6901f82aad41f57e05f2680146304402208505bceaee75e1d92b0a9156d1fce92ffb0b1bc9159402d0088368ca53d4cc390220bac7bcf7cc0121dce5e903118eafb623b51331c24b65f5678d32653a04acf94f0140169b05603690090f9d1938f15c337e35caa8432b2474de1f2b8b594c4faa7a07ca4f99051abb436b664f96aca4b55021cff32d65496a3b69f9309783e34035ba010201202d865d522404503ca4a78050661cacbad7140d952d49ffa880cab7a96a1a88880102000120d6ac70d7b9b2d01342704206a3d6b43e356c9af6310520ef24382d0bf18e528500010201f8f7562426a8e1833f0114c1e423ec114fe99e85346dd2867eab0c71e9afa10001f8c0c6a3f19758213f0114a50eb1fd89981ba8e0da1dda03c9beba1234ca7f000100000120d6349379b76284f1e18bb13922b4c4e689667723b183ed1488015152d8424c9101f82aad41f587709360014630440220fab94a742acfe5be5ef0e0f92119beb2be34171f978c6bd2ebf74df550abba430220ff9c7f7e9e31ae547cb95b4b94d52d5c2143334823214f94752ad9434ee9e4f30140ab577ea8f95e1b0baecdab03e52decbdd77fff7981ea2cedad8ebc14c0533a2eb8894476c217b08543a1bcab9065a5602edddf3a26aed88fc11c9f6368bcc6cf01020120d987b62f365a2dcab789741534437abef84ec79120438a2bbe11f2a082fce3c801020001202d865d522404503ca4a78050661cacbad7140d952d49ffa880cab7a96a1a888800010201f843f7d5eae556843f01143ed325cf1210ee3bb1565fb6d0fd3036faf289250001f880b037312427333f0114c1e423ec114fe99e85346dd2867eab0c71e9afa1000100000120158882c12867873df8756c56eb5df7beb737cbe8e9a1826322c5d4d69f805ed301f82aad41f592078f1c014630440220ed3fc72b46273a76cf538798299e1ccf91cf2c91b4d7ab967c830a75e83be00b0220dfbb3b0541aaf09c9c531e78b4f4b60eeb0c2b9f7980580d445153f731076c2c0140ab577ea8f95e1b0baecdab03e52decbdd77fff7981ea2cedad8ebc14c0533a2eb8894476c217b08543a1bcab9065a5602edddf3a26aed88fc11c9f6368bcc6cf01010120509192f9ac0372a6a6b432503b6f52d068d89778c976a8dcdebba98db2cc3a79010200010201f8dac812290f03843f01143ed325cf1210ee3bb1565fb6d0fd3036faf289250001f8cb738e4b6686ff3f0114c1e423ec114fe99e85346dd2867eab0c71e9afa1000100000120b9eb0fb26db3863854a64a2c3f5fe5b26c0e218061b78ec7685ca8b19c4a33e601f82aad41f59c65dd16014630440220c87e3ce9ea9f016e952249526e16d44b78880dfee33f7a22e503f7d4c23db4030220be6c5f465f0b079b8ddf7a457eb4aedce1ad166cda1a8adeff7a5598a05e317401400425ee20a14fdb8b046f15c4b7c630fd1562198f5abcabce4428a4242bef325d59ff343d5b8f7dc7f450b8eee6186b847bf290b5a480849f347fe746245fbdb801010120509192f9ac0372a6a6b432503b6f52d068d89778c976a8dcdebba98db2cc3a7900010201f8dac812290f03843f0114a50eb1fd89981ba8e0da1dda03c9beba1234ca7f0001f9ff9cbca7f6223f01143ed325cf1210ee3bb1565fb6d0fd3036faf289250001000001208edbc576e8f9fc2d48513c4ed8a1663cfdbf70351ae6c1882a9e18544f5a3b0c01f82aad41f5a850af0c0301020100010101fe244001143ed325cf1210ee3bb1565fb6d0fd3036faf2892500010000012000001916f3ea31b470bbd26c78cb8a523898d4f0e19a551a405b0f1424dcbe28012000008070497ec3996dea4fc4279e98cb73ffca3f80052fb140558068722cce2601fd02c132010a00'),('00008ec261273af20aeae3c4f14da8973d172855ceed06280ee5e398a6cc4ef4','63ff9703010105426c6f636b01ff98000106010954696d657374616d70010400010c5472616e73616374696f6e7301ff9a00010d50726576426c6f636b48617368010a00010448617368010a0001054e6f6e63650104000106486569676874010400000027ff99020101185b5d737472756374757265732e5472616e73616374696f6e01ff9a0001ff8c000075ff8b0301010b5472616e73616374696f6e01ff8c00010801024944010a00010454696d6501040001095369676e6174757265010a00010842795075624b6579010a00010356696e01ff90000104566f757401ff9400010a53514c436f6d6d616e6401ff9600010953514c426173655458010a0000002bff8f0201011c5b5d737472756374757265732e545843757272656e6379496e70757401ff900001ff8e00002fff8d0301010f545843757272656e6379496e70757401ff8e000102010454786964010a000104566f757401040000002dff930201011e5b5d737472756374757265732e54584375727272656e63794f757470757401ff940001ff92000038ff910301011154584375727272656e63794f757470757401ff92000102010556616c7565010800010a5075624b657948617368010a00000057ff950301010953514c55706461746501ff96000104010b5265666572656e63654944010a0001055175657279010a00010d526f6c6c6261636b5175657279010a00010f507265765472616e73616374696f6e010a000000fe07c5ff9801fcb7c25b1a01070120c77b14148916b0c0fe96f955d1269bf73e2a783b7d2325f55c91754866a4b9cf01f82ac8e6e3b60e97d801463044022039094c5540c405633b37aa7fa95bae482a5ae95122962ba537e516471ccf730a0220ea442bb60b7a8d8854f8c29aa055fc0ebe363d3905df24ed25b190fb1f4008150140ab577ea8f95e1b0baecdab03e52decbdd77fff7981ea2cedad8ebc14c0533a2eb8894476c217b08543a1bcab9065a5602edddf3a26aed88fc11c9f6368bcc6cf01030120d6349379b76284f1e18bb13922b4c4e689667723b183ed1488015152d8424c910102000120af0462e8f9cd6c3e51f103709a7bfae08a8ca2c7753ac5b6166d757a88d92f69000120158882c12867873df8756c56eb5df7beb737cbe8e9a1826322c5d4d69f805ed3010200010201f8c8ec0b6cbedfdf3f01149b12b8dd7edff77abca59b847d3ba69916a7b88e0001f8c2d41a736cb7f73f0114c1e423ec114fe99e85346dd2867eab0c71e9afa10001000001205f91cf6d642a5db914d55f6e22b77eaf7a23485a53f32e0081043d7cc4abca9b01f82ac8e6e470d5b9720146304402206863584202b0778d6f9dbf1071c2e6ca9f7f2e47310c6d1244d27f1a7fd1a13f0220429627fb08f11c96ce4f10b9e7c4467c952dbfdb88f59ea76af8860c681d2f0a0140ab577ea8f95e1b0baecdab03e52decbdd77fff7981ea2cedad8ebc14c0533a2eb8894476c217b08543a1bcab9065a5602edddf3a26aed88fc11c9f6368bcc6cf0101012092a2b2a8b6fd994d6139c43d08d639a8d476aebe71c98be0e55d8aaed3204de700010201f8c8ec0b6cbedfdf3f0114cb77d8c3e1bc4b24bb4420c136d1c90c7a81d0dc0001f867827e32080404400114c1e423ec114fe99e85346dd2867eab0c71e9afa100010000012005d992acf17b40ddcd45e39c4d543983dc3eba6fd8998f7e43660c7f7134c7ce01f82ac8e6e56918d46e014630440220f849c460069266beba42c978203dc32ef2ff84431375a319a766a543efbb325602202a6d1e8c14ca27af839621138e0de73810af388e6a0102fce7f0502e6696db820140ab577ea8f95e1b0baecdab03e52decbdd77fff7981ea2cedad8ebc14c0533a2eb8894476c217b08543a1bcab9065a5602edddf3a26aed88fc11c9f6368bcc6cf010101205f91cf6d642a5db914d55f6e22b77eaf7a23485a53f32e0081043d7cc4abca9b010200010201f8c8ec0b6cbedfdf3f011469bdb0d5e324a40dbc5357b52f2a67c8006d30890001f8ce04fd64100800400114c1e423ec114fe99e85346dd2867eab0c71e9afa1000100000120077097cd52118b30e9645f0511737df9743886985a5e499705a27584ae5d6c3301f82ac8e6e62f4ccb9a014630440220ed81d4b531621ed1bfb75cf5a046f15096b02ba28a747a71fc1b3ac22ef85d5d0220c1cb535e57d665f335fd7e1b73bc6d4366925c72ed3993398041cc141ee8c8280140ab577ea8f95e1b0baecdab03e52decbdd77fff7981ea2cedad8ebc14c0533a2eb8894476c217b08543a1bcab9065a5602edddf3a26aed88fc11c9f6368bcc6cf0101012005d992acf17b40ddcd45e39c4d543983dc3eba6fd8998f7e43660c7f7134c7ce010200010201f8c8ec0b6cbedfdf3f01149b12b8dd7edff77abca59b847d3ba69916a7b88e0001f86a0ef72e3118f83f0114c1e423ec114fe99e85346dd2867eab0c71e9afa100010000012075318f390cb9d861a28b9cc3ca51efc36e406048145a43935a109e9e5dfdff6101f82ac8e6e7149c676201463044022030214b7f5a3e892df4af96fc0b6f97f0c6e47fcbd3a70f9ee398b852c1319401022054a969ee1aeaa0af4e88796a989a51452917fd65b757c9105a4fa5eefd3924500140ab577ea8f95e1b0baecdab03e52decbdd77fff7981ea2cedad8ebc14c0533a2eb8894476c217b08543a1bcab9065a5602edddf3a26aed88fc11c9f6368bcc6cf01010120077097cd52118b30e9645f0511737df9743886985a5e499705a27584ae5d6c33010200010201f8c8ec0b6cbedfdf3f0114cb77d8c3e1bc4b24bb4420c136d1c90c7a81d0dc0001f83813f4934120f03f0114c1e423ec114fe99e85346dd2867eab0c71e9afa10001000001209cce81a407f322073c646b2fed161a2eeef74f9f4d2ec76317172fcf25bbea7801f82ac8e6e82f1f625801463044022099731a4af672c53804c6dbc1dae44817851ac0ec1241ef1d08fd32a77103dbc30220c1e09fbc648f1d6f1d03ca1151b9a1932f752f54dd6ac2585b64abf6f37c77b90140ab577ea8f95e1b0baecdab03e52decbdd77fff7981ea2cedad8ebc14c0533a2eb8894476c217b08543a1bcab9065a5602edddf3a26aed88fc11c9f6368bcc6cf0101012075318f390cb9d861a28b9cc3ca51efc36e406048145a43935a109e9e5dfdff61010200010201f8c8ec0b6cbedfdf3f011469bdb0d5e324a40dbc5357b52f2a67c8006d30890001f80c30e2f1a350e03f0114c1e423ec114fe99e85346dd2867eab0c71e9afa100010000012035b8234e6d0789fe3e5754d61cca8d3126409fb742e380f1a4bcad3d462fef8401f82ac8e6e9666789ca0301020100010101fe24400114c1e423ec114fe99e85346dd2867eab0c71e9afa100010000012000008070497ec3996dea4fc4279e98cb73ffca3f80052fb140558068722cce26012000008ec261273af20aeae3c4f14da8973d172855ceed06280ee5e398a6cc4ef401fd0acbb0010c00'),('0000c093048972ddcebc8da2b0f7c8757d188dc401f4fb8c97e060038bbcfc81','63ff8103010105426c6f636b01ff82000106010954696d657374616d70010400010c5472616e73616374696f6e7301ff9000010d50726576426c6f636b48617368010a00010448617368010a0001054e6f6e63650104000106486569676874010400000027ff8f020101185b5d737472756374757265732e5472616e73616374696f6e01ff900001ff84000075ff830301010b5472616e73616374696f6e01ff8400010801024944010a00010454696d6501040001095369676e6174757265010a00010842795075624b6579010a00010356696e01ff88000104566f757401ff8c00010a53514c436f6d6d616e6401ff8e00010953514c426173655458010a0000002bff870201011c5b5d737472756374757265732e545843757272656e6379496e70757401ff880001ff8600002fff850301010f545843757272656e6379496e70757401ff86000102010454786964010a000104566f757401040000002dff8b0201011e5b5d737472756374757265732e54584375727272656e63794f757470757401ff8c0001ff8a000038ff890301011154584375727272656e63794f757470757401ff8a000102010556616c7565010800010a5075624b657948617368010a00000057ff8d0301010953514c55706461746501ff8e000104010b5265666572656e63654944010a0001055175657279010a00010d526f6c6c6261636b5175657279010a00010f507265765472616e73616374696f6e010a000000fe02d3ff8201fcb74b9fb8010301201f68ecda086e9c55f363099f6d29a7a3237b5123f87acae50fe2ab840d2f9a2c01f82aad41ef1987eedc01463044022073ecbb228f3ffd9d85a69af50a3d71fbed9dc8b1b3500cdabbe07d2d0b3d439d0220cd1a3961a02e8f9b138062c0e591061f3bed0be76ba78bf3c9eafe4e6ae09f9301400425ee20a14fdb8b046f15c4b7c630fd1562198f5abcabce4428a4242bef325d59ff343d5b8f7dc7f450b8eee6186b847bf290b5a480849f347fe746245fbdb801010120d80a15aa6549b91fbe0d75f73ddd2284a8efb1514e00d51edc61990813d3a545010200010201400114c1e423ec114fe99e85346dd2867eab0c71e9afa10001fe1c4001143ed325cf1210ee3bb1565fb6d0fd3036faf2892500010000012092a2b2a8b6fd994d6139c43d08d639a8d476aebe71c98be0e55d8aaed3204de701f82aad41ef22dd1300014630440220a3e13b987f6622f551dc714af06de8be7ed7697e96d8fa5255cedef659a76e200220892277ddfca42dcdd714f5d8a06b07354dfa88d9d6da3e5308bb754dc70f4a1601400425ee20a14fdb8b046f15c4b7c630fd1562198f5abcabce4428a4242bef325d59ff343d5b8f7dc7f450b8eee6186b847bf290b5a480849f347fe746245fbdb801010120bb47137431b2d5f78609f84f6ce979da8883e2de4b974ff1332ec28e7432b3d600010201fe08400114c1e423ec114fe99e85346dd2867eab0c71e9afa10001fe1c4001143ed325cf1210ee3bb1565fb6d0fd3036faf28925000100000120b3f1352ff3f9d8c0f387d0653b6021c504630bf09666f474b1e44bafaa2be07101f82aad41ef2c4d6c780301020100010101fe244001143ed325cf1210ee3bb1565fb6d0fd3036faf289250001000001200000271a5a8a0b8365662b154764401349e720d0422acd8db38e8c770415ffb901200000c093048972ddcebc8da2b0f7c8757d188dc401f4fb8c97e060038bbcfc8101fd01df08010400'),('66','00002c8aa7f87a8ae4c6aca52666c2afe5e1e7e1e39c2f05e16db6672fb1127c'),('6c','00004272647c541c005064263c659c9c602284af4443e5673a237228d3414293');

/*!40000 ALTER TABLE blocks ENABLE KEYS */;
UNLOCK TABLES;

--
-- Table structure for table nodes
--

DROP TABLE IF EXISTS nodes;
/*!40101 SET @saved_cs_client     = @@character_set_client */;
/*!40101 SET character_set_client = utf8 */;
CREATE TABLE `nodes` (
  `k` varbinary(100) NOT NULL,
  `v` varbinary(200) DEFAULT NULL,
  PRIMARY KEY (`k`)
) ENGINE=InnoDB DEFAULT CHARSET=latin1;
/*!40101 SET character_set_client = @saved_cs_client */;
--
-- Dumping data for table nodes
--

LOCK TABLES nodes WRITE;
/*!40000 ALTER TABLE nodes DISABLE KEYS */;

INSERT INTO nodes VALUES ('3132372e302e302e313a3330303030','3132372e302e302e313a3330303030'),('3132372e302e302e313a3330303035','3132372e302e302e313a3330303035'),('6c6f63616c686f73743a3330303030','6c6f63616c686f73743a3330303030');

/*!40000 ALTER TABLE nodes ENABLE KEYS */;
UNLOCK TABLES;

--
-- Table structure for table rowstotransactions
--

DROP TABLE IF EXISTS rowstotransactions;
/*!40101 SET @saved_cs_client     = @@character_set_client */;
/*!40101 SET character_set_client = utf8 */;
CREATE TABLE `rowstotransactions` (
  `k` varbinary(100) NOT NULL,
  `v` varbinary(100) DEFAULT NULL,
  PRIMARY KEY (`k`)
) ENGINE=InnoDB DEFAULT CHARSET=latin1;
/*!40101 SET character_set_client = @saved_cs_client */;
--
-- Dumping data for table rowstotransactions
--

LOCK TABLES rowstotransactions WRITE;
/*!40000 ALTER TABLE rowstotransactions DISABLE KEYS */;

/*!40000 ALTER TABLE rowstotransactions ENABLE KEYS */;
UNLOCK TABLES;

--
-- Table structure for table transactions
--

DROP TABLE IF EXISTS transactions;
/*!40101 SET @saved_cs_client     = @@character_set_client */;
/*!40101 SET character_set_client = utf8 */;
CREATE TABLE `transactions` (
  `k` varbinary(100) NOT NULL,
  `v` blob,
  PRIMARY KEY (`k`)
) ENGINE=InnoDB DEFAULT CHARSET=latin1;
/*!40101 SET character_set_client = @saved_cs_client */;
--
-- Dumping data for table transactions
--

LOCK TABLES transactions WRITE;
/*!40000 ALTER TABLE transactions DISABLE KEYS */;

INSERT INTO transactions VALUES ('034b9cb3b048b33e4a09e518e93faaf2eb54193f0a2833b2bb4cfe3a4151b4ad','0cff9b020102ff9c00010a000025ff9c00012000007f6a726da0028da4d484b127caa94ce397e6132cef604843cb8cedbde77b'),('05d992acf17b40ddcd45e39c4d543983dc3eba6fd8998f7e43660c7f7134c7ce','0cff9b020102ff9c00010a000025ff9c00012000008ec261273af20aeae3c4f14da8973d172855ceed06280ee5e398a6cc4ef4'),('077097cd52118b30e9645f0511737df9743886985a5e499705a27584ae5d6c33','0cff9b020102ff9c00010a000025ff9c00012000008ec261273af20aeae3c4f14da8973d172855ceed06280ee5e398a6cc4ef4'),('098c44d1ec5ad09fe4fee51239eab2d33e60283dab7eeaa09e2bff790df9d61c','0cff91020102ff9200010a000025ff92000120000009a6e803738984392515aeecceeb2753ac7773323aeeaea183991b887f24'),('130a09f6a0336f8ce716c297d797f69150e2f13d51be79b327a55b9a22f09f9a','0cff9b020102ff9c00010a000025ff9c00012000007f6a726da0028da4d484b127caa94ce397e6132cef604843cb8cedbde77b'),('158882c12867873df8756c56eb5df7beb737cbe8e9a1826322c5d4d69f805ed3','0cff91020102ff9200010a000025ff9200012000008070497ec3996dea4fc4279e98cb73ffca3f80052fb140558068722cce26'),('1b18f46871d9353ba550e3f5d3a5964de77671c1fe92b8b0dd9a6f9add0ec6cd','0cff9b020102ff9c00010a000025ff9c00012000004272647c541c005064263c659c9c602284af4443e5673a237228d3414293'),('1f68ecda086e9c55f363099f6d29a7a3237b5123f87acae50fe2ab840d2f9a2c','0cff91020102ff9200010a000025ff920001200000c093048972ddcebc8da2b0f7c8757d188dc401f4fb8c97e060038bbcfc81'),('250525a8e9bcdb58520b57c362eed320a69238dbe1d55bb7676535e39bd44bbf','0cff9b020102ff9c00010a000025ff9c00012000007f6a726da0028da4d484b127caa94ce397e6132cef604843cb8cedbde77b'),('2d865d522404503ca4a78050661cacbad7140d952d49ffa880cab7a96a1a8888','0cff91020102ff9200010a000025ff9200012000001916f3ea31b470bbd26c78cb8a523898d4f0e19a551a405b0f1424dcbe28'),('2e2a1e018ac465f1668b898ed7db07c4d22e50851195eb2cea3ff34b13690269','0cff9b020102ff9c00010a000025ff9c00012000004272647c541c005064263c659c9c602284af4443e5673a237228d3414293'),('35b8234e6d0789fe3e5754d61cca8d3126409fb742e380f1a4bcad3d462fef84','0cff9b020102ff9c00010a000025ff9c00012000008ec261273af20aeae3c4f14da8973d172855ceed06280ee5e398a6cc4ef4'),('509192f9ac0372a6a6b432503b6f52d068d89778c976a8dcdebba98db2cc3a79','0cff91020102ff9200010a000025ff9200012000001916f3ea31b470bbd26c78cb8a523898d4f0e19a551a405b0f1424dcbe28'),('5260c727c22b382fcdd2e7d6e92f73087fcfeb16474eef444361e228b2bf1695','0cff9b020102ff9c00010a000025ff9c00012000007f6a726da0028da4d484b127caa94ce397e6132cef604843cb8cedbde77b'),('5276ee1f391a0a39ac556df069b306bd2092ef06f355d1e34a49b587b609789a','0cff9b020102ff9c00010a000025ff9c00012000004272647c541c005064263c659c9c602284af4443e5673a237228d3414293'),('5540cdcd72d0e2a1a238cca8a6f65ab403a128966ee6f2e042f3473c447ff6bd','0cff91020102ff9200010a000025ff92000120000009a6e803738984392515aeecceeb2753ac7773323aeeaea183991b887f24'),('56d6f562d6ea01528326ba09d8df6b8814922cfb2911abcf554d90bb18c8e69b','0cff91020102ff9200010a000025ff92000120000009a6e803738984392515aeecceeb2753ac7773323aeeaea183991b887f24'),('5f91cf6d642a5db914d55f6e22b77eaf7a23485a53f32e0081043d7cc4abca9b','0cff9b020102ff9c00010a000025ff9c00012000008ec261273af20aeae3c4f14da8973d172855ceed06280ee5e398a6cc4ef4'),('70d421a8c036945971991ba287f281e26d1c68aa492586f34a6646bb0f396de9','0cff9b020102ff9c00010a000025ff9c00012000004272647c541c005064263c659c9c602284af4443e5673a237228d3414293'),('75318f390cb9d861a28b9cc3ca51efc36e406048145a43935a109e9e5dfdff61','0cff9b020102ff9c00010a000025ff9c00012000008ec261273af20aeae3c4f14da8973d172855ceed06280ee5e398a6cc4ef4'),('7c93d70a55203a8fada935c8c9b32814ebeb894a79f239edd9e72f542151a096','0cff9b020102ff9c00010a000025ff9c00012000004272647c541c005064263c659c9c602284af4443e5673a237228d3414293'),('8ce8e8855fccfc63175eb192cf0f416ad9a2bb3b530a1dc27bc475b2c1a0aa83','0cff9b020102ff9c00010a000025ff9c00012000007f6a726da0028da4d484b127caa94ce397e6132cef604843cb8cedbde77b'),('8edbc576e8f9fc2d48513c4ed8a1663cfdbf70351ae6c1882a9e18544f5a3b0c','0cff91020102ff9200010a000025ff9200012000008070497ec3996dea4fc4279e98cb73ffca3f80052fb140558068722cce26'),('92a2b2a8b6fd994d6139c43d08d639a8d476aebe71c98be0e55d8aaed3204de7','0cff91020102ff9200010a000025ff920001200000c093048972ddcebc8da2b0f7c8757d188dc401f4fb8c97e060038bbcfc81'),('9cce81a407f322073c646b2fed161a2eeef74f9f4d2ec76317172fcf25bbea78','0cff9b020102ff9c00010a000025ff9c00012000008ec261273af20aeae3c4f14da8973d172855ceed06280ee5e398a6cc4ef4'),('9e1d58463d32e99767b73b72448cdf10d4eeab34be0e60f2fd3f98d990e8f535','0cff9b020102ff9c00010a000025ff9c00012000007f6a726da0028da4d484b127caa94ce397e6132cef604843cb8cedbde77b'),('aac29d91b9f3243398925d57f84c1731b53f78e7604a9d6809eef37aaacf7aa7','0cff9b020102ff9c00010a000025ff9c00012000007f6a726da0028da4d484b127caa94ce397e6132cef604843cb8cedbde77b'),('af0462e8f9cd6c3e51f103709a7bfae08a8ca2c7753ac5b6166d757a88d92f69','0cff91020102ff9200010a000025ff9200012000008070497ec3996dea4fc4279e98cb73ffca3f80052fb140558068722cce26'),('b3f1352ff3f9d8c0f387d0653b6021c504630bf09666f474b1e44bafaa2be071','0cff91020102ff9200010a000025ff920001200000c093048972ddcebc8da2b0f7c8757d188dc401f4fb8c97e060038bbcfc81'),('b6cb33039c023747e460802e22eca81e735e97dab636a1ac79a55863f1130ebb','0cff9b020102ff9c00010a000025ff9c00012000004272647c541c005064263c659c9c602284af4443e5673a237228d3414293'),('b9eb0fb26db3863854a64a2c3f5fe5b26c0e218061b78ec7685ca8b19c4a33e6','0cff91020102ff9200010a000025ff9200012000008070497ec3996dea4fc4279e98cb73ffca3f80052fb140558068722cce26'),('bb47137431b2d5f78609f84f6ce979da8883e2de4b974ff1332ec28e7432b3d6','0cff91020102ff9200010a000025ff920001200000271a5a8a0b8365662b154764401349e720d0422acd8db38e8c770415ffb9'),('be287c473b08376e10dcb4bdeeec2b1156fa251d6793f0719b1cddbc46aa339c','0cff9b020102ff9c00010a000025ff9c00012000004272647c541c005064263c659c9c602284af4443e5673a237228d3414293'),('c502a935031d634892c74cfdd06379147d35621d0a2d7383725858b5cc9ea8fd','0cff9b020102ff9c00010a000025ff9c00012000007f6a726da0028da4d484b127caa94ce397e6132cef604843cb8cedbde77b'),('c77b14148916b0c0fe96f955d1269bf73e2a783b7d2325f55c91754866a4b9cf','0cff9b020102ff9c00010a000025ff9c00012000008ec261273af20aeae3c4f14da8973d172855ceed06280ee5e398a6cc4ef4'),('d0db2978ac91f8c557ea02bffe5efc70cba46f5352b8706f5552a84a90072bd1','0cff91020102ff9200010a000025ff9200012000002c8aa7f87a8ae4c6aca52666c2afe5e1e7e1e39c2f05e16db6672fb1127c'),('d30d269101546cc0e4088d8cd49e0210dd6d5688de86244ac48abb64f4789616','0cff9b020102ff9c00010a000025ff9c00012000004272647c541c005064263c659c9c602284af4443e5673a237228d3414293'),('d6349379b76284f1e18bb13922b4c4e689667723b183ed1488015152d8424c91','0cff91020102ff9200010a000025ff9200012000008070497ec3996dea4fc4279e98cb73ffca3f80052fb140558068722cce26'),('d6ac70d7b9b2d01342704206a3d6b43e356c9af6310520ef24382d0bf18e5285','0cff91020102ff9200010a000025ff9200012000001916f3ea31b470bbd26c78cb8a523898d4f0e19a551a405b0f1424dcbe28'),('d7c1d1d1ed861dde6fb1f8d3b00637b1ff8f4a5e20fa7eb20b104efc04ea19cf','0cff91020102ff9200010a000025ff92000120000009a6e803738984392515aeecceeb2753ac7773323aeeaea183991b887f24'),('d80a15aa6549b91fbe0d75f73ddd2284a8efb1514e00d51edc61990813d3a545','0cff91020102ff9200010a000025ff920001200000271a5a8a0b8365662b154764401349e720d0422acd8db38e8c770415ffb9'),('d987b62f365a2dcab789741534437abef84ec79120438a2bbe11f2a082fce3c8','0cff91020102ff9200010a000025ff9200012000001916f3ea31b470bbd26c78cb8a523898d4f0e19a551a405b0f1424dcbe28'),('ddcce00a04423ce7aca03ca772203d8ba56c4e5c3f014c8ce1ebb39c0f493195','0cff9b020102ff9c00010a000025ff9c00012000004272647c541c005064263c659c9c602284af4443e5673a237228d3414293'),('fc52dbbfb331073410ec74bb1ab30b308d198b4b449a047cf1fbb76798a75784','0cff91020102ff9200010a000025ff9200012000001916f3ea31b470bbd26c78cb8a523898d4f0e19a551a405b0f1424dcbe28'),('ff15e84416d7b790cb1d97c43abbdd05e4400fbaadebb19535a1ad442c7a4d7f','0cff91020102ff9200010a000025ff9200012000008070497ec3996dea4fc4279e98cb73ffca3f80052fb140558068722cce26');

/*!40000 ALTER TABLE transactions ENABLE KEYS */;
UNLOCK TABLES;

--
-- Table structure for table transactionsoutputs
--

DROP TABLE IF EXISTS transactionsoutputs;
/*!40101 SET @saved_cs_client     = @@character_set_client */;
/*!40101 SET character_set_client = utf8 */;
CREATE TABLE `transactionsoutputs` (
  `k` varbinary(100) NOT NULL,
  `v` blob,
  PRIMARY KEY (`k`)
) ENGINE=InnoDB DEFAULT CHARSET=latin1;
/*!40101 SET character_set_client = @saved_cs_client */;
--
-- Dumping data for table transactionsoutputs
--

LOCK TABLES transactionsoutputs WRITE;
/*!40000 ALTER TABLE transactionsoutputs DISABLE KEYS */;

INSERT INTO transactionsoutputs VALUES ('034b9cb3b048b33e4a09e518e93faaf2eb54193f0a2833b2bb4cfe3a4151b4ad','0dff9f020102ffa00001ff9e00005eff9d0301011d5472616e73616374696f6e73496e6465785370656e744f75747075747301ff9e00010401064f7574496e64010400010b5458576865726555736564010a000105496e496e640104000109426c6f636b48617368010a0000004bffa00001010201205260c727c22b382fcdd2e7d6e92f73087fcfeb16474eef444361e228b2bf1695022000007f6a726da0028da4d484b127caa94ce397e6132cef604843cb8cedbde77b00'),('05d992acf17b40ddcd45e39c4d543983dc3eba6fd8998f7e43660c7f7134c7ce','0dff9f020102ffa00001ff9e00005eff9d0301011d5472616e73616374696f6e73496e6465785370656e744f75747075747301ff9e00010401064f7574496e64010400010b5458576865726555736564010a000105496e496e640104000109426c6f636b48617368010a0000004bffa0000101020120077097cd52118b30e9645f0511737df9743886985a5e499705a27584ae5d6c33022000008ec261273af20aeae3c4f14da8973d172855ceed06280ee5e398a6cc4ef400'),('077097cd52118b30e9645f0511737df9743886985a5e499705a27584ae5d6c33','0dff9f020102ffa00001ff9e00005eff9d0301011d5472616e73616374696f6e73496e6465785370656e744f75747075747301ff9e00010401064f7574496e64010400010b5458576865726555736564010a000105496e496e640104000109426c6f636b48617368010a0000004bffa000010102012075318f390cb9d861a28b9cc3ca51efc36e406048145a43935a109e9e5dfdff61022000008ec261273af20aeae3c4f14da8973d172855ceed06280ee5e398a6cc4ef400'),('098c44d1ec5ad09fe4fee51239eab2d33e60283dab7eeaa09e2bff790df9d61c','0dff99020102ff9a0001ff9800005eff970301011d5472616e73616374696f6e73496e6465785370656e744f75747075747301ff9800010401064f7574496e64010400010b5458576865726555736564010a000105496e496e640104000109426c6f636b48617368010a000000ff90ff9a00020220d6ac70d7b9b2d01342704206a3d6b43e356c9af6310520ef24382d0bf18e5285022000001916f3ea31b470bbd26c78cb8a523898d4f0e19a551a405b0f1424dcbe280001020120509192f9ac0372a6a6b432503b6f52d068d89778c976a8dcdebba98db2cc3a79022000001916f3ea31b470bbd26c78cb8a523898d4f0e19a551a405b0f1424dcbe2800'),('130a09f6a0336f8ce716c297d797f69150e2f13d51be79b327a55b9a22f09f9a','0dff9f020102ffa00001ff9e00005eff9d0301011d5472616e73616374696f6e73496e6465785370656e744f75747075747301ff9e00010401064f7574496e64010400010b5458576865726555736564010a000105496e496e640104000109426c6f636b48617368010a0000004bffa00001010201209e1d58463d32e99767b73b72448cdf10d4eeab34be0e60f2fd3f98d990e8f535022000007f6a726da0028da4d484b127caa94ce397e6132cef604843cb8cedbde77b00'),('158882c12867873df8756c56eb5df7beb737cbe8e9a1826322c5d4d69f805ed3','0dff9f020102ffa00001ff9e00005eff9d0301011d5472616e73616374696f6e73496e6465785370656e744f75747075747301ff9e00010401064f7574496e64010400010b5458576865726555736564010a000105496e496e640104000109426c6f636b48617368010a0000004dffa0000101020120c77b14148916b0c0fe96f955d1269bf73e2a783b7d2325f55c91754866a4b9cf0104012000008ec261273af20aeae3c4f14da8973d172855ceed06280ee5e398a6cc4ef400'),('1b18f46871d9353ba550e3f5d3a5964de77671c1fe92b8b0dd9a6f9add0ec6cd','0dff9f020102ffa00001ff9e00005eff9d0301011d5472616e73616374696f6e73496e6465785370656e744f75747075747301ff9e00010401064f7574496e64010400010b5458576865726555736564010a000105496e496e640104000109426c6f636b48617368010a0000004bffa00001010201207c93d70a55203a8fada935c8c9b32814ebeb894a79f239edd9e72f542151a096022000004272647c541c005064263c659c9c602284af4443e5673a237228d341429300'),('1f68ecda086e9c55f363099f6d29a7a3237b5123f87acae50fe2ab840d2f9a2c','0dff99020102ff9a0001ff9800005eff970301011d5472616e73616374696f6e73496e6465785370656e744f75747075747301ff9800010401064f7574496e64010400010b5458576865726555736564010a000105496e496e640104000109426c6f636b48617368010a000000ff90ff9a0002010201205540cdcd72d0e2a1a238cca8a6f65ab403a128966ee6f2e042f3473c447ff6bd0220000009a6e803738984392515aeecceeb2753ac7773323aeeaea183991b887f24000220098c44d1ec5ad09fe4fee51239eab2d33e60283dab7eeaa09e2bff790df9d61c0220000009a6e803738984392515aeecceeb2753ac7773323aeeaea183991b887f2400'),('250525a8e9bcdb58520b57c362eed320a69238dbe1d55bb7676535e39bd44bbf','0dff9f020102ffa00001ff9e00005eff9d0301011d5472616e73616374696f6e73496e6465785370656e744f75747075747301ff9e00010401064f7574496e64010400010b5458576865726555736564010a000105496e496e640104000109426c6f636b48617368010a0000004bffa0000101020120034b9cb3b048b33e4a09e518e93faaf2eb54193f0a2833b2bb4cfe3a4151b4ad022000007f6a726da0028da4d484b127caa94ce397e6132cef604843cb8cedbde77b00'),('2d865d522404503ca4a78050661cacbad7140d952d49ffa880cab7a96a1a8888','0dff99020102ff9a0001ff9800005eff970301011d5472616e73616374696f6e73496e6465785370656e744f75747075747301ff9800010401064f7574496e64010400010b5458576865726555736564010a000105496e496e640104000109426c6f636b48617368010a000000ff92ff9a000201020120af0462e8f9cd6c3e51f103709a7bfae08a8ca2c7753ac5b6166d757a88d92f69022000008070497ec3996dea4fc4279e98cb73ffca3f80052fb140558068722cce26000220d6349379b76284f1e18bb13922b4c4e689667723b183ed1488015152d8424c910102012000008070497ec3996dea4fc4279e98cb73ffca3f80052fb140558068722cce2600'),('2e2a1e018ac465f1668b898ed7db07c4d22e50851195eb2cea3ff34b13690269','0dff9f020102ffa00001ff9e00005eff9d0301011d5472616e73616374696f6e73496e6465785370656e744f75747075747301ff9e00010401064f7574496e64010400010b5458576865726555736564010a000105496e496e640104000109426c6f636b48617368010a0000004bffa00001010201201b18f46871d9353ba550e3f5d3a5964de77671c1fe92b8b0dd9a6f9add0ec6cd022000004272647c541c005064263c659c9c602284af4443e5673a237228d341429300'),('35b8234e6d0789fe3e5754d61cca8d3126409fb742e380f1a4bcad3d462fef84','0dff9f020102ffa00001ff9e00005eff9d0301011d5472616e73616374696f6e73496e6465785370656e744f75747075747301ff9e00010401064f7574496e64010400010b5458576865726555736564010a000105496e496e640104000109426c6f636b48617368010a00000049ffa000010220130a09f6a0336f8ce716c297d797f69150e2f13d51be79b327a55b9a22f09f9a022000007f6a726da0028da4d484b127caa94ce397e6132cef604843cb8cedbde77b00'),('509192f9ac0372a6a6b432503b6f52d068d89778c976a8dcdebba98db2cc3a79','0dff99020102ff9a0001ff9800005eff970301011d5472616e73616374696f6e73496e6465785370656e744f75747075747301ff9800010401064f7574496e64010400010b5458576865726555736564010a000105496e496e640104000109426c6f636b48617368010a000000ff90ff9a000201020120158882c12867873df8756c56eb5df7beb737cbe8e9a1826322c5d4d69f805ed3022000008070497ec3996dea4fc4279e98cb73ffca3f80052fb140558068722cce26000220b9eb0fb26db3863854a64a2c3f5fe5b26c0e218061b78ec7685ca8b19c4a33e6022000008070497ec3996dea4fc4279e98cb73ffca3f80052fb140558068722cce2600'),('5260c727c22b382fcdd2e7d6e92f73087fcfeb16474eef444361e228b2bf1695','0dff9f020102ffa00001ff9e00005eff9d0301011d5472616e73616374696f6e73496e6465785370656e744f75747075747301ff9e00010401064f7574496e64010400010b5458576865726555736564010a000105496e496e640104000109426c6f636b48617368010a0000004bffa00001010201202e2a1e018ac465f1668b898ed7db07c4d22e50851195eb2cea3ff34b13690269022000004272647c541c005064263c659c9c602284af4443e5673a237228d341429300'),('5276ee1f391a0a39ac556df069b306bd2092ef06f355d1e34a49b587b609789a','0dff9f020102ffa00001ff9e00005eff9d0301011d5472616e73616374696f6e73496e6465785370656e744f75747075747301ff9e00010401064f7574496e64010400010b5458576865726555736564010a000105496e496e640104000109426c6f636b48617368010a0000004bffa000010102012070d421a8c036945971991ba287f281e26d1c68aa492586f34a6646bb0f396de9022000004272647c541c005064263c659c9c602284af4443e5673a237228d341429300'),('5540cdcd72d0e2a1a238cca8a6f65ab403a128966ee6f2e042f3473c447ff6bd','0dff99020102ff9a0001ff9800005eff970301011d5472616e73616374696f6e73496e6465785370656e744f75747075747301ff9800010401064f7574496e64010400010b5458576865726555736564010a000105496e496e640104000109426c6f636b48617368010a00000049ff9a000102202d865d522404503ca4a78050661cacbad7140d952d49ffa880cab7a96a1a8888022000001916f3ea31b470bbd26c78cb8a523898d4f0e19a551a405b0f1424dcbe2800'),('56d6f562d6ea01528326ba09d8df6b8814922cfb2911abcf554d90bb18c8e69b','0dff99020102ff9a0001ff9800005eff970301011d5472616e73616374696f6e73496e6465785370656e744f75747075747301ff9800010401064f7574496e64010400010b5458576865726555736564010a000105496e496e640104000109426c6f636b48617368010a00000049ff9a00010220d987b62f365a2dcab789741534437abef84ec79120438a2bbe11f2a082fce3c8022000001916f3ea31b470bbd26c78cb8a523898d4f0e19a551a405b0f1424dcbe2800'),('5f91cf6d642a5db914d55f6e22b77eaf7a23485a53f32e0081043d7cc4abca9b','0dff9f020102ffa00001ff9e00005eff9d0301011d5472616e73616374696f6e73496e6465785370656e744f75747075747301ff9e00010401064f7574496e64010400010b5458576865726555736564010a000105496e496e640104000109426c6f636b48617368010a0000004bffa000010102012005d992acf17b40ddcd45e39c4d543983dc3eba6fd8998f7e43660c7f7134c7ce022000008ec261273af20aeae3c4f14da8973d172855ceed06280ee5e398a6cc4ef400'),('70d421a8c036945971991ba287f281e26d1c68aa492586f34a6646bb0f396de9','0dff9f020102ffa00001ff9e00005eff9d0301011d5472616e73616374696f6e73496e6465785370656e744f75747075747301ff9e00010401064f7574496e64010400010b5458576865726555736564010a000105496e496e640104000109426c6f636b48617368010a0000004bffa0000101020120be287c473b08376e10dcb4bdeeec2b1156fa251d6793f0719b1cddbc46aa339c022000004272647c541c005064263c659c9c602284af4443e5673a237228d341429300'),('75318f390cb9d861a28b9cc3ca51efc36e406048145a43935a109e9e5dfdff61','0dff9f020102ffa00001ff9e00005eff9d0301011d5472616e73616374696f6e73496e6465785370656e744f75747075747301ff9e00010401064f7574496e64010400010b5458576865726555736564010a000105496e496e640104000109426c6f636b48617368010a0000004bffa00001010201209cce81a407f322073c646b2fed161a2eeef74f9f4d2ec76317172fcf25bbea78022000008ec261273af20aeae3c4f14da8973d172855ceed06280ee5e398a6cc4ef400'),('7c93d70a55203a8fada935c8c9b32814ebeb894a79f239edd9e72f542151a096','0dff9f020102ffa00001ff9e00005eff9d0301011d5472616e73616374696f6e73496e6465785370656e744f75747075747301ff9e00010401064f7574496e64010400010b5458576865726555736564010a000105496e496e640104000109426c6f636b48617368010a0000004dffa0000101020120be287c473b08376e10dcb4bdeeec2b1156fa251d6793f0719b1cddbc46aa339c0102012000004272647c541c005064263c659c9c602284af4443e5673a237228d341429300'),('8ce8e8855fccfc63175eb192cf0f416ad9a2bb3b530a1dc27bc475b2c1a0aa83','0dff9f020102ffa00001ff9e00005eff9d0301011d5472616e73616374696f6e73496e6465785370656e744f75747075747301ff9e00010401064f7574496e64010400010b5458576865726555736564010a000105496e496e640104000109426c6f636b48617368010a00000049ffa000010220b6cb33039c023747e460802e22eca81e735e97dab636a1ac79a55863f1130ebb022000004272647c541c005064263c659c9c602284af4443e5673a237228d341429300'),('92a2b2a8b6fd994d6139c43d08d639a8d476aebe71c98be0e55d8aaed3204de7','0dff9f020102ffa00001ff9e00005eff9d0301011d5472616e73616374696f6e73496e6465785370656e744f75747075747301ff9e00010401064f7574496e64010400010b5458576865726555736564010a000105496e496e640104000109426c6f636b48617368010a00000049ffa0000102205f91cf6d642a5db914d55f6e22b77eaf7a23485a53f32e0081043d7cc4abca9b022000008ec261273af20aeae3c4f14da8973d172855ceed06280ee5e398a6cc4ef400'),('9cce81a407f322073c646b2fed161a2eeef74f9f4d2ec76317172fcf25bbea78','0dff9f020102ffa00001ff9e00005eff9d0301011d5472616e73616374696f6e73496e6465785370656e744f75747075747301ff9e00010401064f7574496e64010400010b5458576865726555736564010a000105496e496e640104000109426c6f636b48617368010a0000004bffa0000101020120aac29d91b9f3243398925d57f84c1731b53f78e7604a9d6809eef37aaacf7aa7022000007f6a726da0028da4d484b127caa94ce397e6132cef604843cb8cedbde77b00'),('9e1d58463d32e99767b73b72448cdf10d4eeab34be0e60f2fd3f98d990e8f535','0dff9f020102ffa00001ff9e00005eff9d0301011d5472616e73616374696f6e73496e6465785370656e744f75747075747301ff9e00010401064f7574496e64010400010b5458576865726555736564010a000105496e496e640104000109426c6f636b48617368010a0000004bffa0000101020120c502a935031d634892c74cfdd06379147d35621d0a2d7383725858b5cc9ea8fd022000007f6a726da0028da4d484b127caa94ce397e6132cef604843cb8cedbde77b00'),('aac29d91b9f3243398925d57f84c1731b53f78e7604a9d6809eef37aaacf7aa7','0dff9f020102ffa00001ff9e00005eff9d0301011d5472616e73616374696f6e73496e6465785370656e744f75747075747301ff9e00010401064f7574496e64010400010b5458576865726555736564010a000105496e496e640104000109426c6f636b48617368010a0000004bffa00001010201205276ee1f391a0a39ac556df069b306bd2092ef06f355d1e34a49b587b609789a022000004272647c541c005064263c659c9c602284af4443e5673a237228d341429300'),('af0462e8f9cd6c3e51f103709a7bfae08a8ca2c7753ac5b6166d757a88d92f69','0dff9f020102ffa00001ff9e00005eff9d0301011d5472616e73616374696f6e73496e6465785370656e744f75747075747301ff9e00010401064f7574496e64010400010b5458576865726555736564010a000105496e496e640104000109426c6f636b48617368010a0000004bffa000010220c77b14148916b0c0fe96f955d1269bf73e2a783b7d2325f55c91754866a4b9cf0102012000008ec261273af20aeae3c4f14da8973d172855ceed06280ee5e398a6cc4ef400'),('b6cb33039c023747e460802e22eca81e735e97dab636a1ac79a55863f1130ebb','0dff9f020102ffa00001ff9e00005eff9d0301011d5472616e73616374696f6e73496e6465785370656e744f75747075747301ff9e00010401064f7574496e64010400010b5458576865726555736564010a000105496e496e640104000109426c6f636b48617368010a0000004bffa0000101020120d30d269101546cc0e4088d8cd49e0210dd6d5688de86244ac48abb64f4789616022000004272647c541c005064263c659c9c602284af4443e5673a237228d341429300'),('bb47137431b2d5f78609f84f6ce979da8883e2de4b974ff1332ec28e7432b3d6','0dff99020102ff9a0001ff9800005eff970301011d5472616e73616374696f6e73496e6465785370656e744f75747075747301ff9800010401064f7574496e64010400010b5458576865726555736564010a000105496e496e640104000109426c6f636b48617368010a00000049ff9a0001022092a2b2a8b6fd994d6139c43d08d639a8d476aebe71c98be0e55d8aaed3204de702200000c093048972ddcebc8da2b0f7c8757d188dc401f4fb8c97e060038bbcfc8100'),('c502a935031d634892c74cfdd06379147d35621d0a2d7383725858b5cc9ea8fd','0dff9f020102ffa00001ff9e00005eff9d0301011d5472616e73616374696f6e73496e6465785370656e744f75747075747301ff9e00010401064f7574496e64010400010b5458576865726555736564010a000105496e496e640104000109426c6f636b48617368010a0000004bffa0000101020120250525a8e9bcdb58520b57c362eed320a69238dbe1d55bb7676535e39bd44bbf022000007f6a726da0028da4d484b127caa94ce397e6132cef604843cb8cedbde77b00'),('c77b14148916b0c0fe96f955d1269bf73e2a783b7d2325f55c91754866a4b9cf','0dff9f020102ffa00001ff9e00005eff9d0301011d5472616e73616374696f6e73496e6465785370656e744f75747075747301ff9e00010401064f7574496e64010400010b5458576865726555736564010a000105496e496e640104000109426c6f636b48617368010a0000004dffa0000101020120aac29d91b9f3243398925d57f84c1731b53f78e7604a9d6809eef37aaacf7aa70102012000007f6a726da0028da4d484b127caa94ce397e6132cef604843cb8cedbde77b00'),('d0db2978ac91f8c557ea02bffe5efc70cba46f5352b8706f5552a84a90072bd1','0dff99020102ff9a0001ff9800005eff970301011d5472616e73616374696f6e73496e6465785370656e744f75747075747301ff9800010401064f7574496e64010400010b5458576865726555736564010a000105496e496e640104000109426c6f636b48617368010a00000049ff9a00010220d80a15aa6549b91fbe0d75f73ddd2284a8efb1514e00d51edc61990813d3a54502200000271a5a8a0b8365662b154764401349e720d0422acd8db38e8c770415ffb900'),('d6349379b76284f1e18bb13922b4c4e689667723b183ed1488015152d8424c91','0dff9f020102ffa00001ff9e00005eff9d0301011d5472616e73616374696f6e73496e6465785370656e744f75747075747301ff9e00010401064f7574496e64010400010b5458576865726555736564010a000105496e496e640104000109426c6f636b48617368010a0000004bffa0000101020120c77b14148916b0c0fe96f955d1269bf73e2a783b7d2325f55c91754866a4b9cf022000008ec261273af20aeae3c4f14da8973d172855ceed06280ee5e398a6cc4ef400'),('d6ac70d7b9b2d01342704206a3d6b43e356c9af6310520ef24382d0bf18e5285','0dff99020102ff9a0001ff9800005eff970301011d5472616e73616374696f6e73496e6465785370656e744f75747075747301ff9800010401064f7574496e64010400010b5458576865726555736564010a000105496e496e640104000109426c6f636b48617368010a000000ff92ff9a000201020120ff15e84416d7b790cb1d97c43abbdd05e4400fbaadebb19535a1ad442c7a4d7f022000008070497ec3996dea4fc4279e98cb73ffca3f80052fb140558068722cce26000220af0462e8f9cd6c3e51f103709a7bfae08a8ca2c7753ac5b6166d757a88d92f690102012000008070497ec3996dea4fc4279e98cb73ffca3f80052fb140558068722cce2600'),('d80a15aa6549b91fbe0d75f73ddd2284a8efb1514e00d51edc61990813d3a545','0dff99020102ff9a0001ff9800005eff970301011d5472616e73616374696f6e73496e6465785370656e744f75747075747301ff9800010401064f7574496e64010400010b5458576865726555736564010a000105496e496e640104000109426c6f636b48617368010a000000ff90ff9a0002010201201f68ecda086e9c55f363099f6d29a7a3237b5123f87acae50fe2ab840d2f9a2c02200000c093048972ddcebc8da2b0f7c8757d188dc401f4fb8c97e060038bbcfc8100022056d6f562d6ea01528326ba09d8df6b8814922cfb2911abcf554d90bb18c8e69b0220000009a6e803738984392515aeecceeb2753ac7773323aeeaea183991b887f2400'),('d987b62f365a2dcab789741534437abef84ec79120438a2bbe11f2a082fce3c8','0dff99020102ff9a0001ff9800005eff970301011d5472616e73616374696f6e73496e6465785370656e744f75747075747301ff9800010401064f7574496e64010400010b5458576865726555736564010a000105496e496e640104000109426c6f636b48617368010a000000ff92ff9a00020220ff15e84416d7b790cb1d97c43abbdd05e4400fbaadebb19535a1ad442c7a4d7f0102012000008070497ec3996dea4fc4279e98cb73ffca3f80052fb140558068722cce260001020120d6349379b76284f1e18bb13922b4c4e689667723b183ed1488015152d8424c91022000008070497ec3996dea4fc4279e98cb73ffca3f80052fb140558068722cce2600');

/*!40000 ALTER TABLE transactionsoutputs ENABLE KEYS */;
UNLOCK TABLES;

--
-- Table structure for table unapprovedtransactions
--

DROP TABLE IF EXISTS unapprovedtransactions;
/*!40101 SET @saved_cs_client     = @@character_set_client */;
/*!40101 SET character_set_client = utf8 */;
CREATE TABLE `unapprovedtransactions` (
  `k` varbinary(100) NOT NULL,
  `v` longblob,
  PRIMARY KEY (`k`)
) ENGINE=InnoDB DEFAULT CHARSET=latin1;
/*!40101 SET character_set_client = @saved_cs_client */;
--
-- Dumping data for table unapprovedtransactions
--

LOCK TABLES unapprovedtransactions WRITE;
/*!40000 ALTER TABLE unapprovedtransactions DISABLE KEYS */;

/*!40000 ALTER TABLE unapprovedtransactions ENABLE KEYS */;
UNLOCK TABLES;

--
-- Table structure for table unspentoutputstransactions
--

DROP TABLE IF EXISTS unspentoutputstransactions;
/*!40101 SET @saved_cs_client     = @@character_set_client */;
/*!40101 SET character_set_client = utf8 */;
CREATE TABLE `unspentoutputstransactions` (
  `k` varbinary(100) NOT NULL,
  `v` longblob,
  PRIMARY KEY (`k`)
) ENGINE=InnoDB DEFAULT CHARSET=latin1;
/*!40101 SET character_set_client = @saved_cs_client */;
--
-- Dumping data for table unspentoutputstransactions
--

LOCK TABLES unspentoutputstransactions WRITE;
/*!40000 ALTER TABLE unspentoutputstransactions DISABLE KEYS */;

INSERT INTO unspentoutputstransactions VALUES ('034b9cb3b048b33e4a09e518e93faaf2eb54193f0a2833b2bb4cfe3a4151b4ad','0dffa3020102ffa40001ffa200007effa10301011354584f7574707574496e646570656e64656e7401ffa2000107010556616c7565010800010e446573745075624b657948617368010a00010e53656e645075624b657948617368010a00010454584944010a0001064f496e64657801040001064973426173650102000109426c6f636b48617368010a0000007fffa4000101f839454772f92fe33f0114a7ccfefa55dfa35db58f98776e8f416f362457480114c1e423ec114fe99e85346dd2867eab0c71e9afa10120034b9cb3b048b33e4a09e518e93faaf2eb54193f0a2833b2bb4cfe3a4151b4ad032000007f6a726da0028da4d484b127caa94ce397e6132cef604843cb8cedbde77b00'),('05d992acf17b40ddcd45e39c4d543983dc3eba6fd8998f7e43660c7f7134c7ce','0dffa3020102ffa40001ffa200007effa10301011354584f7574707574496e646570656e64656e7401ffa2000107010556616c7565010800010e446573745075624b657948617368010a00010e53656e645075624b657948617368010a00010454584944010a0001064f496e64657801040001064973426173650102000109426c6f636b48617368010a0000007fffa4000101f8c8ec0b6cbedfdf3f011469bdb0d5e324a40dbc5357b52f2a67c8006d30890114c1e423ec114fe99e85346dd2867eab0c71e9afa1012005d992acf17b40ddcd45e39c4d543983dc3eba6fd8998f7e43660c7f7134c7ce032000008ec261273af20aeae3c4f14da8973d172855ceed06280ee5e398a6cc4ef400'),('077097cd52118b30e9645f0511737df9743886985a5e499705a27584ae5d6c33','0dffa3020102ffa40001ffa200007effa10301011354584f7574707574496e646570656e64656e7401ffa2000107010556616c7565010800010e446573745075624b657948617368010a00010e53656e645075624b657948617368010a00010454584944010a0001064f496e64657801040001064973426173650102000109426c6f636b48617368010a0000007fffa4000101f8c8ec0b6cbedfdf3f01149b12b8dd7edff77abca59b847d3ba69916a7b88e0114c1e423ec114fe99e85346dd2867eab0c71e9afa10120077097cd52118b30e9645f0511737df9743886985a5e499705a27584ae5d6c33032000008ec261273af20aeae3c4f14da8973d172855ceed06280ee5e398a6cc4ef400'),('130a09f6a0336f8ce716c297d797f69150e2f13d51be79b327a55b9a22f09f9a','0dffa3020102ffa40001ffa200007effa10301011354584f7574707574496e646570656e64656e7401ffa2000107010556616c7565010800010e446573745075624b657948617368010a00010e53656e645075624b657948617368010a00010454584944010a0001064f496e64657801040001064973426173650102000109426c6f636b48617368010a0000007fffa4000101f839454772f92fe33f0114a7ccfefa55dfa35db58f98776e8f416f362457480114c1e423ec114fe99e85346dd2867eab0c71e9afa10120130a09f6a0336f8ce716c297d797f69150e2f13d51be79b327a55b9a22f09f9a032000007f6a726da0028da4d484b127caa94ce397e6132cef604843cb8cedbde77b00'),('158882c12867873df8756c56eb5df7beb737cbe8e9a1826322c5d4d69f805ed3','0dffa3020102ffa40001ffa200007effa10301011354584f7574707574496e646570656e64656e7401ffa2000107010556616c7565010800010e446573745075624b657948617368010a00010e53656e645075624b657948617368010a00010454584944010a0001064f496e64657801040001064973426173650102000109426c6f636b48617368010a0000007fffa4000101f8dac812290f03843f01143ed325cf1210ee3bb1565fb6d0fd3036faf289250114c1e423ec114fe99e85346dd2867eab0c71e9afa10120158882c12867873df8756c56eb5df7beb737cbe8e9a1826322c5d4d69f805ed3032000008070497ec3996dea4fc4279e98cb73ffca3f80052fb140558068722cce2600'),('1b18f46871d9353ba550e3f5d3a5964de77671c1fe92b8b0dd9a6f9add0ec6cd','0dffa3020102ffa40001ffa200007effa10301011354584f7574707574496e646570656e64656e7401ffa2000107010556616c7565010800010e446573745075624b657948617368010a00010e53656e645075624b657948617368010a00010454584944010a0001064f496e64657801040001064973426173650102000109426c6f636b48617368010a0000007fffa4000101f839454772f92fe33f0114668ec43de7ff4fffa0c6e6ba19b36fbe73d1fc190114c1e423ec114fe99e85346dd2867eab0c71e9afa101201b18f46871d9353ba550e3f5d3a5964de77671c1fe92b8b0dd9a6f9add0ec6cd032000004272647c541c005064263c659c9c602284af4443e5673a237228d341429300'),('250525a8e9bcdb58520b57c362eed320a69238dbe1d55bb7676535e39bd44bbf','0dffa3020102ffa40001ffa200007effa10301011354584f7574707574496e646570656e64656e7401ffa2000107010556616c7565010800010e446573745075624b657948617368010a00010e53656e645075624b657948617368010a00010454584944010a0001064f496e64657801040001064973426173650102000109426c6f636b48617368010a0000007fffa4000101f839454772f92fe33f0114a7ccfefa55dfa35db58f98776e8f416f362457480114c1e423ec114fe99e85346dd2867eab0c71e9afa10120250525a8e9bcdb58520b57c362eed320a69238dbe1d55bb7676535e39bd44bbf032000007f6a726da0028da4d484b127caa94ce397e6132cef604843cb8cedbde77b00'),('2e2a1e018ac465f1668b898ed7db07c4d22e50851195eb2cea3ff34b13690269','0dffa3020102ffa40001ffa200007effa10301011354584f7574707574496e646570656e64656e7401ffa2000107010556616c7565010800010e446573745075624b657948617368010a00010e53656e645075624b657948617368010a00010454584944010a0001064f496e64657801040001064973426173650102000109426c6f636b48617368010a0000007fffa4000101f839454772f92fe33f0114668ec43de7ff4fffa0c6e6ba19b36fbe73d1fc190114c1e423ec114fe99e85346dd2867eab0c71e9afa101202e2a1e018ac465f1668b898ed7db07c4d22e50851195eb2cea3ff34b13690269032000004272647c541c005064263c659c9c602284af4443e5673a237228d341429300'),('5260c727c22b382fcdd2e7d6e92f73087fcfeb16474eef444361e228b2bf1695','0dffa3020102ffa40001ffa200007effa10301011354584f7574707574496e646570656e64656e7401ffa2000107010556616c7565010800010e446573745075624b657948617368010a00010e53656e645075624b657948617368010a00010454584944010a0001064f496e64657801040001064973426173650102000109426c6f636b48617368010a0000007fffa4000101f839454772f92fe33f0114a7ccfefa55dfa35db58f98776e8f416f362457480114c1e423ec114fe99e85346dd2867eab0c71e9afa101205260c727c22b382fcdd2e7d6e92f73087fcfeb16474eef444361e228b2bf1695032000007f6a726da0028da4d484b127caa94ce397e6132cef604843cb8cedbde77b00'),('5276ee1f391a0a39ac556df069b306bd2092ef06f355d1e34a49b587b609789a','0dffa3020102ffa40001ffa200007effa10301011354584f7574707574496e646570656e64656e7401ffa2000107010556616c7565010800010e446573745075624b657948617368010a00010e53656e645075624b657948617368010a00010454584944010a0001064f496e64657801040001064973426173650102000109426c6f636b48617368010a0000007fffa4000101f839454772f92fe33f0114668ec43de7ff4fffa0c6e6ba19b36fbe73d1fc190114c1e423ec114fe99e85346dd2867eab0c71e9afa101205276ee1f391a0a39ac556df069b306bd2092ef06f355d1e34a49b587b609789a032000004272647c541c005064263c659c9c602284af4443e5673a237228d341429300'),('5540cdcd72d0e2a1a238cca8a6f65ab403a128966ee6f2e042f3473c447ff6bd','0dff95020102ff960001ff9400007eff930301011354584f7574707574496e646570656e64656e7401ff94000107010556616c7565010800010e446573745075624b657948617368010a00010e53656e645075624b657948617368010a00010454584944010a0001064f496e64657801040001064973426173650102000109426c6f636b48617368010a000000ff81ff96000101f8f6285c8fc2f51b4001143ed325cf1210ee3bb1565fb6d0fd3036faf2892501143ed325cf1210ee3bb1565fb6d0fd3036faf2892501205540cdcd72d0e2a1a238cca8a6f65ab403a128966ee6f2e042f3473c447ff6bd01020220000009a6e803738984392515aeecceeb2753ac7773323aeeaea183991b887f2400'),('56d6f562d6ea01528326ba09d8df6b8814922cfb2911abcf554d90bb18c8e69b','0dff95020102ff960001ff9400007eff930301011354584f7574707574496e646570656e64656e7401ff94000107010556616c7565010800010e446573745075624b657948617368010a00010e53656e645075624b657948617368010a00010454584944010a0001064f496e64657801040001064973426173650102000109426c6f636b48617368010a000000ff81ff96000101f8ae47e17a14aeef3f0114a50eb1fd89981ba8e0da1dda03c9beba1234ca7f0114a50eb1fd89981ba8e0da1dda03c9beba1234ca7f012056d6f562d6ea01528326ba09d8df6b8814922cfb2911abcf554d90bb18c8e69b01020220000009a6e803738984392515aeecceeb2753ac7773323aeeaea183991b887f2400'),('5f91cf6d642a5db914d55f6e22b77eaf7a23485a53f32e0081043d7cc4abca9b','0dffa3020102ffa40001ffa200007effa10301011354584f7574707574496e646570656e64656e7401ffa2000107010556616c7565010800010e446573745075624b657948617368010a00010e53656e645075624b657948617368010a00010454584944010a0001064f496e64657801040001064973426173650102000109426c6f636b48617368010a0000007fffa4000101f8c8ec0b6cbedfdf3f0114cb77d8c3e1bc4b24bb4420c136d1c90c7a81d0dc0114c1e423ec114fe99e85346dd2867eab0c71e9afa101205f91cf6d642a5db914d55f6e22b77eaf7a23485a53f32e0081043d7cc4abca9b032000008ec261273af20aeae3c4f14da8973d172855ceed06280ee5e398a6cc4ef400'),('70d421a8c036945971991ba287f281e26d1c68aa492586f34a6646bb0f396de9','0dffa3020102ffa40001ffa200007effa10301011354584f7574707574496e646570656e64656e7401ffa2000107010556616c7565010800010e446573745075624b657948617368010a00010e53656e645075624b657948617368010a00010454584944010a0001064f496e64657801040001064973426173650102000109426c6f636b48617368010a0000007fffa4000101f839454772f92fe33f0114668ec43de7ff4fffa0c6e6ba19b36fbe73d1fc190114c1e423ec114fe99e85346dd2867eab0c71e9afa1012070d421a8c036945971991ba287f281e26d1c68aa492586f34a6646bb0f396de9032000004272647c541c005064263c659c9c602284af4443e5673a237228d341429300'),('75318f390cb9d861a28b9cc3ca51efc36e406048145a43935a109e9e5dfdff61','0dffa3020102ffa40001ffa200007effa10301011354584f7574707574496e646570656e64656e7401ffa2000107010556616c7565010800010e446573745075624b657948617368010a00010e53656e645075624b657948617368010a00010454584944010a0001064f496e64657801040001064973426173650102000109426c6f636b48617368010a0000007fffa4000101f8c8ec0b6cbedfdf3f0114cb77d8c3e1bc4b24bb4420c136d1c90c7a81d0dc0114c1e423ec114fe99e85346dd2867eab0c71e9afa1012075318f390cb9d861a28b9cc3ca51efc36e406048145a43935a109e9e5dfdff61032000008ec261273af20aeae3c4f14da8973d172855ceed06280ee5e398a6cc4ef400'),('7c93d70a55203a8fada935c8c9b32814ebeb894a79f239edd9e72f542151a096','0dffa3020102ffa40001ffa200007effa10301011354584f7574707574496e646570656e64656e7401ffa2000107010556616c7565010800010e446573745075624b657948617368010a00010e53656e645075624b657948617368010a00010454584944010a0001064f496e64657801040001064973426173650102000109426c6f636b48617368010a0000007fffa4000101f839454772f92fe33f0114668ec43de7ff4fffa0c6e6ba19b36fbe73d1fc190114c1e423ec114fe99e85346dd2867eab0c71e9afa101207c93d70a55203a8fada935c8c9b32814ebeb894a79f239edd9e72f542151a096032000004272647c541c005064263c659c9c602284af4443e5673a237228d341429300'),('8edbc576e8f9fc2d48513c4ed8a1663cfdbf70351ae6c1882a9e18544f5a3b0c','0dff95020102ff960001ff9400007eff930301011354584f7574707574496e646570656e64656e7401ff94000107010556616c7565010800010e446573745075624b657948617368010a00010e53656e645075624b657948617368010a00010454584944010a0001064f496e64657801040001064973426173650102000109426c6f636b48617368010a00000065ff96000101fe244001143ed325cf1210ee3bb1565fb6d0fd3036faf2892502208edbc576e8f9fc2d48513c4ed8a1663cfdbf70351ae6c1882a9e18544f5a3b0c0201012000008070497ec3996dea4fc4279e98cb73ffca3f80052fb140558068722cce2600'),('92a2b2a8b6fd994d6139c43d08d639a8d476aebe71c98be0e55d8aaed3204de7','0dffa3020102ffa40001ffa200007effa10301011354584f7574707574496e646570656e64656e7401ffa2000107010556616c7565010800010e446573745075624b657948617368010a00010e53656e645075624b657948617368010a00010454584944010a0001064f496e64657801040001064973426173650102000109426c6f636b48617368010a0000007bffa4000101fe1c4001143ed325cf1210ee3bb1565fb6d0fd3036faf2892501143ed325cf1210ee3bb1565fb6d0fd3036faf28925012092a2b2a8b6fd994d6139c43d08d639a8d476aebe71c98be0e55d8aaed3204de7010202200000c093048972ddcebc8da2b0f7c8757d188dc401f4fb8c97e060038bbcfc8100'),('9cce81a407f322073c646b2fed161a2eeef74f9f4d2ec76317172fcf25bbea78','0dffa3020102ffa40001ffa200007effa10301011354584f7574707574496e646570656e64656e7401ffa2000107010556616c7565010800010e446573745075624b657948617368010a00010e53656e645075624b657948617368010a00010454584944010a0001064f496e64657801040001064973426173650102000109426c6f636b48617368010a0000007fffa4000101f8c8ec0b6cbedfdf3f011469bdb0d5e324a40dbc5357b52f2a67c8006d30890114c1e423ec114fe99e85346dd2867eab0c71e9afa101209cce81a407f322073c646b2fed161a2eeef74f9f4d2ec76317172fcf25bbea78032000008ec261273af20aeae3c4f14da8973d172855ceed06280ee5e398a6cc4ef400'),('9e1d58463d32e99767b73b72448cdf10d4eeab34be0e60f2fd3f98d990e8f535','0dffa3020102ffa40001ffa200007effa10301011354584f7574707574496e646570656e64656e7401ffa2000107010556616c7565010800010e446573745075624b657948617368010a00010e53656e645075624b657948617368010a00010454584944010a0001064f496e64657801040001064973426173650102000109426c6f636b48617368010a0000007fffa4000101f839454772f92fe33f0114a7ccfefa55dfa35db58f98776e8f416f362457480114c1e423ec114fe99e85346dd2867eab0c71e9afa101209e1d58463d32e99767b73b72448cdf10d4eeab34be0e60f2fd3f98d990e8f535032000007f6a726da0028da4d484b127caa94ce397e6132cef604843cb8cedbde77b00'),('aac29d91b9f3243398925d57f84c1731b53f78e7604a9d6809eef37aaacf7aa7','0dffa3020102ffa40001ffa200007effa10301011354584f7574707574496e646570656e64656e7401ffa2000107010556616c7565010800010e446573745075624b657948617368010a00010e53656e645075624b657948617368010a00010454584944010a0001064f496e64657801040001064973426173650102000109426c6f636b48617368010a0000007fffa4000101f839454772f92fe33f0114a7ccfefa55dfa35db58f98776e8f416f362457480114c1e423ec114fe99e85346dd2867eab0c71e9afa10120aac29d91b9f3243398925d57f84c1731b53f78e7604a9d6809eef37aaacf7aa7032000007f6a726da0028da4d484b127caa94ce397e6132cef604843cb8cedbde77b00'),('af0462e8f9cd6c3e51f103709a7bfae08a8ca2c7753ac5b6166d757a88d92f69','0dffa3020102ffa40001ffa200007effa10301011354584f7574707574496e646570656e64656e7401ffa2000107010556616c7565010800010e446573745075624b657948617368010a00010e53656e645075624b657948617368010a00010454584944010a0001064f496e64657801040001064973426173650102000109426c6f636b48617368010a000000ff81ffa4000101f8c0c6a3f19758213f0114a50eb1fd89981ba8e0da1dda03c9beba1234ca7f0114a50eb1fd89981ba8e0da1dda03c9beba1234ca7f0120af0462e8f9cd6c3e51f103709a7bfae08a8ca2c7753ac5b6166d757a88d92f690102022000008070497ec3996dea4fc4279e98cb73ffca3f80052fb140558068722cce2600'),('b3f1352ff3f9d8c0f387d0653b6021c504630bf09666f474b1e44bafaa2be071','0dff95020102ff960001ff9400007eff930301011354584f7574707574496e646570656e64656e7401ff94000107010556616c7565010800010e446573745075624b657948617368010a00010e53656e645075624b657948617368010a00010454584944010a0001064f496e64657801040001064973426173650102000109426c6f636b48617368010a00000065ff96000101fe244001143ed325cf1210ee3bb1565fb6d0fd3036faf289250220b3f1352ff3f9d8c0f387d0653b6021c504630bf09666f474b1e44bafaa2be071020101200000c093048972ddcebc8da2b0f7c8757d188dc401f4fb8c97e060038bbcfc8100'),('b6cb33039c023747e460802e22eca81e735e97dab636a1ac79a55863f1130ebb','0dffa3020102ffa40001ffa200007effa10301011354584f7574707574496e646570656e64656e7401ffa2000107010556616c7565010800010e446573745075624b657948617368010a00010e53656e645075624b657948617368010a00010454584944010a0001064f496e64657801040001064973426173650102000109426c6f636b48617368010a0000007fffa4000101f839454772f92fe33f0114668ec43de7ff4fffa0c6e6ba19b36fbe73d1fc190114c1e423ec114fe99e85346dd2867eab0c71e9afa10120b6cb33039c023747e460802e22eca81e735e97dab636a1ac79a55863f1130ebb032000004272647c541c005064263c659c9c602284af4443e5673a237228d341429300'),('b9eb0fb26db3863854a64a2c3f5fe5b26c0e218061b78ec7685ca8b19c4a33e6','0dff95020102ff960001ff9400007eff930301011354584f7574707574496e646570656e64656e7401ff94000107010556616c7565010800010e446573745075624b657948617368010a00010e53656e645075624b657948617368010a00010454584944010a0001064f496e64657801040001064973426173650102000109426c6f636b48617368010a000000fffbff96000201f8dac812290f03843f0114a50eb1fd89981ba8e0da1dda03c9beba1234ca7f01143ed325cf1210ee3bb1565fb6d0fd3036faf289250120b9eb0fb26db3863854a64a2c3f5fe5b26c0e218061b78ec7685ca8b19c4a33e6032000008070497ec3996dea4fc4279e98cb73ffca3f80052fb140558068722cce260001f9ff9cbca7f6223f01143ed325cf1210ee3bb1565fb6d0fd3036faf2892501143ed325cf1210ee3bb1565fb6d0fd3036faf289250120b9eb0fb26db3863854a64a2c3f5fe5b26c0e218061b78ec7685ca8b19c4a33e60102022000008070497ec3996dea4fc4279e98cb73ffca3f80052fb140558068722cce2600'),('be287c473b08376e10dcb4bdeeec2b1156fa251d6793f0719b1cddbc46aa339c','0dffa3020102ffa40001ffa200007effa10301011354584f7574707574496e646570656e64656e7401ffa2000107010556616c7565010800010e446573745075624b657948617368010a00010e53656e645075624b657948617368010a00010454584944010a0001064f496e64657801040001064973426173650102000109426c6f636b48617368010a000000fffcffa4000201f839454772f92fe33f0114668ec43de7ff4fffa0c6e6ba19b36fbe73d1fc190114c1e423ec114fe99e85346dd2867eab0c71e9afa10120be287c473b08376e10dcb4bdeeec2b1156fa251d6793f0719b1cddbc46aa339c032000004272647c541c005064263c659c9c602284af4443e5673a237228d34142930001f8b42a4f41fac910400114c1e423ec114fe99e85346dd2867eab0c71e9afa10114c1e423ec114fe99e85346dd2867eab0c71e9afa10120be287c473b08376e10dcb4bdeeec2b1156fa251d6793f0719b1cddbc46aa339c0102022000004272647c541c005064263c659c9c602284af4443e5673a237228d341429300'),('c502a935031d634892c74cfdd06379147d35621d0a2d7383725858b5cc9ea8fd','0dffa3020102ffa40001ffa200007effa10301011354584f7574707574496e646570656e64656e7401ffa2000107010556616c7565010800010e446573745075624b657948617368010a00010e53656e645075624b657948617368010a00010454584944010a0001064f496e64657801040001064973426173650102000109426c6f636b48617368010a0000007fffa4000101f839454772f92fe33f0114a7ccfefa55dfa35db58f98776e8f416f362457480114c1e423ec114fe99e85346dd2867eab0c71e9afa10120c502a935031d634892c74cfdd06379147d35621d0a2d7383725858b5cc9ea8fd032000007f6a726da0028da4d484b127caa94ce397e6132cef604843cb8cedbde77b00'),('c77b14148916b0c0fe96f955d1269bf73e2a783b7d2325f55c91754866a4b9cf','0dffa3020102ffa40001ffa200007effa10301011354584f7574707574496e646570656e64656e7401ffa2000107010556616c7565010800010e446573745075624b657948617368010a00010e53656e645075624b657948617368010a00010454584944010a0001064f496e64657801040001064973426173650102000109426c6f636b48617368010a0000007fffa4000101f8c8ec0b6cbedfdf3f01149b12b8dd7edff77abca59b847d3ba69916a7b88e0114c1e423ec114fe99e85346dd2867eab0c71e9afa10120c77b14148916b0c0fe96f955d1269bf73e2a783b7d2325f55c91754866a4b9cf032000008ec261273af20aeae3c4f14da8973d172855ceed06280ee5e398a6cc4ef400'),('d30d269101546cc0e4088d8cd49e0210dd6d5688de86244ac48abb64f4789616','0dffa3020102ffa40001ffa200007effa10301011354584f7574707574496e646570656e64656e7401ffa2000107010556616c7565010800010e446573745075624b657948617368010a00010e53656e645075624b657948617368010a00010454584944010a0001064f496e64657801040001064973426173650102000109426c6f636b48617368010a000000fffcffa4000201f839454772f92fe33f0114668ec43de7ff4fffa0c6e6ba19b36fbe73d1fc190114c1e423ec114fe99e85346dd2867eab0c71e9afa10120d30d269101546cc0e4088d8cd49e0210dd6d5688de86244ac48abb64f4789616032000004272647c541c005064263c659c9c602284af4443e5673a237228d34142930001f85817b7d1009a21400114c1e423ec114fe99e85346dd2867eab0c71e9afa10114c1e423ec114fe99e85346dd2867eab0c71e9afa10120d30d269101546cc0e4088d8cd49e0210dd6d5688de86244ac48abb64f47896160102022000004272647c541c005064263c659c9c602284af4443e5673a237228d341429300'),('d6349379b76284f1e18bb13922b4c4e689667723b183ed1488015152d8424c91','0dffa3020102ffa40001ffa200007effa10301011354584f7574707574496e646570656e64656e7401ffa2000107010556616c7565010800010e446573745075624b657948617368010a00010e53656e645075624b657948617368010a00010454584944010a0001064f496e64657801040001064973426173650102000109426c6f636b48617368010a0000007fffa4000101f843f7d5eae556843f01143ed325cf1210ee3bb1565fb6d0fd3036faf289250114c1e423ec114fe99e85346dd2867eab0c71e9afa10120d6349379b76284f1e18bb13922b4c4e689667723b183ed1488015152d8424c91032000008070497ec3996dea4fc4279e98cb73ffca3f80052fb140558068722cce2600'),('d7c1d1d1ed861dde6fb1f8d3b00637b1ff8f4a5e20fa7eb20b104efc04ea19cf','0dff95020102ff960001ff9400007eff930301011354584f7574707574496e646570656e64656e7401ff94000107010556616c7565010800010e446573745075624b657948617368010a00010e53656e645075624b657948617368010a00010454584944010a0001064f496e64657801040001064973426173650102000109426c6f636b48617368010a00000065ff96000101fe244001143ed325cf1210ee3bb1565fb6d0fd3036faf289250220d7c1d1d1ed861dde6fb1f8d3b00637b1ff8f4a5e20fa7eb20b104efc04ea19cf02010120000009a6e803738984392515aeecceeb2753ac7773323aeeaea183991b887f2400'),('ddcce00a04423ce7aca03ca772203d8ba56c4e5c3f014c8ce1ebb39c0f493195','0dffa3020102ffa40001ffa200007effa10301011354584f7574707574496e646570656e64656e7401ffa2000107010556616c7565010800010e446573745075624b657948617368010a00010e53656e645075624b657948617368010a00010454584944010a0001064f496e64657801040001064973426173650102000109426c6f636b48617368010a00000065ffa4000101fe24400114c1e423ec114fe99e85346dd2867eab0c71e9afa10220ddcce00a04423ce7aca03ca772203d8ba56c4e5c3f014c8ce1ebb39c0f4931950201012000004272647c541c005064263c659c9c602284af4443e5673a237228d341429300'),('fc52dbbfb331073410ec74bb1ab30b308d198b4b449a047cf1fbb76798a75784','0dff95020102ff960001ff9400007eff930301011354584f7574707574496e646570656e64656e7401ff94000107010556616c7565010800010e446573745075624b657948617368010a00010e53656e645075624b657948617368010a00010454584944010a0001064f496e64657801040001064973426173650102000109426c6f636b48617368010a00000065ff96000101fe244001143ed325cf1210ee3bb1565fb6d0fd3036faf289250220fc52dbbfb331073410ec74bb1ab30b308d198b4b449a047cf1fbb76798a757840201012000001916f3ea31b470bbd26c78cb8a523898d4f0e19a551a405b0f1424dcbe2800'),('ff15e84416d7b790cb1d97c43abbdd05e4400fbaadebb19535a1ad442c7a4d7f','0dff95020102ff960001ff9400007eff930301011354584f7574707574496e646570656e64656e7401ff94000107010556616c7565010800010e446573745075624b657948617368010a00010e53656e645075624b657948617368010a00010454584944010a0001064f496e64657801040001064973426173650102000109426c6f636b48617368010a000000fffbff96000201f8d63c05c8e94e843f0114a50eb1fd89981ba8e0da1dda03c9beba1234ca7f01143ed325cf1210ee3bb1565fb6d0fd3036faf289250120ff15e84416d7b790cb1d97c43abbdd05e4400fbaadebb19535a1ad442c7a4d7f032000008070497ec3996dea4fc4279e98cb73ffca3f80052fb140558068722cce260001f984cb74f920f53e01143ed325cf1210ee3bb1565fb6d0fd3036faf2892501143ed325cf1210ee3bb1565fb6d0fd3036faf289250120ff15e84416d7b790cb1d97c43abbdd05e4400fbaadebb19535a1ad442c7a4d7f0102022000008070497ec3996dea4fc4279e98cb73ffca3f80052fb140558068722cce2600');

/*!40000 ALTER TABLE unspentoutputstransactions ENABLE KEYS */;
UNLOCK TABLES;

-- Dump completed on 2018-11-06 08:00:12.855272544 +0200 EET m=+0.126268974
