-- Go SQL Dump 0.2.2
--
-- ------------------------------------------------------
-- Server version	5.7.22-0ubuntu0.16.04.1

/*!40101 SET @OLD_CHARACTER_SET_CLIENT=@@CHARACTER_SET_CLIENT */;
/*!40101 SET @OLD_CHARACTER_SET_RESULTS=@@CHARACTER_SET_RESULTS */;
/*!40101 SET @OLD_COLLATION_CONNECTION=@@COLLATION_CONNECTION */;
/*!40101 SET NAMES utf8 */;
/*!40103 SET @OLD_TIME_ZONE=@@TIME_ZONE */;
/*!40103 SET TIME_ZONE='+00:00' */;
/*!40014 SET @OLD_UNIQUE_CHECKS=@@UNIQUE_CHECKS, UNIQUE_CHECKS=0 */;
/*!40014 SET @OLD_FOREIGN_KEY_CHECKS=@@FOREIGN_KEY_CHECKS, FOREIGN_KEY_CHECKS=0 */;
/*!40101 SET @OLD_SQL_MODE=@@SQL_MODE, SQL_MODE='NO_AUTO_VALUE_ON_ZERO' */;
/*!40111 SET @OLD_SQL_NOTES=@@SQL_NOTES, SQL_NOTES=0 */;



--
-- Table structure for table blockchain
--

DROP TABLE IF EXISTS blockchain;
/*!40101 SET @saved_cs_client     = @@character_set_client */;
/*!40101 SET character_set_client = utf8 */;
CREATE TABLE `blockchain` (
  `k` varbinary(100) NOT NULL,
  `v` varbinary(300) DEFAULT NULL,
  PRIMARY KEY (`k`)
) ENGINE=InnoDB DEFAULT CHARSET=latin1;
/*!40101 SET character_set_client = @saved_cs_client */;
--
-- Dumping data for table blockchain
--

LOCK TABLES blockchain WRITE;
/*!40000 ALTER TABLE blockchain DISABLE KEYS */;

INSERT INTO blockchain VALUES ('00000e523054361fc30f1710cd534e17673fa3a5abaa9ca77d8f8c0ea0b56816','000045492ae2021e5bbcf3ff4c645038997b9872860e63969ae147bf3ba793640000b976c1650893babb15f2fb0ea25f4e6a08d2af87d8fb30c17682d1d050f5'),('000017690581c1b6b35226a7f8a0fc9618da870fd6b090989fde6c680c614d9e','000000000000000000000000000000000000000000000000000000000000000000005e060d449664d2306dad00926d936021d813888691c120dbea4a68d27d8e'),('000045492ae2021e5bbcf3ff4c645038997b9872860e63969ae147bf3ba79364','0000ec661c4b711e17c323c3882b8ca5f61b4129405283983aa4b6d0c5c6e50100000e523054361fc30f1710cd534e17673fa3a5abaa9ca77d8f8c0ea0b56816'),('00005e060d449664d2306dad00926d936021d813888691c120dbea4a68d27d8e','000017690581c1b6b35226a7f8a0fc9618da870fd6b090989fde6c680c614d9e0000ec661c4b711e17c323c3882b8ca5f61b4129405283983aa4b6d0c5c6e501'),('0000913b7a9908cfa22f4d8c4c7753aeeec311a68ad9ed626836b60852b3e98a','0000ae82ac6ca9bc5e186b3a387b9c30af8023d5c3e9bca29d62ac48719c33ef0000af5928fde20e9c69c1b43f981d333948226f0d8f24d3f62033ed0920c1e2'),('0000ae82ac6ca9bc5e186b3a387b9c30af8023d5c3e9bca29d62ac48719c33ef','0000b976c1650893babb15f2fb0ea25f4e6a08d2af87d8fb30c17682d1d050f50000913b7a9908cfa22f4d8c4c7753aeeec311a68ad9ed626836b60852b3e98a'),('0000af5928fde20e9c69c1b43f981d333948226f0d8f24d3f62033ed0920c1e2','0000913b7a9908cfa22f4d8c4c7753aeeec311a68ad9ed626836b60852b3e98a0000000000000000000000000000000000000000000000000000000000000000'),('0000b976c1650893babb15f2fb0ea25f4e6a08d2af87d8fb30c17682d1d050f5','00000e523054361fc30f1710cd534e17673fa3a5abaa9ca77d8f8c0ea0b568160000ae82ac6ca9bc5e186b3a387b9c30af8023d5c3e9bca29d62ac48719c33ef'),('0000ec661c4b711e17c323c3882b8ca5f61b4129405283983aa4b6d0c5c6e501','00005e060d449664d2306dad00926d936021d813888691c120dbea4a68d27d8e000045492ae2021e5bbcf3ff4c645038997b9872860e63969ae147bf3ba79364');

/*!40000 ALTER TABLE blockchain ENABLE KEYS */;
UNLOCK TABLES;

--
-- Table structure for table blocks
--

DROP TABLE IF EXISTS blocks;
/*!40101 SET @saved_cs_client     = @@character_set_client */;
/*!40101 SET character_set_client = utf8 */;
CREATE TABLE `blocks` (
  `k` varbinary(100) NOT NULL,
  `v` longblob,
  PRIMARY KEY (`k`)
) ENGINE=InnoDB DEFAULT CHARSET=latin1;
/*!40101 SET character_set_client = @saved_cs_client */;
--
-- Dumping data for table blocks
--

LOCK TABLES blocks WRITE;
/*!40000 ALTER TABLE blocks DISABLE KEYS */;

INSERT INTO blocks VALUES ('00000e523054361fc30f1710cd534e17673fa3a5abaa9ca77d8f8c0ea0b56816','63ff8103010105426c6f636b01ff82000106010954696d657374616d70010400010c5472616e73616374696f6e7301ff8e00010d50726576426c6f636b48617368010a00010448617368010a0001054e6f6e63650104000106486569676874010400000028ff8d020101195b5d2a737472756374757265732e5472616e73616374696f6e01ff8e0001ff8400002fff83030102ff8400010401024944010a00010356696e01ff88000104566f757401ff8c00010454696d65010400000023ff87020101145b5d737472756374757265732e5458496e70757401ff880001ff86000040ff85030101075458496e70757401ff86000104010454786964010a000104566f757401040001095369676e6174757265010a0001065075624b6579010a00000024ff8b020101155b5d737472756374757265732e54584f757470757401ff8c0001ff8a00002fff890301010854584f757470757401ff8a000102010556616c7565010800010a5075624b657948617368010a000000fe052cff8201fcb668cfae01050120bf11c373dd9d260a3fc75c1606db29e29105e3d0f2b8fccea0f98ebcc2c9f4f1010101201eb01be7253d5445ba18b74dc1a02b5c2f0f0f056767f073980098d1212fb4f10240d6cbf36030fa0241a00599bb29d33ff90d7b8feac9cd13bf2914fa95a0dc06afd3cbf6eeba76ac05c4e6c1b6d1ab0a31506003d3355ce41232a4da0b46d8234f01401d1d732bec08529badc0d7834050db631b16dc98d6e7e7ad57a4d1d73ea7f5d0c7867ae5929a9318ef5acc94f6f35df637d0e3705f4da9835f676d7a078bf2d400010201f8450bb719fa69843f0114611993528625ddb0b41c0afac520b38eab3b7ce40001f93609f72de7003f0114f497b520b4beda29ac9636c64cb4cb039e25701e0001f82a7872d8b5770d38000120b2933465e9d4f0d7f30e76faa271a345539b9aebb20f0e17fe06d8d092c41c460101012083202062ed5552918a1a387dca5458f2b26b9a6e9c52a412aea929165cb8f3e90240617b9fc96555ac9a388af8ac71231802ab47ad51c619a5809f643eef6b704854d0409cc623a4aea99f021fb2998bdb3948e14860ba7b21cceb12ad4ed5cf125201403addfe25d39e4de5de2a6f97f4db0619eac4133874ca03ed110a28d81488e18c8a5c548adfe7f08302b34467ff66cbb1dc60b4d389502a896b8994f8c371a60200010201f883ad4cd79795833f0114419cb929872a2fed40e081aa9a2fd23cd5a9bc100001f9df2c0c2ea93c3f0114611993528625ddb0b41c0afac520b38eab3b7ce40001f82a7872d8bf01bdd8000120f5e53595389378e11d8b85d56ad07f389774218378ee241debccfb5f8982be6b01010120676b1d7d53c6b02b5a168f9b1bd57a215633c9218559f8e59679d6cdf8bb74350240bddbeddf3bb1f92e05024e1a612597b9941df033ad7d2cf3f1d349f25d5d7399c3100b5296fa6b1702bfdf3f9903c8ce17e42b917343f5791fd9cdda955ae67101403a3697e5ef177f6b0bc40f9258b75e9f340acd99f88eeaa020e91aaa90743c18e8fded221b06f12f386329a514e84d4b6fd466da4c3a6be20820728cb242effb00010201f8e64b7f61bf48843f0114f497b520b4beda29ac9636c64cb4cb039e25701e0001f8804a6417f310193f0114419cb929872a2fed40e081aa9a2fd23cd5a9bc100001f82a7872d8ca527018000120702006a5dbdbc604bccfd480de201793f550676d436ab5d1164bd36c669d2a36010101201eb01be7253d5445ba18b74dc1a02b5c2f0f0f056767f073980098d1212fb4f10102014032b56d3248e6048ad23d3f4c8009581998b2be3fc5214d351ccd62ceb5af804f21919174351837660a080a3a60022df29a3953842f208a3dbd65afa33386580201403a3697e5ef177f6b0bc40f9258b75e9f340acd99f88eeaa020e91aaa90743c18e8fded221b06f12f386329a514e84d4b6fd466da4c3a6be20820728cb242effb00010201f851016a49cb71843f0114f497b520b4beda29ac9636c64cb4cb039e25701e0001f8d4cfdda626aeff3f0114419cb929872a2fed40e081aa9a2fd23cd5a9bc100001f82a7872d8d2fcc8f60001202f5926fb6f9c8607a973b31d10c86b8ad2355694171e859bb23030a60bfa42630101020102283932656366623132323364643035346435626236656333366134633231346234313061386362333500010101fe24400114f497b520b4beda29ac9636c64cb4cb039e25701e00000120000045492ae2021e5bbcf3ff4c645038997b9872860e63969ae147bf3ba79364012000000e523054361fc30f1710cd534e17673fa3a5abaa9ca77d8f8c0ea0b5681601fe22c6010800'),('000017690581c1b6b35226a7f8a0fc9618da870fd6b090989fde6c680c614d9e','63ff8103010105426c6f636b01ff82000106010954696d657374616d70010400010c5472616e73616374696f6e7301ff8e00010d50726576426c6f636b48617368010a00010448617368010a0001054e6f6e63650104000106486569676874010400000028ff8d020101195b5d2a737472756374757265732e5472616e73616374696f6e01ff8e0001ff8400002fff83030102ff8400010401024944010a00010356696e01ff88000104566f757401ff8c00010454696d65010400000023ff87020101145b5d737472756374757265732e5458496e70757401ff880001ff86000040ff85030101075458496e70757401ff86000104010454786964010a000104566f757401040001095369676e6174757265010a0001065075624b6579010a00000024ff8b020101155b5d737472756374757265732e54584f757470757401ff8c0001ff8a00002fff890301010854584f757470757401ff8a000102010556616c7565010800010a5075624b657948617368010a000000ff91ff8201fcb668cf8601010120a689d3cf98557570adc2eb9cf3852c47bb3b4211e20644a63c6ec6a9109ed7c5010102010219736f6d6520737472696e672e20746869732069732054454d5000010101fe24400114f497b520b4beda29ac9636c64cb4cb039e25701e00000220000017690581c1b6b35226a7f8a0fc9618da870fd6b090989fde6c680c614d9e01fec26000'),('000045492ae2021e5bbcf3ff4c645038997b9872860e63969ae147bf3ba79364','63ff8103010105426c6f636b01ff82000106010954696d657374616d70010400010c5472616e73616374696f6e7301ff8e00010d50726576426c6f636b48617368010a00010448617368010a0001054e6f6e63650104000106486569676874010400000028ff8d020101195b5d2a737472756374757265732e5472616e73616374696f6e01ff8e0001ff8400002fff83030102ff8400010401024944010a00010356696e01ff88000104566f757401ff8c00010454696d65010400000023ff87020101145b5d737472756374757265732e5458496e70757401ff880001ff86000040ff85030101075458496e70757401ff86000104010454786964010a000104566f757401040001095369676e6174757265010a0001065075624b6579010a00000024ff8b020101155b5d737472756374757265732e54584f757470757401ff8c0001ff8a00002fff890301010854584f757470757401ff8a000102010556616c7565010800010a5075624b657948617368010a000000fe0415ff8201fcb668cfa40104012083202062ed5552918a1a387dca5458f2b26b9a6e9c52a412aea929165cb8f3e9010101202de5c7c924a2dcb108daf6e9e8d02a87bb4fdede11ea72babed347341d40d5ec010201401dac2d7a8c4a50f6d064042dd4da9450034e030852cc097e5c970b4d89d59b9c13daaa3cad6945fcbc5b67e50a5cbc7b8d46c8c659ead40f8fbe5440a4f0e7c801401d1d732bec08529badc0d7834050db631b16dc98d6e7e7ad57a4d1d73ea7f5d0c7867ae5929a9318ef5acc94f6f35df637d0e3705f4da9835f676d7a078bf2d400010201f87b14ae47e17a843f0114611993528625ddb0b41c0afac520b38eab3b7ce40001f8f6285c8fc2f51b400114f497b520b4beda29ac9636c64cb4cb039e25701e0001f82a7872d67f9f192e000120676b1d7d53c6b02b5a168f9b1bd57a215633c9218559f8e59679d6cdf8bb7435010101202e603a0d57e4a37fd628b7081e8351baedf5d8614ea60d09bc392d30a74f09e20240d3a95e6c06aa323f2516e959c207b9aa2f60cd3359f7ea3145abc5039ece33f9d6545f05c1d5966bcaec46113dadb305c9381a9a4fe1b3260c8f637714f3224801403addfe25d39e4de5de2a6f97f4db0619eac4133874ca03ed110a28d81488e18c8a5c548adfe7f08302b34467ff66cbb1dc60b4d389502a896b8994f8c371a60200010201f87b14ae47e17a843f0114419cb929872a2fed40e081aa9a2fd23cd5a9bc100001f8ae47e17a14aeef3f0114611993528625ddb0b41c0afac520b38eab3b7ce40001f82a7872d6895f22520001201eb01be7253d5445ba18b74dc1a02b5c2f0f0f056767f073980098d1212fb4f1010101202de5c7c924a2dcb108daf6e9e8d02a87bb4fdede11ea72babed347341d40d5ec0240301fdbd1f2418ceca90777ca1f023eeffa7973ed564d0441dbeeb68af04ae3d444b4eb0ed273043aafa9f827c221f0f5de3ff394876ed6d98fd04230cfcc433601403a3697e5ef177f6b0bc40f9258b75e9f340acd99f88eeaa020e91aaa90743c18e8fded221b06f12f386329a514e84d4b6fd466da4c3a6be20820728cb242effb00010201f87b14ae47e17a843f0114f497b520b4beda29ac9636c64cb4cb039e25701e0001f8d7a3703d0ad7ff3f0114419cb929872a2fed40e081aa9a2fd23cd5a9bc100001f82a7872d692a7eaee0001203508f42fcfa68f1bbe7c77a4564c4281c402caf439fb4f96e486c81f294c37170101020102286465643633643836646230306239643030613032316666653439343363393133666364326264663700010101fe24400114f497b520b4beda29ac9636c64cb4cb039e25701e000001200000ec661c4b711e17c323c3882b8ca5f61b4129405283983aa4b6d0c5c6e5010120000045492ae2021e5bbcf3ff4c645038997b9872860e63969ae147bf3ba7936401fd02c832010600'),('00005e060d449664d2306dad00926d936021d813888691c120dbea4a68d27d8e','63ff8103010105426c6f636b01ff82000106010954696d657374616d70010400010c5472616e73616374696f6e7301ff8e00010d50726576426c6f636b48617368010a00010448617368010a0001054e6f6e63650104000106486569676874010400000028ff8d020101195b5d2a737472756374757265732e5472616e73616374696f6e01ff8e0001ff8400002fff83030102ff8400010401024944010a00010356696e01ff88000104566f757401ff8c00010454696d65010400000023ff87020101145b5d737472756374757265732e5458496e70757401ff880001ff86000040ff85030101075458496e70757401ff86000104010454786964010a000104566f757401040001095369676e6174757265010a0001065075624b6579010a00000024ff8b020101155b5d737472756374757265732e54584f757470757401ff8c0001ff8a00002fff890301010854584f757470757401ff8a000102010556616c7565010800010a5075624b657948617368010a000000fe01d2ff8201fcb668cf92010201202e603a0d57e4a37fd628b7081e8351baedf5d8614ea60d09bc392d30a74f09e201010120a689d3cf98557570adc2eb9cf3852c47bb3b4211e20644a63c6ec6a9109ed7c502400e6e084285f8c694ebd9ef9ad7b3fb56f43cf13f147526ae976a7479f13d7187c6956d2a7d7fa0fbfdc8be4f600081c94ed2be13d977b8b79af9b2d381a3a73c01401d1d732bec08529badc0d7834050db631b16dc98d6e7e7ad57a4d1d73ea7f5d0c7867ae5929a9318ef5acc94f6f35df637d0e3705f4da9835f676d7a078bf2d400010201fef03f0114611993528625ddb0b41c0afac520b38eab3b7ce40001fe22400114f497b520b4beda29ac9636c64cb4cb039e25701e0001f82a7872d282681c0c000120f5ccfeabdbda39fbbd2e458a8b68afa3c362051fad587ef1b506e1697229bfaa0101020102286330663437613963363638626334616431313461396234386661353335313536623934643639666300010101fe24400114f497b520b4beda29ac9636c64cb4cb039e25701e00000120000017690581c1b6b35226a7f8a0fc9618da870fd6b090989fde6c680c614d9e012000005e060d449664d2306dad00926d936021d813888691c120dbea4a68d27d8e01fe84ae010200'),('0000913b7a9908cfa22f4d8c4c7753aeeec311a68ad9ed626836b60852b3e98a','63ff9503010105426c6f636b01ff96000106010954696d657374616d70010400010c5472616e73616374696f6e7301ff9800010d50726576426c6f636b48617368010a00010448617368010a0001054e6f6e63650104000106486569676874010400000028ff97020101195b5d2a737472756374757265732e5472616e73616374696f6e01ff980001ff8c00003cff8b0301010b5472616e73616374696f6e01ff8c00010401024944010a00010356696e01ff90000104566f757401ff9400010454696d65010400000023ff8f020101145b5d737472756374757265732e5458496e70757401ff900001ff8e000040ff8d030101075458496e70757401ff8e000104010454786964010a000104566f757401040001095369676e6174757265010a0001065075624b6579010a00000024ff93020101155b5d737472756374757265732e54584f757470757401ff940001ff9200002fff910301010854584f757470757401ff92000102010556616c7565010800010a5075624b657948617368010a000000fe0930ff9601fcb66a5f6a01080120c215c1707dd4b84544efded9dd83f8d8aad440e03223826fc976cec1a7c6036a01020120dce27ec0f5aa84c8630f06ec5d8fccdc187e81ad12cd1578c8487ccf8bd0aa7a01020140cc5a48117f3f232e8c92cc5d137d0a1758a99311655e93a2f5c9fbec0ea70f2568a36eff63e58ed4b4fece9fb683fac74a9d354999a4f90fe143051ecd7e4b9a01403a3697e5ef177f6b0bc40f9258b75e9f340acd99f88eeaa020e91aaa90743c18e8fded221b06f12f386329a514e84d4b6fd466da4c3a6be20820728cb242effb0001201c6bf610e328da2f39cdf2af36550599923f73d16aaae2cd1ebd95a75286761d01020140847ad8444b3bd373ef9fd2351b08da1af443378d48709b24f0ee7116978a72eb14d36c0228bc0138b9f3d90c559cf0115a36aeccabc7e7c6bef72401859d51e001403a3697e5ef177f6b0bc40f9258b75e9f340acd99f88eeaa020e91aaa90743c18e8fded221b06f12f386329a514e84d4b6fd466da4c3a6be20820728cb242effb00010201f80960566aee2fe33f0114c1248361c0a7356a229d13158a83adbb5763f4fc0001f832c2e3f45847f63f0114419cb929872a2fed40e081aa9a2fd23cd5a9bc100001f82a78cfe830f1afba000120360a285ec77e1f6b75022523e015697ee0f83fb40317597acd2b56401c4794a0010101206026ac0bebafaf3e2ff851b7f526a844fd75fa264beda891cf837a91488a26c102402ceb2487e139ab579143e4452f0560ee327d94502d12f008044309be06d5d2604e7708899615d5b0c05094ed2e2194d9f8db4faee2da8c76e6721126a419e25601403a3697e5ef177f6b0bc40f9258b75e9f340acd99f88eeaa020e91aaa90743c18e8fded221b06f12f386329a514e84d4b6fd466da4c3a6be20820728cb242effb00010201f80960566aee2fe33f0114c1248361c0a7356a229d13158a83adbb5763f4fc0001f8ff995a1901cd22400114419cb929872a2fed40e081aa9a2fd23cd5a9bc100001f82a78cfe87dbdf90a00012083a2603337450bb59c3b326420e0de9c76831629d74e3b8d53682dd7cbfbd14501010120360a285ec77e1f6b75022523e015697ee0f83fb40317597acd2b56401c4794a001020140631e715e6eb56d1fb6e89095deceeef3587af4e83aa77ce80a6567a45eae7e5a4af9310b89ba17f581c58a450d1f5497dfa1bca9b70e9e4962dd1ce0f3b34bac01403a3697e5ef177f6b0bc40f9258b75e9f340acd99f88eeaa020e91aaa90743c18e8fded221b06f12f386329a514e84d4b6fd466da4c3a6be20820728cb242effb00010201f80960566aee2fe33f0114c1248361c0a7356a229d13158a83adbb5763f4fc0001f8fe33b532029a21400114419cb929872a2fed40e081aa9a2fd23cd5a9bc100001f82a78cfe8c9c19f74000120c9e21892c0bf170536c794350ee82d6e3f948d691dc7acd65be13fe78792cd230101012083a2603337450bb59c3b326420e0de9c76831629d74e3b8d53682dd7cbfbd145010201402deabe5a6b740566dfda860d874e4613e74967766ca2965f7313c8c024fb80606520cc04f4372a3663809ba8b05a4b31d1d75ed953d4c2e8eedc1f5867e283de01403a3697e5ef177f6b0bc40f9258b75e9f340acd99f88eeaa020e91aaa90743c18e8fded221b06f12f386329a514e84d4b6fd466da4c3a6be20820728cb242effb00010201f80960566aee2fe33f0114c1248361c0a7356a229d13158a83adbb5763f4fc0001f8fdcd0f4c036720400114419cb929872a2fed40e081aa9a2fd23cd5a9bc100001f82a78cfe943a4f148000120a314ca8cbdc176f63643c1da0a39f5c95a05343b89875f623def2c73f80425aa01010120c9e21892c0bf170536c794350ee82d6e3f948d691dc7acd65be13fe78792cd230102014045e44bcbf59c07dabd7e3149e30548ed93c5eca50923ed95a6952444989bce83c018b07a2ad7afdff4e2bdf05ab1ec6e7362579945be25c20910f82e013d8b5f01403a3697e5ef177f6b0bc40f9258b75e9f340acd99f88eeaa020e91aaa90743c18e8fded221b06f12f386329a514e84d4b6fd466da4c3a6be20820728cb242effb00010201f80960566aee2fe33f0114c1248361c0a7356a229d13158a83adbb5763f4fc0001f8f9cfd4ca08681e400114419cb929872a2fed40e081aa9a2fd23cd5a9bc100001f82a78cfe991fe61a2000120d8b365f8ce491ed6b6fe049e8d7f85f77a0c249dc54c8fb6dc00efb0b428fbde01010120a314ca8cbdc176f63643c1da0a39f5c95a05343b89875f623def2c73f80425aa01020140d877c90dbaf0a5450efb92e39d6e44f76f664fac66c6f059826637315f476e92bd7dd730e4053d9dfc799505bed2c15b1a63fe77699f3859c1fa509ed1434a8501403a3697e5ef177f6b0bc40f9258b75e9f340acd99f88eeaa020e91aaa90743c18e8fded221b06f12f386329a514e84d4b6fd466da4c3a6be20820728cb242effb00010201f80960566aee2fe33f0114c1248361c0a7356a229d13158a83adbb5763f4fc0001f8f8038afd0a021c400114419cb929872a2fed40e081aa9a2fd23cd5a9bc100001f82a78cfe9f2e6d28000012068e002cc251ee42a3569c0022bfd5288bbf5d755fd69caa20fbc7f72aa7f134701010120d8b365f8ce491ed6b6fe049e8d7f85f77a0c249dc54c8fb6dc00efb0b428fbde01020140d0c2cde7ecb9dc6b6c88e63ec24d439b9e3d08ff1bec742a2d4162b94e70e10d6bac379ae0ad5fb49eb3336cf2df7af7e2711f74c8f22ff5e4e485a46bd1630a01403a3697e5ef177f6b0bc40f9258b75e9f340acd99f88eeaa020e91aaa90743c18e8fded221b06f12f386329a514e84d4b6fd466da4c3a6be20820728cb242effb00010201f80960566aee2fe33f0114c1248361c0a7356a229d13158a83adbb5763f4fc0001f8f7373f300d9c19400114419cb929872a2fed40e081aa9a2fd23cd5a9bc100001f82a78cfeab24075fa00012026469dc8f3be745cf9e34fa0bcd508a23146a3bd4fa976d074c8e3f2743bd04d0101020102286437623933366539633235643162393737343138333539363934326636313135303834623661643700010101fe24400114419cb929872a2fed40e081aa9a2fd23cd5a9bc10000001200000ae82ac6ca9bc5e186b3a387b9c30af8023d5c3e9bca29d62ac48719c33ef01200000913b7a9908cfa22f4d8c4c7753aeeec311a68ad9ed626836b60852b3e98a01fd04ee54010e00'),('0000ae82ac6ca9bc5e186b3a387b9c30af8023d5c3e9bca29d62ac48719c33ef','63ff9503010105426c6f636b01ff96000106010954696d657374616d70010400010c5472616e73616374696f6e7301ff9800010d50726576426c6f636b48617368010a00010448617368010a0001054e6f6e63650104000106486569676874010400000028ff97020101195b5d2a737472756374757265732e5472616e73616374696f6e01ff980001ff8c00003cff8b0301010b5472616e73616374696f6e01ff8c00010401024944010a00010356696e01ff90000104566f757401ff9400010454696d65010400000023ff8f020101145b5d737472756374757265732e5458496e70757401ff900001ff8e000040ff8d030101075458496e70757401ff8e000104010454786964010a000104566f757401040001095369676e6174757265010a0001065075624b6579010a00000024ff93020101155b5d737472756374757265732e54584f757470757401ff940001ff9200002fff910301010854584f757470757401ff92000102010556616c7565010800010a5075624b657948617368010a000000fe08bbff9601fcb66a5f18010701201c6bf610e328da2f39cdf2af36550599923f73d16aaae2cd1ebd95a75286761d01030120fa7f9e6848db5314b701e5e54ee49c0b744d4250cbde9348a915a1812ed4ed700102014036be9b599aca5d5aee68159f52d9c2944c6d211a1451eb34e7135ba23192a70059d72c2762b2e38c65ead450e080c5ac2d20ffe69e09e410ea09f3f9b10d454f01403a3697e5ef177f6b0bc40f9258b75e9f340acd99f88eeaa020e91aaa90743c18e8fded221b06f12f386329a514e84d4b6fd466da4c3a6be20820728cb242effb0001209b7a71e39ebb06cfe45a5c43d72d99c09d4119f9c61bb9ab05dea2c30c8b7bf40240182a6d174b21f97d34d5ba3823b3044a5db4982b72b49336820658d452f9c50b15e957090f4194311016bfff6dd86d50b511ec06c60d09f5ff60b1e0d2da43c201403a3697e5ef177f6b0bc40f9258b75e9f340acd99f88eeaa020e91aaa90743c18e8fded221b06f12f386329a514e84d4b6fd466da4c3a6be20820728cb242effb000120b4862ecfadab289c0af7df55362fd8896a0c70dea0f67bc1b1ee0e6224c367180102014061149165abf7c623763765b93c840ccdc6329b2198939de32e846a9973de9205450456ae8d84db59d15487db347f81ed8f4075c2f8a8e2e51c4d6c17437c266701403a3697e5ef177f6b0bc40f9258b75e9f340acd99f88eeaa020e91aaa90743c18e8fded221b06f12f386329a514e84d4b6fd466da4c3a6be20820728cb242effb00010201f8cb871c3250dfdf3f0114d0b8a674a0d7bf1b2e98d174db2a4e56792cf5c60001f8f39bb26874b6f73f0114419cb929872a2fed40e081aa9a2fd23cd5a9bc100001f82a78cfd24f8a13ea000120ffa6c706015924b64461f2abb58f2e292e8a12def659a8b3aa18e0f6e3a57f83010101207f74bbfdf351b50914dc532a8b9dcafec99a867d15f25b76aa58c9484fc8adc50240ac92891a8fec94aa4f3bb8a00dd62690746355758355fcd0964510d6636d8b1e9efb8014f18270fafc7a5f1603e05455dea75e746de0e3ad4e5cb4874c32181501403a3697e5ef177f6b0bc40f9258b75e9f340acd99f88eeaa020e91aaa90743c18e8fded221b06f12f386329a514e84d4b6fd466da4c3a6be20820728cb242effb00010201f8cb871c3250dfdf3f01145cc300a53a168c4ad120b0057467193600fac8970001f8076fbcf9150404400114419cb929872a2fed40e081aa9a2fd23cd5a9bc100001f82a78cfd3244fa04c00012006d1484acdd65458f3f64ad5e819489e59a50e32831b4a6e215a59319b0a2d5601010120ffa6c706015924b64461f2abb58f2e292e8a12def659a8b3aa18e0f6e3a57f8301020140763395464efe95247a8fccbe0999c0c1676f2dfee210dca9e61fc11b818a0c5f64f40606feca3eaa08aa7f88f2a6f71301ad628e1d78ccf6ecca7023d6c7eaac01403a3697e5ef177f6b0bc40f9258b75e9f340acd99f88eeaa020e91aaa90743c18e8fded221b06f12f386329a514e84d4b6fd466da4c3a6be20820728cb242effb00010201f8cb871c3250dfdf3f0114d1b5f6b3a2ca544d9824529cde0e43aa1b7bcfe40001f80ede78f32b0800400114419cb929872a2fed40e081aa9a2fd23cd5a9bc100001f82a78cfd4022da784000120c68d60b66e650bce8ba86c2db5cf053cd056883cb2927aab671c89075235cff60101012006d1484acdd65458f3f64ad5e819489e59a50e32831b4a6e215a59319b0a2d56010201406b1185d207304b998774e85146e241119a34aae326bd84329c7ef2cd84f7ca3d779de8308f5ecbf326f64d8d99859ffdff5a464b0c992d8523b8401bb00c91d601403a3697e5ef177f6b0bc40f9258b75e9f340acd99f88eeaa020e91aaa90743c18e8fded221b06f12f386329a514e84d4b6fd466da4c3a6be20820728cb242effb00010201f8cb871c3250dfdf3f0114d0b8a674a0d7bf1b2e98d174db2a4e56792cf5c60001f8299a6ada8318f83f0114419cb929872a2fed40e081aa9a2fd23cd5a9bc100001f82a78cfd4d1ca5c3e000120341a12f8a9a1e868da50069fb1d6badea52cf1c54b9bdb012e1f34f44478c83e01010120c68d60b66e650bce8ba86c2db5cf053cd056883cb2927aab671c89075235cff60102014078869348053f70c492d95d7df9c4613cfb64758a8bcb7b6d1a8a61fa9dfe58c5fd329191f2cc3fed3b7a4a80baf06058f16e53cb2ef51593862c4b2e56561a4501403a3697e5ef177f6b0bc40f9258b75e9f340acd99f88eeaa020e91aaa90743c18e8fded221b06f12f386329a514e84d4b6fd466da4c3a6be20820728cb242effb00010201f8cb871c3250dfdf3f01145cc300a53a168c4ad120b0057467193600fac8970001f83678e3cdaf20f03f0114419cb929872a2fed40e081aa9a2fd23cd5a9bc100001f82a78cfd5eb38bd78000120dce27ec0f5aa84c8630f06ec5d8fccdc187e81ad12cd1578c8487ccf8bd0aa7a01010120341a12f8a9a1e868da50069fb1d6badea52cf1c54b9bdb012e1f34f44478c83e01020140be106662d5be027eae6047ab0e90b347300346d7e70a4dc0967cbea55bb3cb446426b1a1afde531028c90529bf1c40bf3b0669e11de0e5fe3e26431f60efebf701403a3697e5ef177f6b0bc40f9258b75e9f340acd99f88eeaa020e91aaa90743c18e8fded221b06f12f386329a514e84d4b6fd466da4c3a6be20820728cb242effb00010201f8cb871c3250dfdf3f0114d1b5f6b3a2ca544d9824529cde0e43aa1b7bcfe40001f886acb882b751e03f0114419cb929872a2fed40e081aa9a2fd23cd5a9bc100001f82a78cfd68703ffc00001206026ac0bebafaf3e2ff851b7f526a844fd75fa264beda891cf837a91488a26c10101020102286137353235616562303035653737303561303130383735336235343733323836383461343138616300010101fe24400114419cb929872a2fed40e081aa9a2fd23cd5a9bc10000001200000b976c1650893babb15f2fb0ea25f4e6a08d2af87d8fb30c17682d1d050f501200000ae82ac6ca9bc5e186b3a387b9c30af8023d5c3e9bca29d62ac48719c33ef01fd022ede010c00'),('0000af5928fde20e9c69c1b43f981d333948226f0d8f24d3f62033ed0920c1e2','63ff9503010105426c6f636b01ff96000106010954696d657374616d70010400010c5472616e73616374696f6e7301ff9800010d50726576426c6f636b48617368010a00010448617368010a0001054e6f6e63650104000106486569676874010400000028ff97020101195b5d2a737472756374757265732e5472616e73616374696f6e01ff980001ff8c00003cff8b0301010b5472616e73616374696f6e01ff8c00010401024944010a00010356696e01ff90000104566f757401ff9400010454696d65010400000023ff8f020101145b5d737472756374757265732e5458496e70757401ff900001ff8e000040ff8d030101075458496e70757401ff8e000104010454786964010a000104566f757401040001095369676e6174757265010a0001065075624b6579010a00000024ff93020101155b5d737472756374757265732e54584f757470757401ff940001ff9200002fff910301010854584f757470757401ff92000102010556616c7565010800010a5075624b657948617368010a000000fe0a4bff9601fcb66a5f860109012077f99c2f3ea2979c88b6893fac6007fbb937a553cb4e9cb7ec231236d18a9a7001010120c215c1707dd4b84544efded9dd83f8d8aad440e03223826fc976cec1a7c6036a01020140a2c481e407ecbfc0f8371bc892dc72c30ffa4f4e70f4b383bbdf06657922447cdb7cfe3eaada49452c277b5aaf12226983e8485b5761f6331a2ceb87357bb8f501403a3697e5ef177f6b0bc40f9258b75e9f340acd99f88eeaa020e91aaa90743c18e8fded221b06f12f386329a514e84d4b6fd466da4c3a6be20820728cb242effb00010201f80960566aee2fe33f0114dcb27b440dac5f660c8b7cedb1f021eaeb5d39120001f85b24717fc35ee93f0114419cb929872a2fed40e081aa9a2fd23cd5a9bc100001f82a78cfee4d33a9ac0001207e4d15c115e3cf1e8b3f17d80c113e6c6d100bbf69b261c7a25e7995d5337b380101012077f99c2f3ea2979c88b6893fac6007fbb937a553cb4e9cb7ec231236d18a9a7001020140bff18249d1f3b46b8f9f1ae9b79c367b526edefaf199e662d056077bf831562003226240ccb9f00a6a96de06aa466058f0154328bd62f5f46cb13fd497dca91a01403a3697e5ef177f6b0bc40f9258b75e9f340acd99f88eeaa020e91aaa90743c18e8fded221b06f12f386329a514e84d4b6fd466da4c3a6be20820728cb242effb00010201f80960566aee2fe33f0114dcb27b440dac5f660c8b7cedb1f021eaeb5d39120001f848116b5454bbc83f0114419cb929872a2fed40e081aa9a2fd23cd5a9bc100001f82a78cfeed1d8d2600001209e8683229ce86d7edbc2d95373c931f37cb9ba5ddd861de8ceadacd475bd917c0101012068e002cc251ee42a3569c0022bfd5288bbf5d755fd69caa20fbc7f72aa7f1347010201402a64fdc236636cc005e25d14c0e2839eb70e128e8f6c7d77e6e31da8416acae57257f86de589a07c64fbef7c949bd20d3bc72cda3dd85d58bd3525ebbf7a138001403a3697e5ef177f6b0bc40f9258b75e9f340acd99f88eeaa020e91aaa90743c18e8fded221b06f12f386329a514e84d4b6fd466da4c3a6be20820728cb242effb00010201f80960566aee2fe33f0114dcb27b440dac5f660c8b7cedb1f021eaeb5d39120001f8f66bf4620f3617400114419cb929872a2fed40e081aa9a2fd23cd5a9bc100001f82a78cfef5c0d91b0000120f380e8e97a516278b1e667d8cef1b905d97ccb1fc53aa3b12a34ccc78d8351b80101012026469dc8f3be745cf9e34fa0bcd508a23146a3bd4fa976d074c8e3f2743bd04d02405ab8bbdd6e8af97373c9dc4061a950b7a0075d1275e7769993e1efe397620e4e950c50603c557fd327e755887959851941fe5d7ad3530d0d5def4cf831a3fe9501403a3697e5ef177f6b0bc40f9258b75e9f340acd99f88eeaa020e91aaa90743c18e8fded221b06f12f386329a514e84d4b6fd466da4c3a6be20820728cb242effb00010201f80960566aee2fe33f0114dcb27b440dac5f660c8b7cedb1f021eaeb5d39120001f8ff995a1901cd22400114419cb929872a2fed40e081aa9a2fd23cd5a9bc100001f82a78cfef9682c5720001202756732cb17219a5ab18a8d22aa71bce256889674d9da3b94032c1d7a179d8cb01010120f380e8e97a516278b1e667d8cef1b905d97ccb1fc53aa3b12a34ccc78d8351b801020140dfbff9564d0faf751a25dc623c896d0f0594e5124d1cc9efd7adc60f0425d415f1d0342d670177ed8ae6c017d76358a2c42e805e26d9871fdf5177bf3a03969601403a3697e5ef177f6b0bc40f9258b75e9f340acd99f88eeaa020e91aaa90743c18e8fded221b06f12f386329a514e84d4b6fd466da4c3a6be20820728cb242effb00010201f80960566aee2fe33f0114dcb27b440dac5f660c8b7cedb1f021eaeb5d39120001f8fe33b532029a21400114419cb929872a2fed40e081aa9a2fd23cd5a9bc100001f82a78cfefdfe56816000120725dede31ec3315fbfa48bb70a2d6cd5aacd88bea47ccc785798c3ff8e8407ba010101202756732cb17219a5ab18a8d22aa71bce256889674d9da3b94032c1d7a179d8cb010201404313707d54148acde2d27aced34e49e90540e0614d7016af6ca8f410bdc3d904e555e91664040f6efcedeb2cf44a631a1b767de2dc167fcb1273a49cfed3be4201403a3697e5ef177f6b0bc40f9258b75e9f340acd99f88eeaa020e91aaa90743c18e8fded221b06f12f386329a514e84d4b6fd466da4c3a6be20820728cb242effb00010201f80960566aee2fe33f0114dcb27b440dac5f660c8b7cedb1f021eaeb5d39120001f8fdcd0f4c036720400114419cb929872a2fed40e081aa9a2fd23cd5a9bc100001f82a78cff040736056000120e4ce806bb84cce11ced7d979963f8015f39a432cfccbe4500c4897721cd0a79301010120725dede31ec3315fbfa48bb70a2d6cd5aacd88bea47ccc785798c3ff8e8407ba010201408c39eaba7979812fde8b57867e097f3d070aa17c2bb2bc3b7479063b8acb71ff0f412eeb40c95af89139cd1a354f497f42d906e62d8a38de1f024ac0b4982a8001403a3697e5ef177f6b0bc40f9258b75e9f340acd99f88eeaa020e91aaa90743c18e8fded221b06f12f386329a514e84d4b6fd466da4c3a6be20820728cb242effb00010201f80960566aee2fe33f0114dcb27b440dac5f660c8b7cedb1f021eaeb5d39120001f8f9cfd4ca08681e400114419cb929872a2fed40e081aa9a2fd23cd5a9bc100001f82a78cff095382be4000120a4ef900405f99ba98b7052b237207356cfe3143f70f43afafa84c4928cb6b19c010201207e4d15c115e3cf1e8b3f17d80c113e6c6d100bbf69b261c7a25e7995d5337b38010201409f829eb4dfd904bf692493642d11cc68d4351b1dc64822cff532ce9580ea34dfad4072074ea725b70ddc3faaa83757aefad5233b8f7036d88312a08f2d10e4e201403a3697e5ef177f6b0bc40f9258b75e9f340acd99f88eeaa020e91aaa90743c18e8fded221b06f12f386329a514e84d4b6fd466da4c3a6be20820728cb242effb0001209e8683229ce86d7edbc2d95373c931f37cb9ba5ddd861de8ceadacd475bd917c01020140fd7aec92535cfef184357cce101268219fe52fd86c9c0a12cd5ae7f1ce1f2d3be112446068cfa1a4bdfc754a3cbfc1ef8add74faf3b99f1c92e7b39d6d6cec7f01403a3697e5ef177f6b0bc40f9258b75e9f340acd99f88eeaa020e91aaa90743c18e8fded221b06f12f386329a514e84d4b6fd466da4c3a6be20820728cb242effb00010201f80960566aee2fe33f0114dcb27b440dac5f660c8b7cedb1f021eaeb5d39120001f87ff84c38ec9515400114419cb929872a2fed40e081aa9a2fd23cd5a9bc100001f82a78cff0dbf73cce0001203a30e98a43be411788d82125989ad66bd7d7410c41701c957eddc54a388b6b4e0101020102283163313038366663313564613639303566646533643434366166366338653362653639343266333100010101fe24400114419cb929872a2fed40e081aa9a2fd23cd5a9bc10000001200000913b7a9908cfa22f4d8c4c7753aeeec311a68ad9ed626836b60852b3e98a01200000af5928fde20e9c69c1b43f981d333948226f0d8f24d3f62033ed0920c1e201fe5198011000'),('0000b976c1650893babb15f2fb0ea25f4e6a08d2af87d8fb30c17682d1d050f5','63ff8103010105426c6f636b01ff82000106010954696d657374616d70010400010c5472616e73616374696f6e7301ff8e00010d50726576426c6f636b48617368010a00010448617368010a0001054e6f6e63650104000106486569676874010400000028ff8d020101195b5d2a737472756374757265732e5472616e73616374696f6e01ff8e0001ff8400002fff83030102ff8400010401024944010a00010356696e01ff88000104566f757401ff8c00010454696d65010400000023ff87020101145b5d737472756374757265732e5458496e70757401ff880001ff86000040ff85030101075458496e70757401ff86000104010454786964010a000104566f757401040001095369676e6174757265010a0001065075624b6579010a00000024ff8b020101155b5d737472756374757265732e54584f757470757401ff8c0001ff8a00002fff890301010854584f757470757401ff8a000102010556616c7565010800010a5075624b657948617368010a000000fe08ecff8201fcb668cfb801060120038ad2cbe29d905e16cc272d13da5fd4e16fbb978bdc9a5af459db86494c206e01030120bf11c373dd9d260a3fc75c1606db29e29105e3d0f2b8fccea0f98ebcc2c9f4f101020140b7c45fb17f9622923ffdf3dc9e7e339b0a350c06acfec73634772bfc5fa7fa2246c153efe7b1e695fef5bbc517f1dbc5965b2a74884789163661598d2d862da301401d1d732bec08529badc0d7834050db631b16dc98d6e7e7ad57a4d1d73ea7f5d0c7867ae5929a9318ef5acc94f6f35df637d0e3705f4da9835f676d7a078bf2d4000120f5e53595389378e11d8b85d56ad07f389774218378ee241debccfb5f8982be6b0240d0b89ed37a2297591d7366fca8668956c319c29553a72322142f72ba3b41ecf96cefb9830a0e9f70053ef0cd2966c9c90fcb7a790e466d356375613294c081c201401d1d732bec08529badc0d7834050db631b16dc98d6e7e7ad57a4d1d73ea7f5d0c7867ae5929a9318ef5acc94f6f35df637d0e3705f4da9835f676d7a078bf2d4000120702006a5dbdbc604bccfd480de201793f550676d436ab5d1164bd36c669d2a360240fe4be77c877515dbf14dd3b10b41bcd11f13a68e3c5f609908f598b7cdd164078059848665f6861257a746096d67f841bab23f3d02b617b9d991522ff591ea0001401d1d732bec08529badc0d7834050db631b16dc98d6e7e7ad57a4d1d73ea7f5d0c7867ae5929a9318ef5acc94f6f35df637d0e3705f4da9835f676d7a078bf2d400010201f851016a49cb71843f0114611993528625ddb0b41c0afac520b38eab3b7ce40001f81b55768fa659843f0114f497b520b4beda29ac9636c64cb4cb039e25701e0001f82a7872db2760cf380001209b7a71e39ebb06cfe45a5c43d72d99c09d4119f9c61bb9ab05dea2c30c8b7bf401020120b2933465e9d4f0d7f30e76faa271a345539b9aebb20f0e17fe06d8d092c41c46010201408fcb166e72d63b14ed8c8f82b0392fc72cea31c9913f570b3253b17e9526dabb853d5483694f2b3c5de7e744f49daf9ba37b877a8e642c24ba9469eb82394fc601403addfe25d39e4de5de2a6f97f4db0619eac4133874ca03ed110a28d81488e18c8a5c548adfe7f08302b34467ff66cbb1dc60b4d389502a896b8994f8c371a602000120bf11c373dd9d260a3fc75c1606db29e29105e3d0f2b8fccea0f98ebcc2c9f4f10240f67300c46563760d1e35220fecd9dbcbf4b8d0da9a926776d9540cefdc43d72e01ea3150cf25ef26c4628ac5843adf3b0c4ff5d5c279eb889408cc445c3bd37201403addfe25d39e4de5de2a6f97f4db0619eac4133874ca03ed110a28d81488e18c8a5c548adfe7f08302b34467ff66cbb1dc60b4d389502a896b8994f8c371a60200010201f8e64b7f61bf48843f0114419cb929872a2fed40e081aa9a2fd23cd5a9bc100001f8706592894268403f0114611993528625ddb0b41c0afac520b38eab3b7ce40001f82a7872db3deab158000120fa7f9e6848db5314b701e5e54ee49c0b744d4250cbde9348a915a1812ed4ed7001020120f5e53595389378e11d8b85d56ad07f389774218378ee241debccfb5f8982be6b0102014096b5dac60dc952a567367e35b71eeed5ace8324853617a9545a40fc8238b0de851b24e12bf2a07dc9e8490850bdf1ddd78ff6938fe5642d2920ebc063d931ab701403a3697e5ef177f6b0bc40f9258b75e9f340acd99f88eeaa020e91aaa90743c18e8fded221b06f12f386329a514e84d4b6fd466da4c3a6be20820728cb242effb000120b2933465e9d4f0d7f30e76faa271a345539b9aebb20f0e17fe06d8d092c41c4602405f37e060eb2e55dd598ce1098c1c4e14e1e19d97e150bafaae35f036ba88b38666da38defae594c7525c1c92b6488b7c38ae8f0f0a85f95e0f14be31b6dc57e801403a3697e5ef177f6b0bc40f9258b75e9f340acd99f88eeaa020e91aaa90743c18e8fded221b06f12f386329a514e84d4b6fd466da4c3a6be20820728cb242effb00010201f883ad4cd79795833f0114f497b520b4beda29ac9636c64cb4cb039e25701e0001f8804a6417f310193f0114419cb929872a2fed40e081aa9a2fd23cd5a9bc100001f82a7872db46b832b0000120b4862ecfadab289c0af7df55362fd8896a0c70dea0f67bc1b1ee0e6224c3671801010120702006a5dbdbc604bccfd480de201793f550676d436ab5d1164bd36c669d2a36010201403f5b7b2f467a4444028a5f673f44ff25fc1b729e71f53547a117a7edddca2c8e5a1bfc559c1aff02b22007041e1fd6849b7ad7c8aadf151dbe01a86f20c18e9901403a3697e5ef177f6b0bc40f9258b75e9f340acd99f88eeaa020e91aaa90743c18e8fded221b06f12f386329a514e84d4b6fd466da4c3a6be20820728cb242effb00010201f8450bb719fa69843f0114f497b520b4beda29ac9636c64cb4cb039e25701e0001f8bd61aab25285ff3f0114419cb929872a2fed40e081aa9a2fd23cd5a9bc100001f82a7872db5ec69922000120109aa45ac3ab47b204491d50689740230f8c0a00afc7a785c0598ce491b3c3670101012083202062ed5552918a1a387dca5458f2b26b9a6e9c52a412aea929165cb8f3e9010201404aa8d5666cbf923fcda7b4f911d5eb448f92997c3ce087d064c7b88a21307a1ddaea1df376456614949686bdf70c480bacf0316770da01ca7c3a86f8111095c301401d1d732bec08529badc0d7834050db631b16dc98d6e7e7ad57a4d1d73ea7f5d0c7867ae5929a9318ef5acc94f6f35df637d0e3705f4da9835f676d7a078bf2d400010201f8450bb719fa69843f0114611993528625ddb0b41c0afac520b38eab3b7ce40001f8704d4f928deb1b400114f497b520b4beda29ac9636c64cb4cb039e25701e0001f82a7872db687d835a000120a4c2efbec41b1b2b2d6c7821240fbef74751a5ed48fdc5ce1bff47d27d96f2fd0101020102283931636635326330396237376636396366666663313664656466383932303966663966333633353000010101fe24400114f497b520b4beda29ac9636c64cb4cb039e25701e0000012000000e523054361fc30f1710cd534e17673fa3a5abaa9ca77d8f8c0ea0b5681601200000b976c1650893babb15f2fb0ea25f4e6a08d2af87d8fb30c17682d1d050f501fe3be8010a00'),('0000ec661c4b711e17c323c3882b8ca5f61b4129405283983aa4b6d0c5c6e501','63ff8103010105426c6f636b01ff82000106010954696d657374616d70010400010c5472616e73616374696f6e7301ff8e00010d50726576426c6f636b48617368010a00010448617368010a0001054e6f6e63650104000106486569676874010400000028ff8d020101195b5d2a737472756374757265732e5472616e73616374696f6e01ff8e0001ff8400002fff83030102ff8400010401024944010a00010356696e01ff88000104566f757401ff8c00010454696d65010400000023ff87020101145b5d737472756374757265732e5458496e70757401ff880001ff86000040ff85030101075458496e70757401ff86000104010454786964010a000104566f757401040001095369676e6174757265010a0001065075624b6579010a00000024ff8b020101155b5d737472756374757265732e54584f757470757401ff8c0001ff8a00002fff890301010854584f757470757401ff8a000102010556616c7565010800010a5075624b657948617368010a000000fe02e1ff8201fcb668cf9a010301202de5c7c924a2dcb108daf6e9e8d02a87bb4fdede11ea72babed347341d40d5ec010101202e603a0d57e4a37fd628b7081e8351baedf5d8614ea60d09bc392d30a74f09e201020140a85a9f65c1afd858a1fdc17dd0be07d82b28a7d56db4b0a2b326f09970c6fe04fb8943ca53cfa293cc2a8914a9c476d9d464e51c579a0e2cbdbe419af9b76eae01401d1d732bec08529badc0d7834050db631b16dc98d6e7e7ad57a4d1d73ea7f5d0c7867ae5929a9318ef5acc94f6f35df637d0e3705f4da9835f676d7a078bf2d400010201400114419cb929872a2fed40e081aa9a2fd23cd5a9bc100001fe1c400114f497b520b4beda29ac9636c64cb4cb039e25701e0001f82a7872d45ee6166c0001207f74bbfdf351b50914dc532a8b9dcafec99a867d15f25b76aa58c9484fc8adc501010120f5ccfeabdbda39fbbd2e458a8b68afa3c362051fad587ef1b506e1697229bfaa0240d4155c229860ba0de4fa22f8509e7be20e12b443eb6c7bcb17d5054e3492230ca823f2e2f3d284345b2dd91efcad820fbaf3d6771595b7f9646843f472f01dfb01401d1d732bec08529badc0d7834050db631b16dc98d6e7e7ad57a4d1d73ea7f5d0c7867ae5929a9318ef5acc94f6f35df637d0e3705f4da9835f676d7a078bf2d400010201fe08400114419cb929872a2fed40e081aa9a2fd23cd5a9bc100001fe1c400114f497b520b4beda29ac9636c64cb4cb039e25701e0001f82a7872d4699ce05e000120cce02449a2c8913227e74e357e50836aafec0711937b260d3e1e1e4ee354153d0101020102286532303863303936383765633530616137656663343633633965353433323733306464316537363400010101fe24400114f497b520b4beda29ac9636c64cb4cb039e25701e0000012000005e060d449664d2306dad00926d936021d813888691c120dbea4a68d27d8e01200000ec661c4b711e17c323c3882b8ca5f61b4129405283983aa4b6d0c5c6e50101fd028ed8010400'),('66','000017690581c1b6b35226a7f8a0fc9618da870fd6b090989fde6c680c614d9e'),('6c','0000af5928fde20e9c69c1b43f981d333948226f0d8f24d3f62033ed0920c1e2');

/*!40000 ALTER TABLE blocks ENABLE KEYS */;
UNLOCK TABLES;

--
-- Table structure for table nodes
--

DROP TABLE IF EXISTS nodes;
/*!40101 SET @saved_cs_client     = @@character_set_client */;
/*!40101 SET character_set_client = utf8 */;
CREATE TABLE `nodes` (
  `k` varbinary(100) NOT NULL,
  `v` varbinary(200) DEFAULT NULL,
  PRIMARY KEY (`k`)
) ENGINE=InnoDB DEFAULT CHARSET=latin1;
/*!40101 SET character_set_client = @saved_cs_client */;
--
-- Dumping data for table nodes
--

LOCK TABLES nodes WRITE;
/*!40000 ALTER TABLE nodes DISABLE KEYS */;

INSERT INTO nodes VALUES ('3132372e302e302e313a3330303030','3132372e302e302e313a3330303030'),('3132372e302e302e313a3330303035','3132372e302e302e313a3330303035'),('6c6f63616c686f73743a3330303030','6c6f63616c686f73743a3330303030');

/*!40000 ALTER TABLE nodes ENABLE KEYS */;
UNLOCK TABLES;

--
-- Table structure for table transactions
--

DROP TABLE IF EXISTS transactions;
/*!40101 SET @saved_cs_client     = @@character_set_client */;
/*!40101 SET character_set_client = utf8 */;
CREATE TABLE `transactions` (
  `k` varbinary(100) NOT NULL,
  `v` blob,
  PRIMARY KEY (`k`)
) ENGINE=InnoDB DEFAULT CHARSET=latin1;
/*!40101 SET character_set_client = @saved_cs_client */;
--
-- Dumping data for table transactions
--

LOCK TABLES transactions WRITE;
/*!40000 ALTER TABLE transactions DISABLE KEYS */;

INSERT INTO transactions VALUES ('038ad2cbe29d905e16cc272d13da5fd4e16fbb978bdc9a5af459db86494c206e','0cff8f020102ff9000010a000025ff900001200000b976c1650893babb15f2fb0ea25f4e6a08d2af87d8fb30c17682d1d050f5'),('06d1484acdd65458f3f64ad5e819489e59a50e32831b4a6e215a59319b0a2d56','0cff99020102ff9a00010a000025ff9a0001200000ae82ac6ca9bc5e186b3a387b9c30af8023d5c3e9bca29d62ac48719c33ef'),('109aa45ac3ab47b204491d50689740230f8c0a00afc7a785c0598ce491b3c367','0cff8f020102ff9000010a000025ff900001200000b976c1650893babb15f2fb0ea25f4e6a08d2af87d8fb30c17682d1d050f5'),('1c6bf610e328da2f39cdf2af36550599923f73d16aaae2cd1ebd95a75286761d','0cff99020102ff9a00010a000025ff9a0001200000ae82ac6ca9bc5e186b3a387b9c30af8023d5c3e9bca29d62ac48719c33ef'),('1eb01be7253d5445ba18b74dc1a02b5c2f0f0f056767f073980098d1212fb4f1','0cff8f020102ff9000010a000025ff90000120000045492ae2021e5bbcf3ff4c645038997b9872860e63969ae147bf3ba79364'),('26469dc8f3be745cf9e34fa0bcd508a23146a3bd4fa976d074c8e3f2743bd04d','0cff99020102ff9a00010a000025ff9a0001200000913b7a9908cfa22f4d8c4c7753aeeec311a68ad9ed626836b60852b3e98a'),('2756732cb17219a5ab18a8d22aa71bce256889674d9da3b94032c1d7a179d8cb','0cff99020102ff9a00010a000025ff9a0001200000af5928fde20e9c69c1b43f981d333948226f0d8f24d3f62033ed0920c1e2'),('2de5c7c924a2dcb108daf6e9e8d02a87bb4fdede11ea72babed347341d40d5ec','0cff8f020102ff9000010a000025ff900001200000ec661c4b711e17c323c3882b8ca5f61b4129405283983aa4b6d0c5c6e501'),('2e603a0d57e4a37fd628b7081e8351baedf5d8614ea60d09bc392d30a74f09e2','0cff8f020102ff9000010a000025ff9000012000005e060d449664d2306dad00926d936021d813888691c120dbea4a68d27d8e'),('2f5926fb6f9c8607a973b31d10c86b8ad2355694171e859bb23030a60bfa4263','0cff8f020102ff9000010a000025ff9000012000000e523054361fc30f1710cd534e17673fa3a5abaa9ca77d8f8c0ea0b56816'),('341a12f8a9a1e868da50069fb1d6badea52cf1c54b9bdb012e1f34f44478c83e','0cff99020102ff9a00010a000025ff9a0001200000ae82ac6ca9bc5e186b3a387b9c30af8023d5c3e9bca29d62ac48719c33ef'),('3508f42fcfa68f1bbe7c77a4564c4281c402caf439fb4f96e486c81f294c3717','0cff8f020102ff9000010a000025ff90000120000045492ae2021e5bbcf3ff4c645038997b9872860e63969ae147bf3ba79364'),('360a285ec77e1f6b75022523e015697ee0f83fb40317597acd2b56401c4794a0','0cff99020102ff9a00010a000025ff9a0001200000913b7a9908cfa22f4d8c4c7753aeeec311a68ad9ed626836b60852b3e98a'),('3a30e98a43be411788d82125989ad66bd7d7410c41701c957eddc54a388b6b4e','0cff99020102ff9a00010a000025ff9a0001200000af5928fde20e9c69c1b43f981d333948226f0d8f24d3f62033ed0920c1e2'),('6026ac0bebafaf3e2ff851b7f526a844fd75fa264beda891cf837a91488a26c1','0cff99020102ff9a00010a000025ff9a0001200000ae82ac6ca9bc5e186b3a387b9c30af8023d5c3e9bca29d62ac48719c33ef'),('676b1d7d53c6b02b5a168f9b1bd57a215633c9218559f8e59679d6cdf8bb7435','0cff8f020102ff9000010a000025ff90000120000045492ae2021e5bbcf3ff4c645038997b9872860e63969ae147bf3ba79364'),('68e002cc251ee42a3569c0022bfd5288bbf5d755fd69caa20fbc7f72aa7f1347','0cff99020102ff9a00010a000025ff9a0001200000913b7a9908cfa22f4d8c4c7753aeeec311a68ad9ed626836b60852b3e98a'),('702006a5dbdbc604bccfd480de201793f550676d436ab5d1164bd36c669d2a36','0cff8f020102ff9000010a000025ff9000012000000e523054361fc30f1710cd534e17673fa3a5abaa9ca77d8f8c0ea0b56816'),('725dede31ec3315fbfa48bb70a2d6cd5aacd88bea47ccc785798c3ff8e8407ba','0cff99020102ff9a00010a000025ff9a0001200000af5928fde20e9c69c1b43f981d333948226f0d8f24d3f62033ed0920c1e2'),('77f99c2f3ea2979c88b6893fac6007fbb937a553cb4e9cb7ec231236d18a9a70','0cff99020102ff9a00010a000025ff9a0001200000af5928fde20e9c69c1b43f981d333948226f0d8f24d3f62033ed0920c1e2'),('7e4d15c115e3cf1e8b3f17d80c113e6c6d100bbf69b261c7a25e7995d5337b38','0cff99020102ff9a00010a000025ff9a0001200000af5928fde20e9c69c1b43f981d333948226f0d8f24d3f62033ed0920c1e2'),('7f74bbfdf351b50914dc532a8b9dcafec99a867d15f25b76aa58c9484fc8adc5','0cff8f020102ff9000010a000025ff900001200000ec661c4b711e17c323c3882b8ca5f61b4129405283983aa4b6d0c5c6e501'),('83202062ed5552918a1a387dca5458f2b26b9a6e9c52a412aea929165cb8f3e9','0cff8f020102ff9000010a000025ff90000120000045492ae2021e5bbcf3ff4c645038997b9872860e63969ae147bf3ba79364'),('83a2603337450bb59c3b326420e0de9c76831629d74e3b8d53682dd7cbfbd145','0cff99020102ff9a00010a000025ff9a0001200000913b7a9908cfa22f4d8c4c7753aeeec311a68ad9ed626836b60852b3e98a'),('9b7a71e39ebb06cfe45a5c43d72d99c09d4119f9c61bb9ab05dea2c30c8b7bf4','0cff8f020102ff9000010a000025ff900001200000b976c1650893babb15f2fb0ea25f4e6a08d2af87d8fb30c17682d1d050f5'),('9e8683229ce86d7edbc2d95373c931f37cb9ba5ddd861de8ceadacd475bd917c','0cff99020102ff9a00010a000025ff9a0001200000af5928fde20e9c69c1b43f981d333948226f0d8f24d3f62033ed0920c1e2'),('a314ca8cbdc176f63643c1da0a39f5c95a05343b89875f623def2c73f80425aa','0cff99020102ff9a00010a000025ff9a0001200000913b7a9908cfa22f4d8c4c7753aeeec311a68ad9ed626836b60852b3e98a'),('a4c2efbec41b1b2b2d6c7821240fbef74751a5ed48fdc5ce1bff47d27d96f2fd','0cff8f020102ff9000010a000025ff900001200000b976c1650893babb15f2fb0ea25f4e6a08d2af87d8fb30c17682d1d050f5'),('a4ef900405f99ba98b7052b237207356cfe3143f70f43afafa84c4928cb6b19c','0cff99020102ff9a00010a000025ff9a0001200000af5928fde20e9c69c1b43f981d333948226f0d8f24d3f62033ed0920c1e2'),('a689d3cf98557570adc2eb9cf3852c47bb3b4211e20644a63c6ec6a9109ed7c5','0cff8f020102ff9000010a000025ff90000120000017690581c1b6b35226a7f8a0fc9618da870fd6b090989fde6c680c614d9e'),('b2933465e9d4f0d7f30e76faa271a345539b9aebb20f0e17fe06d8d092c41c46','0cff8f020102ff9000010a000025ff9000012000000e523054361fc30f1710cd534e17673fa3a5abaa9ca77d8f8c0ea0b56816'),('b4862ecfadab289c0af7df55362fd8896a0c70dea0f67bc1b1ee0e6224c36718','0cff8f020102ff9000010a000025ff900001200000b976c1650893babb15f2fb0ea25f4e6a08d2af87d8fb30c17682d1d050f5'),('bf11c373dd9d260a3fc75c1606db29e29105e3d0f2b8fccea0f98ebcc2c9f4f1','0cff8f020102ff9000010a000025ff9000012000000e523054361fc30f1710cd534e17673fa3a5abaa9ca77d8f8c0ea0b56816'),('c215c1707dd4b84544efded9dd83f8d8aad440e03223826fc976cec1a7c6036a','0cff99020102ff9a00010a000025ff9a0001200000913b7a9908cfa22f4d8c4c7753aeeec311a68ad9ed626836b60852b3e98a'),('c68d60b66e650bce8ba86c2db5cf053cd056883cb2927aab671c89075235cff6','0cff99020102ff9a00010a000025ff9a0001200000ae82ac6ca9bc5e186b3a387b9c30af8023d5c3e9bca29d62ac48719c33ef'),('c9e21892c0bf170536c794350ee82d6e3f948d691dc7acd65be13fe78792cd23','0cff99020102ff9a00010a000025ff9a0001200000913b7a9908cfa22f4d8c4c7753aeeec311a68ad9ed626836b60852b3e98a'),('cce02449a2c8913227e74e357e50836aafec0711937b260d3e1e1e4ee354153d','0cff8f020102ff9000010a000025ff900001200000ec661c4b711e17c323c3882b8ca5f61b4129405283983aa4b6d0c5c6e501'),('d8b365f8ce491ed6b6fe049e8d7f85f77a0c249dc54c8fb6dc00efb0b428fbde','0cff99020102ff9a00010a000025ff9a0001200000913b7a9908cfa22f4d8c4c7753aeeec311a68ad9ed626836b60852b3e98a'),('dce27ec0f5aa84c8630f06ec5d8fccdc187e81ad12cd1578c8487ccf8bd0aa7a','0cff99020102ff9a00010a000025ff9a0001200000ae82ac6ca9bc5e186b3a387b9c30af8023d5c3e9bca29d62ac48719c33ef'),('e4ce806bb84cce11ced7d979963f8015f39a432cfccbe4500c4897721cd0a793','0cff99020102ff9a00010a000025ff9a0001200000af5928fde20e9c69c1b43f981d333948226f0d8f24d3f62033ed0920c1e2'),('f380e8e97a516278b1e667d8cef1b905d97ccb1fc53aa3b12a34ccc78d8351b8','0cff99020102ff9a00010a000025ff9a0001200000af5928fde20e9c69c1b43f981d333948226f0d8f24d3f62033ed0920c1e2'),('f5ccfeabdbda39fbbd2e458a8b68afa3c362051fad587ef1b506e1697229bfaa','0cff8f020102ff9000010a000025ff9000012000005e060d449664d2306dad00926d936021d813888691c120dbea4a68d27d8e'),('f5e53595389378e11d8b85d56ad07f389774218378ee241debccfb5f8982be6b','0cff8f020102ff9000010a000025ff9000012000000e523054361fc30f1710cd534e17673fa3a5abaa9ca77d8f8c0ea0b56816'),('fa7f9e6848db5314b701e5e54ee49c0b744d4250cbde9348a915a1812ed4ed70','0cff8f020102ff9000010a000025ff900001200000b976c1650893babb15f2fb0ea25f4e6a08d2af87d8fb30c17682d1d050f5'),('ffa6c706015924b64461f2abb58f2e292e8a12def659a8b3aa18e0f6e3a57f83','0cff99020102ff9a00010a000025ff9a0001200000ae82ac6ca9bc5e186b3a387b9c30af8023d5c3e9bca29d62ac48719c33ef');

/*!40000 ALTER TABLE transactions ENABLE KEYS */;
UNLOCK TABLES;

--
-- Table structure for table transactionsoutputs
--

DROP TABLE IF EXISTS transactionsoutputs;
/*!40101 SET @saved_cs_client     = @@character_set_client */;
/*!40101 SET character_set_client = utf8 */;
CREATE TABLE `transactionsoutputs` (
  `k` varbinary(100) NOT NULL,
  `v` blob,
  PRIMARY KEY (`k`)
) ENGINE=InnoDB DEFAULT CHARSET=latin1;
/*!40101 SET character_set_client = @saved_cs_client */;
--
-- Dumping data for table transactionsoutputs
--

LOCK TABLES transactionsoutputs WRITE;
/*!40000 ALTER TABLE transactionsoutputs DISABLE KEYS */;

INSERT INTO transactionsoutputs VALUES ('06d1484acdd65458f3f64ad5e819489e59a50e32831b4a6e215a59319b0a2d56','0dff9d020102ff9e0001ff9c00005eff9b0301011d5472616e73616374696f6e73496e6465785370656e744f75747075747301ff9c00010401064f7574496e64010400010b5458576865726555736564010a000105496e496e640104000109426c6f636b48617368010a0000004bff9e000101020120c68d60b66e650bce8ba86c2db5cf053cd056883cb2927aab671c89075235cff602200000ae82ac6ca9bc5e186b3a387b9c30af8023d5c3e9bca29d62ac48719c33ef00'),('1c6bf610e328da2f39cdf2af36550599923f73d16aaae2cd1ebd95a75286761d','0dff9d020102ff9e0001ff9c00005eff9b0301011d5472616e73616374696f6e73496e6465785370656e744f75747075747301ff9c00010401064f7574496e64010400010b5458576865726555736564010a000105496e496e640104000109426c6f636b48617368010a0000004dff9e000101020120c215c1707dd4b84544efded9dd83f8d8aad440e03223826fc976cec1a7c6036a010201200000913b7a9908cfa22f4d8c4c7753aeeec311a68ad9ed626836b60852b3e98a00'),('1eb01be7253d5445ba18b74dc1a02b5c2f0f0f056767f073980098d1212fb4f1','0dff97020102ff980001ff9600005eff950301011d5472616e73616374696f6e73496e6465785370656e744f75747075747301ff9600010401064f7574496e64010400010b5458576865726555736564010a000105496e496e640104000109426c6f636b48617368010a000000ff90ff9800020220bf11c373dd9d260a3fc75c1606db29e29105e3d0f2b8fccea0f98ebcc2c9f4f1022000000e523054361fc30f1710cd534e17673fa3a5abaa9ca77d8f8c0ea0b568160001020120702006a5dbdbc604bccfd480de201793f550676d436ab5d1164bd36c669d2a36022000000e523054361fc30f1710cd534e17673fa3a5abaa9ca77d8f8c0ea0b5681600'),('26469dc8f3be745cf9e34fa0bcd508a23146a3bd4fa976d074c8e3f2743bd04d','0dff9d020102ff9e0001ff9c00005eff9b0301011d5472616e73616374696f6e73496e6465785370656e744f75747075747301ff9c00010401064f7574496e64010400010b5458576865726555736564010a000105496e496e640104000109426c6f636b48617368010a00000049ff9e00010220f380e8e97a516278b1e667d8cef1b905d97ccb1fc53aa3b12a34ccc78d8351b802200000af5928fde20e9c69c1b43f981d333948226f0d8f24d3f62033ed0920c1e200'),('2756732cb17219a5ab18a8d22aa71bce256889674d9da3b94032c1d7a179d8cb','0dff9d020102ff9e0001ff9c00005eff9b0301011d5472616e73616374696f6e73496e6465785370656e744f75747075747301ff9c00010401064f7574496e64010400010b5458576865726555736564010a000105496e496e640104000109426c6f636b48617368010a0000004bff9e000101020120725dede31ec3315fbfa48bb70a2d6cd5aacd88bea47ccc785798c3ff8e8407ba02200000af5928fde20e9c69c1b43f981d333948226f0d8f24d3f62033ed0920c1e200'),('2de5c7c924a2dcb108daf6e9e8d02a87bb4fdede11ea72babed347341d40d5ec','0dff97020102ff980001ff9600005eff950301011d5472616e73616374696f6e73496e6465785370656e744f75747075747301ff9600010401064f7574496e64010400010b5458576865726555736564010a000105496e496e640104000109426c6f636b48617368010a000000ff90ff9800020102012083202062ed5552918a1a387dca5458f2b26b9a6e9c52a412aea929165cb8f3e90220000045492ae2021e5bbcf3ff4c645038997b9872860e63969ae147bf3ba793640002201eb01be7253d5445ba18b74dc1a02b5c2f0f0f056767f073980098d1212fb4f10220000045492ae2021e5bbcf3ff4c645038997b9872860e63969ae147bf3ba7936400'),('2e603a0d57e4a37fd628b7081e8351baedf5d8614ea60d09bc392d30a74f09e2','0dff97020102ff980001ff9600005eff950301011d5472616e73616374696f6e73496e6465785370656e744f75747075747301ff9600010401064f7574496e64010400010b5458576865726555736564010a000105496e496e640104000109426c6f636b48617368010a000000ff90ff980002010201202de5c7c924a2dcb108daf6e9e8d02a87bb4fdede11ea72babed347341d40d5ec02200000ec661c4b711e17c323c3882b8ca5f61b4129405283983aa4b6d0c5c6e501000220676b1d7d53c6b02b5a168f9b1bd57a215633c9218559f8e59679d6cdf8bb74350220000045492ae2021e5bbcf3ff4c645038997b9872860e63969ae147bf3ba7936400'),('341a12f8a9a1e868da50069fb1d6badea52cf1c54b9bdb012e1f34f44478c83e','0dff9d020102ff9e0001ff9c00005eff9b0301011d5472616e73616374696f6e73496e6465785370656e744f75747075747301ff9c00010401064f7574496e64010400010b5458576865726555736564010a000105496e496e640104000109426c6f636b48617368010a0000004bff9e000101020120dce27ec0f5aa84c8630f06ec5d8fccdc187e81ad12cd1578c8487ccf8bd0aa7a02200000ae82ac6ca9bc5e186b3a387b9c30af8023d5c3e9bca29d62ac48719c33ef00'),('360a285ec77e1f6b75022523e015697ee0f83fb40317597acd2b56401c4794a0','0dff9d020102ff9e0001ff9c00005eff9b0301011d5472616e73616374696f6e73496e6465785370656e744f75747075747301ff9c00010401064f7574496e64010400010b5458576865726555736564010a000105496e496e640104000109426c6f636b48617368010a0000004bff9e00010102012083a2603337450bb59c3b326420e0de9c76831629d74e3b8d53682dd7cbfbd14502200000913b7a9908cfa22f4d8c4c7753aeeec311a68ad9ed626836b60852b3e98a00'),('6026ac0bebafaf3e2ff851b7f526a844fd75fa264beda891cf837a91488a26c1','0dff9d020102ff9e0001ff9c00005eff9b0301011d5472616e73616374696f6e73496e6465785370656e744f75747075747301ff9c00010401064f7574496e64010400010b5458576865726555736564010a000105496e496e640104000109426c6f636b48617368010a00000049ff9e00010220360a285ec77e1f6b75022523e015697ee0f83fb40317597acd2b56401c4794a002200000913b7a9908cfa22f4d8c4c7753aeeec311a68ad9ed626836b60852b3e98a00'),('676b1d7d53c6b02b5a168f9b1bd57a215633c9218559f8e59679d6cdf8bb7435','0dff97020102ff980001ff9600005eff950301011d5472616e73616374696f6e73496e6465785370656e744f75747075747301ff9600010401064f7574496e64010400010b5458576865726555736564010a000105496e496e640104000109426c6f636b48617368010a00000049ff9800010220f5e53595389378e11d8b85d56ad07f389774218378ee241debccfb5f8982be6b022000000e523054361fc30f1710cd534e17673fa3a5abaa9ca77d8f8c0ea0b5681600'),('68e002cc251ee42a3569c0022bfd5288bbf5d755fd69caa20fbc7f72aa7f1347','0dff9d020102ff9e0001ff9c00005eff9b0301011d5472616e73616374696f6e73496e6465785370656e744f75747075747301ff9c00010401064f7574496e64010400010b5458576865726555736564010a000105496e496e640104000109426c6f636b48617368010a0000004bff9e0001010201209e8683229ce86d7edbc2d95373c931f37cb9ba5ddd861de8ceadacd475bd917c02200000af5928fde20e9c69c1b43f981d333948226f0d8f24d3f62033ed0920c1e200'),('702006a5dbdbc604bccfd480de201793f550676d436ab5d1164bd36c669d2a36','0dff97020102ff980001ff9600005eff950301011d5472616e73616374696f6e73496e6465785370656e744f75747075747301ff9600010401064f7574496e64010400010b5458576865726555736564010a000105496e496e640104000109426c6f636b48617368010a000000ff92ff9800020220038ad2cbe29d905e16cc272d13da5fd4e16fbb978bdc9a5af459db86494c206e010401200000b976c1650893babb15f2fb0ea25f4e6a08d2af87d8fb30c17682d1d050f50001020120b4862ecfadab289c0af7df55362fd8896a0c70dea0f67bc1b1ee0e6224c3671802200000b976c1650893babb15f2fb0ea25f4e6a08d2af87d8fb30c17682d1d050f500'),('725dede31ec3315fbfa48bb70a2d6cd5aacd88bea47ccc785798c3ff8e8407ba','0dff9d020102ff9e0001ff9c00005eff9b0301011d5472616e73616374696f6e73496e6465785370656e744f75747075747301ff9c00010401064f7574496e64010400010b5458576865726555736564010a000105496e496e640104000109426c6f636b48617368010a0000004bff9e000101020120e4ce806bb84cce11ced7d979963f8015f39a432cfccbe4500c4897721cd0a79302200000af5928fde20e9c69c1b43f981d333948226f0d8f24d3f62033ed0920c1e200'),('77f99c2f3ea2979c88b6893fac6007fbb937a553cb4e9cb7ec231236d18a9a70','0dff9d020102ff9e0001ff9c00005eff9b0301011d5472616e73616374696f6e73496e6465785370656e744f75747075747301ff9c00010401064f7574496e64010400010b5458576865726555736564010a000105496e496e640104000109426c6f636b48617368010a0000004bff9e0001010201207e4d15c115e3cf1e8b3f17d80c113e6c6d100bbf69b261c7a25e7995d5337b3802200000af5928fde20e9c69c1b43f981d333948226f0d8f24d3f62033ed0920c1e200'),('7e4d15c115e3cf1e8b3f17d80c113e6c6d100bbf69b261c7a25e7995d5337b38','0dff9d020102ff9e0001ff9c00005eff9b0301011d5472616e73616374696f6e73496e6465785370656e744f75747075747301ff9c00010401064f7574496e64010400010b5458576865726555736564010a000105496e496e640104000109426c6f636b48617368010a0000004bff9e000101020120a4ef900405f99ba98b7052b237207356cfe3143f70f43afafa84c4928cb6b19c02200000af5928fde20e9c69c1b43f981d333948226f0d8f24d3f62033ed0920c1e200'),('7f74bbfdf351b50914dc532a8b9dcafec99a867d15f25b76aa58c9484fc8adc5','0dff9d020102ff9e0001ff9c00005eff9b0301011d5472616e73616374696f6e73496e6465785370656e744f75747075747301ff9c00010401064f7574496e64010400010b5458576865726555736564010a000105496e496e640104000109426c6f636b48617368010a00000049ff9e00010220ffa6c706015924b64461f2abb58f2e292e8a12def659a8b3aa18e0f6e3a57f8302200000ae82ac6ca9bc5e186b3a387b9c30af8023d5c3e9bca29d62ac48719c33ef00'),('83202062ed5552918a1a387dca5458f2b26b9a6e9c52a412aea929165cb8f3e9','0dff97020102ff980001ff9600005eff950301011d5472616e73616374696f6e73496e6465785370656e744f75747075747301ff9600010401064f7574496e64010400010b5458576865726555736564010a000105496e496e640104000109426c6f636b48617368010a000000ff90ff9800020220b2933465e9d4f0d7f30e76faa271a345539b9aebb20f0e17fe06d8d092c41c46022000000e523054361fc30f1710cd534e17673fa3a5abaa9ca77d8f8c0ea0b568160001020120109aa45ac3ab47b204491d50689740230f8c0a00afc7a785c0598ce491b3c36702200000b976c1650893babb15f2fb0ea25f4e6a08d2af87d8fb30c17682d1d050f500'),('83a2603337450bb59c3b326420e0de9c76831629d74e3b8d53682dd7cbfbd145','0dff9d020102ff9e0001ff9c00005eff9b0301011d5472616e73616374696f6e73496e6465785370656e744f75747075747301ff9c00010401064f7574496e64010400010b5458576865726555736564010a000105496e496e640104000109426c6f636b48617368010a0000004bff9e000101020120c9e21892c0bf170536c794350ee82d6e3f948d691dc7acd65be13fe78792cd2302200000913b7a9908cfa22f4d8c4c7753aeeec311a68ad9ed626836b60852b3e98a00'),('9b7a71e39ebb06cfe45a5c43d72d99c09d4119f9c61bb9ab05dea2c30c8b7bf4','0dff9d020102ff9e0001ff9c00005eff9b0301011d5472616e73616374696f6e73496e6465785370656e744f75747075747301ff9c00010401064f7574496e64010400010b5458576865726555736564010a000105496e496e640104000109426c6f636b48617368010a0000004bff9e000102201c6bf610e328da2f39cdf2af36550599923f73d16aaae2cd1ebd95a75286761d010201200000ae82ac6ca9bc5e186b3a387b9c30af8023d5c3e9bca29d62ac48719c33ef00'),('9e8683229ce86d7edbc2d95373c931f37cb9ba5ddd861de8ceadacd475bd917c','0dff9d020102ff9e0001ff9c00005eff9b0301011d5472616e73616374696f6e73496e6465785370656e744f75747075747301ff9c00010401064f7574496e64010400010b5458576865726555736564010a000105496e496e640104000109426c6f636b48617368010a0000004dff9e000101020120a4ef900405f99ba98b7052b237207356cfe3143f70f43afafa84c4928cb6b19c010201200000af5928fde20e9c69c1b43f981d333948226f0d8f24d3f62033ed0920c1e200'),('a314ca8cbdc176f63643c1da0a39f5c95a05343b89875f623def2c73f80425aa','0dff9d020102ff9e0001ff9c00005eff9b0301011d5472616e73616374696f6e73496e6465785370656e744f75747075747301ff9c00010401064f7574496e64010400010b5458576865726555736564010a000105496e496e640104000109426c6f636b48617368010a0000004bff9e000101020120d8b365f8ce491ed6b6fe049e8d7f85f77a0c249dc54c8fb6dc00efb0b428fbde02200000913b7a9908cfa22f4d8c4c7753aeeec311a68ad9ed626836b60852b3e98a00'),('a689d3cf98557570adc2eb9cf3852c47bb3b4211e20644a63c6ec6a9109ed7c5','0dff97020102ff980001ff9600005eff950301011d5472616e73616374696f6e73496e6465785370656e744f75747075747301ff9600010401064f7574496e64010400010b5458576865726555736564010a000105496e496e640104000109426c6f636b48617368010a00000049ff98000102202e603a0d57e4a37fd628b7081e8351baedf5d8614ea60d09bc392d30a74f09e2022000005e060d449664d2306dad00926d936021d813888691c120dbea4a68d27d8e00'),('b2933465e9d4f0d7f30e76faa271a345539b9aebb20f0e17fe06d8d092c41c46','0dff97020102ff980001ff9600005eff950301011d5472616e73616374696f6e73496e6465785370656e744f75747075747301ff9600010401064f7574496e64010400010b5458576865726555736564010a000105496e496e640104000109426c6f636b48617368010a000000ff92ff980002010201209b7a71e39ebb06cfe45a5c43d72d99c09d4119f9c61bb9ab05dea2c30c8b7bf402200000b976c1650893babb15f2fb0ea25f4e6a08d2af87d8fb30c17682d1d050f5000220fa7f9e6848db5314b701e5e54ee49c0b744d4250cbde9348a915a1812ed4ed70010201200000b976c1650893babb15f2fb0ea25f4e6a08d2af87d8fb30c17682d1d050f500'),('b4862ecfadab289c0af7df55362fd8896a0c70dea0f67bc1b1ee0e6224c36718','0dff9d020102ff9e0001ff9c00005eff9b0301011d5472616e73616374696f6e73496e6465785370656e744f75747075747301ff9c00010401064f7574496e64010400010b5458576865726555736564010a000105496e496e640104000109426c6f636b48617368010a0000004dff9e0001010201201c6bf610e328da2f39cdf2af36550599923f73d16aaae2cd1ebd95a75286761d010401200000ae82ac6ca9bc5e186b3a387b9c30af8023d5c3e9bca29d62ac48719c33ef00'),('bf11c373dd9d260a3fc75c1606db29e29105e3d0f2b8fccea0f98ebcc2c9f4f1','0dff97020102ff980001ff9600005eff950301011d5472616e73616374696f6e73496e6465785370656e744f75747075747301ff9600010401064f7574496e64010400010b5458576865726555736564010a000105496e496e640104000109426c6f636b48617368010a000000ff92ff98000201020120038ad2cbe29d905e16cc272d13da5fd4e16fbb978bdc9a5af459db86494c206e02200000b976c1650893babb15f2fb0ea25f4e6a08d2af87d8fb30c17682d1d050f50002209b7a71e39ebb06cfe45a5c43d72d99c09d4119f9c61bb9ab05dea2c30c8b7bf4010201200000b976c1650893babb15f2fb0ea25f4e6a08d2af87d8fb30c17682d1d050f500'),('c215c1707dd4b84544efded9dd83f8d8aad440e03223826fc976cec1a7c6036a','0dff9d020102ff9e0001ff9c00005eff9b0301011d5472616e73616374696f6e73496e6465785370656e744f75747075747301ff9c00010401064f7574496e64010400010b5458576865726555736564010a000105496e496e640104000109426c6f636b48617368010a0000004bff9e00010102012077f99c2f3ea2979c88b6893fac6007fbb937a553cb4e9cb7ec231236d18a9a7002200000af5928fde20e9c69c1b43f981d333948226f0d8f24d3f62033ed0920c1e200'),('c68d60b66e650bce8ba86c2db5cf053cd056883cb2927aab671c89075235cff6','0dff9d020102ff9e0001ff9c00005eff9b0301011d5472616e73616374696f6e73496e6465785370656e744f75747075747301ff9c00010401064f7574496e64010400010b5458576865726555736564010a000105496e496e640104000109426c6f636b48617368010a0000004bff9e000101020120341a12f8a9a1e868da50069fb1d6badea52cf1c54b9bdb012e1f34f44478c83e02200000ae82ac6ca9bc5e186b3a387b9c30af8023d5c3e9bca29d62ac48719c33ef00'),('c9e21892c0bf170536c794350ee82d6e3f948d691dc7acd65be13fe78792cd23','0dff9d020102ff9e0001ff9c00005eff9b0301011d5472616e73616374696f6e73496e6465785370656e744f75747075747301ff9c00010401064f7574496e64010400010b5458576865726555736564010a000105496e496e640104000109426c6f636b48617368010a0000004bff9e000101020120a314ca8cbdc176f63643c1da0a39f5c95a05343b89875f623def2c73f80425aa02200000913b7a9908cfa22f4d8c4c7753aeeec311a68ad9ed626836b60852b3e98a00'),('d8b365f8ce491ed6b6fe049e8d7f85f77a0c249dc54c8fb6dc00efb0b428fbde','0dff9d020102ff9e0001ff9c00005eff9b0301011d5472616e73616374696f6e73496e6465785370656e744f75747075747301ff9c00010401064f7574496e64010400010b5458576865726555736564010a000105496e496e640104000109426c6f636b48617368010a0000004bff9e00010102012068e002cc251ee42a3569c0022bfd5288bbf5d755fd69caa20fbc7f72aa7f134702200000913b7a9908cfa22f4d8c4c7753aeeec311a68ad9ed626836b60852b3e98a00'),('dce27ec0f5aa84c8630f06ec5d8fccdc187e81ad12cd1578c8487ccf8bd0aa7a','0dff9d020102ff9e0001ff9c00005eff9b0301011d5472616e73616374696f6e73496e6465785370656e744f75747075747301ff9c00010401064f7574496e64010400010b5458576865726555736564010a000105496e496e640104000109426c6f636b48617368010a0000004bff9e000101020120c215c1707dd4b84544efded9dd83f8d8aad440e03223826fc976cec1a7c6036a02200000913b7a9908cfa22f4d8c4c7753aeeec311a68ad9ed626836b60852b3e98a00'),('f380e8e97a516278b1e667d8cef1b905d97ccb1fc53aa3b12a34ccc78d8351b8','0dff9d020102ff9e0001ff9c00005eff9b0301011d5472616e73616374696f6e73496e6465785370656e744f75747075747301ff9c00010401064f7574496e64010400010b5458576865726555736564010a000105496e496e640104000109426c6f636b48617368010a0000004bff9e0001010201202756732cb17219a5ab18a8d22aa71bce256889674d9da3b94032c1d7a179d8cb02200000af5928fde20e9c69c1b43f981d333948226f0d8f24d3f62033ed0920c1e200'),('f5ccfeabdbda39fbbd2e458a8b68afa3c362051fad587ef1b506e1697229bfaa','0dff97020102ff980001ff9600005eff950301011d5472616e73616374696f6e73496e6465785370656e744f75747075747301ff9600010401064f7574496e64010400010b5458576865726555736564010a000105496e496e640104000109426c6f636b48617368010a00000049ff98000102207f74bbfdf351b50914dc532a8b9dcafec99a867d15f25b76aa58c9484fc8adc502200000ec661c4b711e17c323c3882b8ca5f61b4129405283983aa4b6d0c5c6e50100'),('f5e53595389378e11d8b85d56ad07f389774218378ee241debccfb5f8982be6b','0dff97020102ff980001ff9600005eff950301011d5472616e73616374696f6e73496e6465785370656e744f75747075747301ff9600010401064f7574496e64010400010b5458576865726555736564010a000105496e496e640104000109426c6f636b48617368010a000000ff92ff9800020220038ad2cbe29d905e16cc272d13da5fd4e16fbb978bdc9a5af459db86494c206e010201200000b976c1650893babb15f2fb0ea25f4e6a08d2af87d8fb30c17682d1d050f50001020120fa7f9e6848db5314b701e5e54ee49c0b744d4250cbde9348a915a1812ed4ed7002200000b976c1650893babb15f2fb0ea25f4e6a08d2af87d8fb30c17682d1d050f500'),('fa7f9e6848db5314b701e5e54ee49c0b744d4250cbde9348a915a1812ed4ed70','0dff9d020102ff9e0001ff9c00005eff9b0301011d5472616e73616374696f6e73496e6465785370656e744f75747075747301ff9c00010401064f7574496e64010400010b5458576865726555736564010a000105496e496e640104000109426c6f636b48617368010a0000004bff9e0001010201201c6bf610e328da2f39cdf2af36550599923f73d16aaae2cd1ebd95a75286761d02200000ae82ac6ca9bc5e186b3a387b9c30af8023d5c3e9bca29d62ac48719c33ef00'),('ffa6c706015924b64461f2abb58f2e292e8a12def659a8b3aa18e0f6e3a57f83','0dff9d020102ff9e0001ff9c00005eff9b0301011d5472616e73616374696f6e73496e6465785370656e744f75747075747301ff9c00010401064f7574496e64010400010b5458576865726555736564010a000105496e496e640104000109426c6f636b48617368010a0000004bff9e00010102012006d1484acdd65458f3f64ad5e819489e59a50e32831b4a6e215a59319b0a2d5602200000ae82ac6ca9bc5e186b3a387b9c30af8023d5c3e9bca29d62ac48719c33ef00');

/*!40000 ALTER TABLE transactionsoutputs ENABLE KEYS */;
UNLOCK TABLES;

--
-- Table structure for table unapprovedtransactions
--

DROP TABLE IF EXISTS unapprovedtransactions;
/*!40101 SET @saved_cs_client     = @@character_set_client */;
/*!40101 SET character_set_client = utf8 */;
CREATE TABLE `unapprovedtransactions` (
  `k` varbinary(100) NOT NULL,
  `v` longblob,
  PRIMARY KEY (`k`)
) ENGINE=InnoDB DEFAULT CHARSET=latin1;
/*!40101 SET character_set_client = @saved_cs_client */;
--
-- Dumping data for table unapprovedtransactions
--

LOCK TABLES unapprovedtransactions WRITE;
/*!40000 ALTER TABLE unapprovedtransactions DISABLE KEYS */;

/*!40000 ALTER TABLE unapprovedtransactions ENABLE KEYS */;
UNLOCK TABLES;

--
-- Table structure for table unspentoutputstransactions
--

DROP TABLE IF EXISTS unspentoutputstransactions;
/*!40101 SET @saved_cs_client     = @@character_set_client */;
/*!40101 SET character_set_client = utf8 */;
CREATE TABLE `unspentoutputstransactions` (
  `k` varbinary(100) NOT NULL,
  `v` longblob,
  PRIMARY KEY (`k`)
) ENGINE=InnoDB DEFAULT CHARSET=latin1;
/*!40101 SET character_set_client = @saved_cs_client */;
--
-- Dumping data for table unspentoutputstransactions
--

LOCK TABLES unspentoutputstransactions WRITE;
/*!40000 ALTER TABLE unspentoutputstransactions DISABLE KEYS */;

INSERT INTO unspentoutputstransactions VALUES ('038ad2cbe29d905e16cc272d13da5fd4e16fbb978bdc9a5af459db86494c206e','0dff93020102ff940001ff9200007eff910301011354584f7574707574496e646570656e64656e7401ff92000107010556616c7565010800010e446573745075624b657948617368010a00010e53656e645075624b657948617368010a00010454584944010a0001064f496e64657801040001064973426173650102000109426c6f636b48617368010a000000fffcff94000201f851016a49cb71843f0114611993528625ddb0b41c0afac520b38eab3b7ce40114f497b520b4beda29ac9636c64cb4cb039e25701e0120038ad2cbe29d905e16cc272d13da5fd4e16fbb978bdc9a5af459db86494c206e03200000b976c1650893babb15f2fb0ea25f4e6a08d2af87d8fb30c17682d1d050f50001f81b55768fa659843f0114f497b520b4beda29ac9636c64cb4cb039e25701e0114f497b520b4beda29ac9636c64cb4cb039e25701e0120038ad2cbe29d905e16cc272d13da5fd4e16fbb978bdc9a5af459db86494c206e010202200000b976c1650893babb15f2fb0ea25f4e6a08d2af87d8fb30c17682d1d050f500'),('06d1484acdd65458f3f64ad5e819489e59a50e32831b4a6e215a59319b0a2d56','0dffa1020102ffa20001ffa000007eff9f0301011354584f7574707574496e646570656e64656e7401ffa0000107010556616c7565010800010e446573745075624b657948617368010a00010e53656e645075624b657948617368010a00010454584944010a0001064f496e64657801040001064973426173650102000109426c6f636b48617368010a0000007fffa2000101f8cb871c3250dfdf3f0114d1b5f6b3a2ca544d9824529cde0e43aa1b7bcfe40114419cb929872a2fed40e081aa9a2fd23cd5a9bc10012006d1484acdd65458f3f64ad5e819489e59a50e32831b4a6e215a59319b0a2d5603200000ae82ac6ca9bc5e186b3a387b9c30af8023d5c3e9bca29d62ac48719c33ef00'),('109aa45ac3ab47b204491d50689740230f8c0a00afc7a785c0598ce491b3c367','0dff93020102ff940001ff9200007eff910301011354584f7574707574496e646570656e64656e7401ff92000107010556616c7565010800010e446573745075624b657948617368010a00010e53656e645075624b657948617368010a00010454584944010a0001064f496e64657801040001064973426173650102000109426c6f636b48617368010a000000fffcff94000201f8450bb719fa69843f0114611993528625ddb0b41c0afac520b38eab3b7ce40114f497b520b4beda29ac9636c64cb4cb039e25701e0120109aa45ac3ab47b204491d50689740230f8c0a00afc7a785c0598ce491b3c36703200000b976c1650893babb15f2fb0ea25f4e6a08d2af87d8fb30c17682d1d050f50001f8704d4f928deb1b400114f497b520b4beda29ac9636c64cb4cb039e25701e0114f497b520b4beda29ac9636c64cb4cb039e25701e0120109aa45ac3ab47b204491d50689740230f8c0a00afc7a785c0598ce491b3c367010202200000b976c1650893babb15f2fb0ea25f4e6a08d2af87d8fb30c17682d1d050f500'),('1c6bf610e328da2f39cdf2af36550599923f73d16aaae2cd1ebd95a75286761d','0dffa1020102ffa20001ffa000007eff9f0301011354584f7574707574496e646570656e64656e7401ffa0000107010556616c7565010800010e446573745075624b657948617368010a00010e53656e645075624b657948617368010a00010454584944010a0001064f496e64657801040001064973426173650102000109426c6f636b48617368010a0000007fffa2000101f8cb871c3250dfdf3f0114d0b8a674a0d7bf1b2e98d174db2a4e56792cf5c60114419cb929872a2fed40e081aa9a2fd23cd5a9bc1001201c6bf610e328da2f39cdf2af36550599923f73d16aaae2cd1ebd95a75286761d03200000ae82ac6ca9bc5e186b3a387b9c30af8023d5c3e9bca29d62ac48719c33ef00'),('2756732cb17219a5ab18a8d22aa71bce256889674d9da3b94032c1d7a179d8cb','0dffa1020102ffa20001ffa000007eff9f0301011354584f7574707574496e646570656e64656e7401ffa0000107010556616c7565010800010e446573745075624b657948617368010a00010e53656e645075624b657948617368010a00010454584944010a0001064f496e64657801040001064973426173650102000109426c6f636b48617368010a0000007fffa2000101f80960566aee2fe33f0114dcb27b440dac5f660c8b7cedb1f021eaeb5d39120114419cb929872a2fed40e081aa9a2fd23cd5a9bc1001202756732cb17219a5ab18a8d22aa71bce256889674d9da3b94032c1d7a179d8cb03200000af5928fde20e9c69c1b43f981d333948226f0d8f24d3f62033ed0920c1e200'),('2f5926fb6f9c8607a973b31d10c86b8ad2355694171e859bb23030a60bfa4263','0dff93020102ff940001ff9200007eff910301011354584f7574707574496e646570656e64656e7401ff92000107010556616c7565010800010e446573745075624b657948617368010a00010e53656e645075624b657948617368010a00010454584944010a0001064f496e64657801040001064973426173650102000109426c6f636b48617368010a00000065ff94000101fe24400114f497b520b4beda29ac9636c64cb4cb039e25701e02202f5926fb6f9c8607a973b31d10c86b8ad2355694171e859bb23030a60bfa42630201012000000e523054361fc30f1710cd534e17673fa3a5abaa9ca77d8f8c0ea0b5681600'),('341a12f8a9a1e868da50069fb1d6badea52cf1c54b9bdb012e1f34f44478c83e','0dffa1020102ffa20001ffa000007eff9f0301011354584f7574707574496e646570656e64656e7401ffa0000107010556616c7565010800010e446573745075624b657948617368010a00010e53656e645075624b657948617368010a00010454584944010a0001064f496e64657801040001064973426173650102000109426c6f636b48617368010a0000007fffa2000101f8cb871c3250dfdf3f01145cc300a53a168c4ad120b0057467193600fac8970114419cb929872a2fed40e081aa9a2fd23cd5a9bc100120341a12f8a9a1e868da50069fb1d6badea52cf1c54b9bdb012e1f34f44478c83e03200000ae82ac6ca9bc5e186b3a387b9c30af8023d5c3e9bca29d62ac48719c33ef00'),('3508f42fcfa68f1bbe7c77a4564c4281c402caf439fb4f96e486c81f294c3717','0dff93020102ff940001ff9200007eff910301011354584f7574707574496e646570656e64656e7401ff92000107010556616c7565010800010e446573745075624b657948617368010a00010e53656e645075624b657948617368010a00010454584944010a0001064f496e64657801040001064973426173650102000109426c6f636b48617368010a00000065ff94000101fe24400114f497b520b4beda29ac9636c64cb4cb039e25701e02203508f42fcfa68f1bbe7c77a4564c4281c402caf439fb4f96e486c81f294c371702010120000045492ae2021e5bbcf3ff4c645038997b9872860e63969ae147bf3ba7936400'),('360a285ec77e1f6b75022523e015697ee0f83fb40317597acd2b56401c4794a0','0dffa1020102ffa20001ffa000007eff9f0301011354584f7574707574496e646570656e64656e7401ffa0000107010556616c7565010800010e446573745075624b657948617368010a00010e53656e645075624b657948617368010a00010454584944010a0001064f496e64657801040001064973426173650102000109426c6f636b48617368010a0000007fffa2000101f80960566aee2fe33f0114c1248361c0a7356a229d13158a83adbb5763f4fc0114419cb929872a2fed40e081aa9a2fd23cd5a9bc100120360a285ec77e1f6b75022523e015697ee0f83fb40317597acd2b56401c4794a003200000913b7a9908cfa22f4d8c4c7753aeeec311a68ad9ed626836b60852b3e98a00'),('3a30e98a43be411788d82125989ad66bd7d7410c41701c957eddc54a388b6b4e','0dffa1020102ffa20001ffa000007eff9f0301011354584f7574707574496e646570656e64656e7401ffa0000107010556616c7565010800010e446573745075624b657948617368010a00010e53656e645075624b657948617368010a00010454584944010a0001064f496e64657801040001064973426173650102000109426c6f636b48617368010a00000065ffa2000101fe24400114419cb929872a2fed40e081aa9a2fd23cd5a9bc1002203a30e98a43be411788d82125989ad66bd7d7410c41701c957eddc54a388b6b4e020101200000af5928fde20e9c69c1b43f981d333948226f0d8f24d3f62033ed0920c1e200'),('676b1d7d53c6b02b5a168f9b1bd57a215633c9218559f8e59679d6cdf8bb7435','0dff93020102ff940001ff9200007eff910301011354584f7574707574496e646570656e64656e7401ff92000107010556616c7565010800010e446573745075624b657948617368010a00010e53656e645075624b657948617368010a00010454584944010a0001064f496e64657801040001064973426173650102000109426c6f636b48617368010a000000ff81ff94000101f8ae47e17a14aeef3f0114611993528625ddb0b41c0afac520b38eab3b7ce40114611993528625ddb0b41c0afac520b38eab3b7ce40120676b1d7d53c6b02b5a168f9b1bd57a215633c9218559f8e59679d6cdf8bb743501020220000045492ae2021e5bbcf3ff4c645038997b9872860e63969ae147bf3ba7936400'),('68e002cc251ee42a3569c0022bfd5288bbf5d755fd69caa20fbc7f72aa7f1347','0dffa1020102ffa20001ffa000007eff9f0301011354584f7574707574496e646570656e64656e7401ffa0000107010556616c7565010800010e446573745075624b657948617368010a00010e53656e645075624b657948617368010a00010454584944010a0001064f496e64657801040001064973426173650102000109426c6f636b48617368010a0000007fffa2000101f80960566aee2fe33f0114c1248361c0a7356a229d13158a83adbb5763f4fc0114419cb929872a2fed40e081aa9a2fd23cd5a9bc10012068e002cc251ee42a3569c0022bfd5288bbf5d755fd69caa20fbc7f72aa7f134703200000913b7a9908cfa22f4d8c4c7753aeeec311a68ad9ed626836b60852b3e98a00'),('725dede31ec3315fbfa48bb70a2d6cd5aacd88bea47ccc785798c3ff8e8407ba','0dffa1020102ffa20001ffa000007eff9f0301011354584f7574707574496e646570656e64656e7401ffa0000107010556616c7565010800010e446573745075624b657948617368010a00010e53656e645075624b657948617368010a00010454584944010a0001064f496e64657801040001064973426173650102000109426c6f636b48617368010a0000007fffa2000101f80960566aee2fe33f0114dcb27b440dac5f660c8b7cedb1f021eaeb5d39120114419cb929872a2fed40e081aa9a2fd23cd5a9bc100120725dede31ec3315fbfa48bb70a2d6cd5aacd88bea47ccc785798c3ff8e8407ba03200000af5928fde20e9c69c1b43f981d333948226f0d8f24d3f62033ed0920c1e200'),('77f99c2f3ea2979c88b6893fac6007fbb937a553cb4e9cb7ec231236d18a9a70','0dffa1020102ffa20001ffa000007eff9f0301011354584f7574707574496e646570656e64656e7401ffa0000107010556616c7565010800010e446573745075624b657948617368010a00010e53656e645075624b657948617368010a00010454584944010a0001064f496e64657801040001064973426173650102000109426c6f636b48617368010a0000007fffa2000101f80960566aee2fe33f0114dcb27b440dac5f660c8b7cedb1f021eaeb5d39120114419cb929872a2fed40e081aa9a2fd23cd5a9bc10012077f99c2f3ea2979c88b6893fac6007fbb937a553cb4e9cb7ec231236d18a9a7003200000af5928fde20e9c69c1b43f981d333948226f0d8f24d3f62033ed0920c1e200'),('7e4d15c115e3cf1e8b3f17d80c113e6c6d100bbf69b261c7a25e7995d5337b38','0dffa1020102ffa20001ffa000007eff9f0301011354584f7574707574496e646570656e64656e7401ffa0000107010556616c7565010800010e446573745075624b657948617368010a00010e53656e645075624b657948617368010a00010454584944010a0001064f496e64657801040001064973426173650102000109426c6f636b48617368010a0000007fffa2000101f80960566aee2fe33f0114dcb27b440dac5f660c8b7cedb1f021eaeb5d39120114419cb929872a2fed40e081aa9a2fd23cd5a9bc1001207e4d15c115e3cf1e8b3f17d80c113e6c6d100bbf69b261c7a25e7995d5337b3803200000af5928fde20e9c69c1b43f981d333948226f0d8f24d3f62033ed0920c1e200'),('7f74bbfdf351b50914dc532a8b9dcafec99a867d15f25b76aa58c9484fc8adc5','0dffa1020102ffa20001ffa000007eff9f0301011354584f7574707574496e646570656e64656e7401ffa0000107010556616c7565010800010e446573745075624b657948617368010a00010e53656e645075624b657948617368010a00010454584944010a0001064f496e64657801040001064973426173650102000109426c6f636b48617368010a0000007bffa2000101fe1c400114f497b520b4beda29ac9636c64cb4cb039e25701e0114f497b520b4beda29ac9636c64cb4cb039e25701e01207f74bbfdf351b50914dc532a8b9dcafec99a867d15f25b76aa58c9484fc8adc5010202200000ec661c4b711e17c323c3882b8ca5f61b4129405283983aa4b6d0c5c6e50100'),('83a2603337450bb59c3b326420e0de9c76831629d74e3b8d53682dd7cbfbd145','0dffa1020102ffa20001ffa000007eff9f0301011354584f7574707574496e646570656e64656e7401ffa0000107010556616c7565010800010e446573745075624b657948617368010a00010e53656e645075624b657948617368010a00010454584944010a0001064f496e64657801040001064973426173650102000109426c6f636b48617368010a0000007fffa2000101f80960566aee2fe33f0114c1248361c0a7356a229d13158a83adbb5763f4fc0114419cb929872a2fed40e081aa9a2fd23cd5a9bc10012083a2603337450bb59c3b326420e0de9c76831629d74e3b8d53682dd7cbfbd14503200000913b7a9908cfa22f4d8c4c7753aeeec311a68ad9ed626836b60852b3e98a00'),('9b7a71e39ebb06cfe45a5c43d72d99c09d4119f9c61bb9ab05dea2c30c8b7bf4','0dffa1020102ffa20001ffa000007eff9f0301011354584f7574707574496e646570656e64656e7401ffa0000107010556616c7565010800010e446573745075624b657948617368010a00010e53656e645075624b657948617368010a00010454584944010a0001064f496e64657801040001064973426173650102000109426c6f636b48617368010a000000ff81ffa2000101f8706592894268403f0114611993528625ddb0b41c0afac520b38eab3b7ce40114611993528625ddb0b41c0afac520b38eab3b7ce401209b7a71e39ebb06cfe45a5c43d72d99c09d4119f9c61bb9ab05dea2c30c8b7bf4010202200000b976c1650893babb15f2fb0ea25f4e6a08d2af87d8fb30c17682d1d050f500'),('9e8683229ce86d7edbc2d95373c931f37cb9ba5ddd861de8ceadacd475bd917c','0dffa1020102ffa20001ffa000007eff9f0301011354584f7574707574496e646570656e64656e7401ffa0000107010556616c7565010800010e446573745075624b657948617368010a00010e53656e645075624b657948617368010a00010454584944010a0001064f496e64657801040001064973426173650102000109426c6f636b48617368010a0000007fffa2000101f80960566aee2fe33f0114dcb27b440dac5f660c8b7cedb1f021eaeb5d39120114419cb929872a2fed40e081aa9a2fd23cd5a9bc1001209e8683229ce86d7edbc2d95373c931f37cb9ba5ddd861de8ceadacd475bd917c03200000af5928fde20e9c69c1b43f981d333948226f0d8f24d3f62033ed0920c1e200'),('a314ca8cbdc176f63643c1da0a39f5c95a05343b89875f623def2c73f80425aa','0dffa1020102ffa20001ffa000007eff9f0301011354584f7574707574496e646570656e64656e7401ffa0000107010556616c7565010800010e446573745075624b657948617368010a00010e53656e645075624b657948617368010a00010454584944010a0001064f496e64657801040001064973426173650102000109426c6f636b48617368010a0000007fffa2000101f80960566aee2fe33f0114c1248361c0a7356a229d13158a83adbb5763f4fc0114419cb929872a2fed40e081aa9a2fd23cd5a9bc100120a314ca8cbdc176f63643c1da0a39f5c95a05343b89875f623def2c73f80425aa03200000913b7a9908cfa22f4d8c4c7753aeeec311a68ad9ed626836b60852b3e98a00'),('a4c2efbec41b1b2b2d6c7821240fbef74751a5ed48fdc5ce1bff47d27d96f2fd','0dff93020102ff940001ff9200007eff910301011354584f7574707574496e646570656e64656e7401ff92000107010556616c7565010800010e446573745075624b657948617368010a00010e53656e645075624b657948617368010a00010454584944010a0001064f496e64657801040001064973426173650102000109426c6f636b48617368010a00000065ff94000101fe24400114f497b520b4beda29ac9636c64cb4cb039e25701e0220a4c2efbec41b1b2b2d6c7821240fbef74751a5ed48fdc5ce1bff47d27d96f2fd020101200000b976c1650893babb15f2fb0ea25f4e6a08d2af87d8fb30c17682d1d050f500'),('a4ef900405f99ba98b7052b237207356cfe3143f70f43afafa84c4928cb6b19c','0dffa1020102ffa20001ffa000007eff9f0301011354584f7574707574496e646570656e64656e7401ffa0000107010556616c7565010800010e446573745075624b657948617368010a00010e53656e645075624b657948617368010a00010454584944010a0001064f496e64657801040001064973426173650102000109426c6f636b48617368010a000000fffcffa2000201f80960566aee2fe33f0114dcb27b440dac5f660c8b7cedb1f021eaeb5d39120114419cb929872a2fed40e081aa9a2fd23cd5a9bc100120a4ef900405f99ba98b7052b237207356cfe3143f70f43afafa84c4928cb6b19c03200000af5928fde20e9c69c1b43f981d333948226f0d8f24d3f62033ed0920c1e20001f87ff84c38ec9515400114419cb929872a2fed40e081aa9a2fd23cd5a9bc100114419cb929872a2fed40e081aa9a2fd23cd5a9bc100120a4ef900405f99ba98b7052b237207356cfe3143f70f43afafa84c4928cb6b19c010202200000af5928fde20e9c69c1b43f981d333948226f0d8f24d3f62033ed0920c1e200'),('b4862ecfadab289c0af7df55362fd8896a0c70dea0f67bc1b1ee0e6224c36718','0dffa1020102ffa20001ffa000007eff9f0301011354584f7574707574496e646570656e64656e7401ffa0000107010556616c7565010800010e446573745075624b657948617368010a00010e53656e645075624b657948617368010a00010454584944010a0001064f496e64657801040001064973426173650102000109426c6f636b48617368010a0000007fffa2000101f8450bb719fa69843f0114f497b520b4beda29ac9636c64cb4cb039e25701e0114419cb929872a2fed40e081aa9a2fd23cd5a9bc100120b4862ecfadab289c0af7df55362fd8896a0c70dea0f67bc1b1ee0e6224c3671803200000b976c1650893babb15f2fb0ea25f4e6a08d2af87d8fb30c17682d1d050f500'),('c215c1707dd4b84544efded9dd83f8d8aad440e03223826fc976cec1a7c6036a','0dffa1020102ffa20001ffa000007eff9f0301011354584f7574707574496e646570656e64656e7401ffa0000107010556616c7565010800010e446573745075624b657948617368010a00010e53656e645075624b657948617368010a00010454584944010a0001064f496e64657801040001064973426173650102000109426c6f636b48617368010a0000007fffa2000101f80960566aee2fe33f0114c1248361c0a7356a229d13158a83adbb5763f4fc0114419cb929872a2fed40e081aa9a2fd23cd5a9bc100120c215c1707dd4b84544efded9dd83f8d8aad440e03223826fc976cec1a7c6036a03200000913b7a9908cfa22f4d8c4c7753aeeec311a68ad9ed626836b60852b3e98a00'),('c68d60b66e650bce8ba86c2db5cf053cd056883cb2927aab671c89075235cff6','0dffa1020102ffa20001ffa000007eff9f0301011354584f7574707574496e646570656e64656e7401ffa0000107010556616c7565010800010e446573745075624b657948617368010a00010e53656e645075624b657948617368010a00010454584944010a0001064f496e64657801040001064973426173650102000109426c6f636b48617368010a0000007fffa2000101f8cb871c3250dfdf3f0114d0b8a674a0d7bf1b2e98d174db2a4e56792cf5c60114419cb929872a2fed40e081aa9a2fd23cd5a9bc100120c68d60b66e650bce8ba86c2db5cf053cd056883cb2927aab671c89075235cff603200000ae82ac6ca9bc5e186b3a387b9c30af8023d5c3e9bca29d62ac48719c33ef00'),('c9e21892c0bf170536c794350ee82d6e3f948d691dc7acd65be13fe78792cd23','0dffa1020102ffa20001ffa000007eff9f0301011354584f7574707574496e646570656e64656e7401ffa0000107010556616c7565010800010e446573745075624b657948617368010a00010e53656e645075624b657948617368010a00010454584944010a0001064f496e64657801040001064973426173650102000109426c6f636b48617368010a0000007fffa2000101f80960566aee2fe33f0114c1248361c0a7356a229d13158a83adbb5763f4fc0114419cb929872a2fed40e081aa9a2fd23cd5a9bc100120c9e21892c0bf170536c794350ee82d6e3f948d691dc7acd65be13fe78792cd2303200000913b7a9908cfa22f4d8c4c7753aeeec311a68ad9ed626836b60852b3e98a00'),('cce02449a2c8913227e74e357e50836aafec0711937b260d3e1e1e4ee354153d','0dff93020102ff940001ff9200007eff910301011354584f7574707574496e646570656e64656e7401ff92000107010556616c7565010800010e446573745075624b657948617368010a00010e53656e645075624b657948617368010a00010454584944010a0001064f496e64657801040001064973426173650102000109426c6f636b48617368010a00000065ff94000101fe24400114f497b520b4beda29ac9636c64cb4cb039e25701e0220cce02449a2c8913227e74e357e50836aafec0711937b260d3e1e1e4ee354153d020101200000ec661c4b711e17c323c3882b8ca5f61b4129405283983aa4b6d0c5c6e50100'),('d8b365f8ce491ed6b6fe049e8d7f85f77a0c249dc54c8fb6dc00efb0b428fbde','0dffa1020102ffa20001ffa000007eff9f0301011354584f7574707574496e646570656e64656e7401ffa0000107010556616c7565010800010e446573745075624b657948617368010a00010e53656e645075624b657948617368010a00010454584944010a0001064f496e64657801040001064973426173650102000109426c6f636b48617368010a0000007fffa2000101f80960566aee2fe33f0114c1248361c0a7356a229d13158a83adbb5763f4fc0114419cb929872a2fed40e081aa9a2fd23cd5a9bc100120d8b365f8ce491ed6b6fe049e8d7f85f77a0c249dc54c8fb6dc00efb0b428fbde03200000913b7a9908cfa22f4d8c4c7753aeeec311a68ad9ed626836b60852b3e98a00'),('dce27ec0f5aa84c8630f06ec5d8fccdc187e81ad12cd1578c8487ccf8bd0aa7a','0dffa1020102ffa20001ffa000007eff9f0301011354584f7574707574496e646570656e64656e7401ffa0000107010556616c7565010800010e446573745075624b657948617368010a00010e53656e645075624b657948617368010a00010454584944010a0001064f496e64657801040001064973426173650102000109426c6f636b48617368010a0000007fffa2000101f8cb871c3250dfdf3f0114d1b5f6b3a2ca544d9824529cde0e43aa1b7bcfe40114419cb929872a2fed40e081aa9a2fd23cd5a9bc100120dce27ec0f5aa84c8630f06ec5d8fccdc187e81ad12cd1578c8487ccf8bd0aa7a03200000ae82ac6ca9bc5e186b3a387b9c30af8023d5c3e9bca29d62ac48719c33ef00'),('e4ce806bb84cce11ced7d979963f8015f39a432cfccbe4500c4897721cd0a793','0dffa1020102ffa20001ffa000007eff9f0301011354584f7574707574496e646570656e64656e7401ffa0000107010556616c7565010800010e446573745075624b657948617368010a00010e53656e645075624b657948617368010a00010454584944010a0001064f496e64657801040001064973426173650102000109426c6f636b48617368010a000000fffcffa2000201f80960566aee2fe33f0114dcb27b440dac5f660c8b7cedb1f021eaeb5d39120114419cb929872a2fed40e081aa9a2fd23cd5a9bc100120e4ce806bb84cce11ced7d979963f8015f39a432cfccbe4500c4897721cd0a79303200000af5928fde20e9c69c1b43f981d333948226f0d8f24d3f62033ed0920c1e20001f8f9cfd4ca08681e400114419cb929872a2fed40e081aa9a2fd23cd5a9bc100114419cb929872a2fed40e081aa9a2fd23cd5a9bc100120e4ce806bb84cce11ced7d979963f8015f39a432cfccbe4500c4897721cd0a793010202200000af5928fde20e9c69c1b43f981d333948226f0d8f24d3f62033ed0920c1e200'),('f380e8e97a516278b1e667d8cef1b905d97ccb1fc53aa3b12a34ccc78d8351b8','0dffa1020102ffa20001ffa000007eff9f0301011354584f7574707574496e646570656e64656e7401ffa0000107010556616c7565010800010e446573745075624b657948617368010a00010e53656e645075624b657948617368010a00010454584944010a0001064f496e64657801040001064973426173650102000109426c6f636b48617368010a0000007fffa2000101f80960566aee2fe33f0114dcb27b440dac5f660c8b7cedb1f021eaeb5d39120114419cb929872a2fed40e081aa9a2fd23cd5a9bc100120f380e8e97a516278b1e667d8cef1b905d97ccb1fc53aa3b12a34ccc78d8351b803200000af5928fde20e9c69c1b43f981d333948226f0d8f24d3f62033ed0920c1e200'),('fa7f9e6848db5314b701e5e54ee49c0b744d4250cbde9348a915a1812ed4ed70','0dffa1020102ffa20001ffa000007eff9f0301011354584f7574707574496e646570656e64656e7401ffa0000107010556616c7565010800010e446573745075624b657948617368010a00010e53656e645075624b657948617368010a00010454584944010a0001064f496e64657801040001064973426173650102000109426c6f636b48617368010a0000007fffa2000101f883ad4cd79795833f0114f497b520b4beda29ac9636c64cb4cb039e25701e0114419cb929872a2fed40e081aa9a2fd23cd5a9bc100120fa7f9e6848db5314b701e5e54ee49c0b744d4250cbde9348a915a1812ed4ed7003200000b976c1650893babb15f2fb0ea25f4e6a08d2af87d8fb30c17682d1d050f500'),('ffa6c706015924b64461f2abb58f2e292e8a12def659a8b3aa18e0f6e3a57f83','0dffa1020102ffa20001ffa000007eff9f0301011354584f7574707574496e646570656e64656e7401ffa0000107010556616c7565010800010e446573745075624b657948617368010a00010e53656e645075624b657948617368010a00010454584944010a0001064f496e64657801040001064973426173650102000109426c6f636b48617368010a0000007fffa2000101f8cb871c3250dfdf3f01145cc300a53a168c4ad120b0057467193600fac8970114419cb929872a2fed40e081aa9a2fd23cd5a9bc100120ffa6c706015924b64461f2abb58f2e292e8a12def659a8b3aa18e0f6e3a57f8303200000ae82ac6ca9bc5e186b3a387b9c30af8023d5c3e9bca29d62ac48719c33ef00');

/*!40000 ALTER TABLE unspentoutputstransactions ENABLE KEYS */;
UNLOCK TABLES;

-- Dump completed on 2018-06-28 21:58:48.08617826 +0300 EEST m=+0.470956275
