-- Go SQL Dump 0.2.2
--
-- ------------------------------------------------------
-- Server version	5.7.22-0ubuntu0.16.04.1

/*!40101 SET @OLD_CHARACTER_SET_CLIENT=@@CHARACTER_SET_CLIENT */;
/*!40101 SET @OLD_CHARACTER_SET_RESULTS=@@CHARACTER_SET_RESULTS */;
/*!40101 SET @OLD_COLLATION_CONNECTION=@@COLLATION_CONNECTION */;
/*!40101 SET NAMES utf8 */;
/*!40103 SET @OLD_TIME_ZONE=@@TIME_ZONE */;
/*!40103 SET TIME_ZONE='+00:00' */;
/*!40014 SET @OLD_UNIQUE_CHECKS=@@UNIQUE_CHECKS, UNIQUE_CHECKS=0 */;
/*!40014 SET @OLD_FOREIGN_KEY_CHECKS=@@FOREIGN_KEY_CHECKS, FOREIGN_KEY_CHECKS=0 */;
/*!40101 SET @OLD_SQL_MODE=@@SQL_MODE, SQL_MODE='NO_AUTO_VALUE_ON_ZERO' */;
/*!40111 SET @OLD_SQL_NOTES=@@SQL_NOTES, SQL_NOTES=0 */;



--
-- Table structure for table blockchain
--

DROP TABLE IF EXISTS blockchain;
/*!40101 SET @saved_cs_client     = @@character_set_client */;
/*!40101 SET character_set_client = utf8 */;
CREATE TABLE `blockchain` (
  `k` varbinary(100) NOT NULL,
  `v` varbinary(300) DEFAULT NULL,
  PRIMARY KEY (`k`)
) ENGINE=InnoDB DEFAULT CHARSET=latin1;
/*!40101 SET character_set_client = @saved_cs_client */;
--
-- Dumping data for table blockchain
--

LOCK TABLES blockchain WRITE;
/*!40000 ALTER TABLE blockchain DISABLE KEYS */;

INSERT INTO blockchain VALUES ('00000e523054361fc30f1710cd534e17673fa3a5abaa9ca77d8f8c0ea0b56816','000045492ae2021e5bbcf3ff4c645038997b9872860e63969ae147bf3ba793640000b976c1650893babb15f2fb0ea25f4e6a08d2af87d8fb30c17682d1d050f5'),('000017690581c1b6b35226a7f8a0fc9618da870fd6b090989fde6c680c614d9e','000000000000000000000000000000000000000000000000000000000000000000005e060d449664d2306dad00926d936021d813888691c120dbea4a68d27d8e'),('000045492ae2021e5bbcf3ff4c645038997b9872860e63969ae147bf3ba79364','0000ec661c4b711e17c323c3882b8ca5f61b4129405283983aa4b6d0c5c6e50100000e523054361fc30f1710cd534e17673fa3a5abaa9ca77d8f8c0ea0b56816'),('00005e060d449664d2306dad00926d936021d813888691c120dbea4a68d27d8e','000017690581c1b6b35226a7f8a0fc9618da870fd6b090989fde6c680c614d9e0000ec661c4b711e17c323c3882b8ca5f61b4129405283983aa4b6d0c5c6e501'),('0000b976c1650893babb15f2fb0ea25f4e6a08d2af87d8fb30c17682d1d050f5','00000e523054361fc30f1710cd534e17673fa3a5abaa9ca77d8f8c0ea0b568160000000000000000000000000000000000000000000000000000000000000000'),('0000ec661c4b711e17c323c3882b8ca5f61b4129405283983aa4b6d0c5c6e501','00005e060d449664d2306dad00926d936021d813888691c120dbea4a68d27d8e000045492ae2021e5bbcf3ff4c645038997b9872860e63969ae147bf3ba79364');

/*!40000 ALTER TABLE blockchain ENABLE KEYS */;
UNLOCK TABLES;

--
-- Table structure for table blocks
--

DROP TABLE IF EXISTS blocks;
/*!40101 SET @saved_cs_client     = @@character_set_client */;
/*!40101 SET character_set_client = utf8 */;
CREATE TABLE `blocks` (
  `k` varbinary(100) NOT NULL,
  `v` longblob,
  PRIMARY KEY (`k`)
) ENGINE=InnoDB DEFAULT CHARSET=latin1;
/*!40101 SET character_set_client = @saved_cs_client */;
--
-- Dumping data for table blocks
--

LOCK TABLES blocks WRITE;
/*!40000 ALTER TABLE blocks DISABLE KEYS */;

INSERT INTO blocks VALUES ('00000e523054361fc30f1710cd534e17673fa3a5abaa9ca77d8f8c0ea0b56816','63ff8b03010105426c6f636b01ff8c000106010954696d657374616d70010400010c5472616e73616374696f6e7301ff8e00010d50726576426c6f636b48617368010a00010448617368010a0001054e6f6e63650104000106486569676874010400000028ff8d020101195b5d2a737472756374757265732e5472616e73616374696f6e01ff8e0001ff8200003cff810301010b5472616e73616374696f6e01ff8200010401024944010a00010356696e01ff86000104566f757401ff8a00010454696d65010400000023ff85020101145b5d737472756374757265732e5458496e70757401ff860001ff84000040ff83030101075458496e70757401ff84000104010454786964010a000104566f757401040001095369676e6174757265010a0001065075624b6579010a00000024ff89020101155b5d737472756374757265732e54584f757470757401ff8a0001ff8800002fff870301010854584f757470757401ff88000102010556616c7565010800010a5075624b657948617368010a000000fe052cff8c01fcb668cfae01050120bf11c373dd9d260a3fc75c1606db29e29105e3d0f2b8fccea0f98ebcc2c9f4f1010101201eb01be7253d5445ba18b74dc1a02b5c2f0f0f056767f073980098d1212fb4f10240d6cbf36030fa0241a00599bb29d33ff90d7b8feac9cd13bf2914fa95a0dc06afd3cbf6eeba76ac05c4e6c1b6d1ab0a31506003d3355ce41232a4da0b46d8234f01401d1d732bec08529badc0d7834050db631b16dc98d6e7e7ad57a4d1d73ea7f5d0c7867ae5929a9318ef5acc94f6f35df637d0e3705f4da9835f676d7a078bf2d400010201f8450bb719fa69843f0114611993528625ddb0b41c0afac520b38eab3b7ce40001f93609f72de7003f0114f497b520b4beda29ac9636c64cb4cb039e25701e0001f82a7872d8b5770d38000120b2933465e9d4f0d7f30e76faa271a345539b9aebb20f0e17fe06d8d092c41c460101012083202062ed5552918a1a387dca5458f2b26b9a6e9c52a412aea929165cb8f3e90240617b9fc96555ac9a388af8ac71231802ab47ad51c619a5809f643eef6b704854d0409cc623a4aea99f021fb2998bdb3948e14860ba7b21cceb12ad4ed5cf125201403addfe25d39e4de5de2a6f97f4db0619eac4133874ca03ed110a28d81488e18c8a5c548adfe7f08302b34467ff66cbb1dc60b4d389502a896b8994f8c371a60200010201f883ad4cd79795833f0114419cb929872a2fed40e081aa9a2fd23cd5a9bc100001f9df2c0c2ea93c3f0114611993528625ddb0b41c0afac520b38eab3b7ce40001f82a7872d8bf01bdd8000120f5e53595389378e11d8b85d56ad07f389774218378ee241debccfb5f8982be6b01010120676b1d7d53c6b02b5a168f9b1bd57a215633c9218559f8e59679d6cdf8bb74350240bddbeddf3bb1f92e05024e1a612597b9941df033ad7d2cf3f1d349f25d5d7399c3100b5296fa6b1702bfdf3f9903c8ce17e42b917343f5791fd9cdda955ae67101403a3697e5ef177f6b0bc40f9258b75e9f340acd99f88eeaa020e91aaa90743c18e8fded221b06f12f386329a514e84d4b6fd466da4c3a6be20820728cb242effb00010201f8e64b7f61bf48843f0114f497b520b4beda29ac9636c64cb4cb039e25701e0001f8804a6417f310193f0114419cb929872a2fed40e081aa9a2fd23cd5a9bc100001f82a7872d8ca527018000120702006a5dbdbc604bccfd480de201793f550676d436ab5d1164bd36c669d2a36010101201eb01be7253d5445ba18b74dc1a02b5c2f0f0f056767f073980098d1212fb4f10102014032b56d3248e6048ad23d3f4c8009581998b2be3fc5214d351ccd62ceb5af804f21919174351837660a080a3a60022df29a3953842f208a3dbd65afa33386580201403a3697e5ef177f6b0bc40f9258b75e9f340acd99f88eeaa020e91aaa90743c18e8fded221b06f12f386329a514e84d4b6fd466da4c3a6be20820728cb242effb00010201f851016a49cb71843f0114f497b520b4beda29ac9636c64cb4cb039e25701e0001f8d4cfdda626aeff3f0114419cb929872a2fed40e081aa9a2fd23cd5a9bc100001f82a7872d8d2fcc8f60001202f5926fb6f9c8607a973b31d10c86b8ad2355694171e859bb23030a60bfa42630101020102283932656366623132323364643035346435626236656333366134633231346234313061386362333500010101fe24400114f497b520b4beda29ac9636c64cb4cb039e25701e00000120000045492ae2021e5bbcf3ff4c645038997b9872860e63969ae147bf3ba79364012000000e523054361fc30f1710cd534e17673fa3a5abaa9ca77d8f8c0ea0b5681601fe22c6010800'),('000017690581c1b6b35226a7f8a0fc9618da870fd6b090989fde6c680c614d9e','63ff8b03010105426c6f636b01ff8c000106010954696d657374616d70010400010c5472616e73616374696f6e7301ff8e00010d50726576426c6f636b48617368010a00010448617368010a0001054e6f6e63650104000106486569676874010400000028ff8d020101195b5d2a737472756374757265732e5472616e73616374696f6e01ff8e0001ff8200003cff810301010b5472616e73616374696f6e01ff8200010401024944010a00010356696e01ff86000104566f757401ff8a00010454696d65010400000023ff85020101145b5d737472756374757265732e5458496e70757401ff860001ff84000040ff83030101075458496e70757401ff84000104010454786964010a000104566f757401040001095369676e6174757265010a0001065075624b6579010a00000024ff89020101155b5d737472756374757265732e54584f757470757401ff8a0001ff8800002fff870301010854584f757470757401ff88000102010556616c7565010800010a5075624b657948617368010a000000ff91ff8c01fcb668cf8601010120a689d3cf98557570adc2eb9cf3852c47bb3b4211e20644a63c6ec6a9109ed7c5010102010219736f6d6520737472696e672e20746869732069732054454d5000010101fe24400114f497b520b4beda29ac9636c64cb4cb039e25701e00000220000017690581c1b6b35226a7f8a0fc9618da870fd6b090989fde6c680c614d9e01fec26000'),('000045492ae2021e5bbcf3ff4c645038997b9872860e63969ae147bf3ba79364','63ff8b03010105426c6f636b01ff8c000106010954696d657374616d70010400010c5472616e73616374696f6e7301ff8e00010d50726576426c6f636b48617368010a00010448617368010a0001054e6f6e63650104000106486569676874010400000028ff8d020101195b5d2a737472756374757265732e5472616e73616374696f6e01ff8e0001ff8200003cff810301010b5472616e73616374696f6e01ff8200010401024944010a00010356696e01ff86000104566f757401ff8a00010454696d65010400000023ff85020101145b5d737472756374757265732e5458496e70757401ff860001ff84000040ff83030101075458496e70757401ff84000104010454786964010a000104566f757401040001095369676e6174757265010a0001065075624b6579010a00000024ff89020101155b5d737472756374757265732e54584f757470757401ff8a0001ff8800002fff870301010854584f757470757401ff88000102010556616c7565010800010a5075624b657948617368010a000000fe0415ff8c01fcb668cfa40104012083202062ed5552918a1a387dca5458f2b26b9a6e9c52a412aea929165cb8f3e9010101202de5c7c924a2dcb108daf6e9e8d02a87bb4fdede11ea72babed347341d40d5ec010201401dac2d7a8c4a50f6d064042dd4da9450034e030852cc097e5c970b4d89d59b9c13daaa3cad6945fcbc5b67e50a5cbc7b8d46c8c659ead40f8fbe5440a4f0e7c801401d1d732bec08529badc0d7834050db631b16dc98d6e7e7ad57a4d1d73ea7f5d0c7867ae5929a9318ef5acc94f6f35df637d0e3705f4da9835f676d7a078bf2d400010201f87b14ae47e17a843f0114611993528625ddb0b41c0afac520b38eab3b7ce40001f8f6285c8fc2f51b400114f497b520b4beda29ac9636c64cb4cb039e25701e0001f82a7872d67f9f192e000120676b1d7d53c6b02b5a168f9b1bd57a215633c9218559f8e59679d6cdf8bb7435010101202e603a0d57e4a37fd628b7081e8351baedf5d8614ea60d09bc392d30a74f09e20240d3a95e6c06aa323f2516e959c207b9aa2f60cd3359f7ea3145abc5039ece33f9d6545f05c1d5966bcaec46113dadb305c9381a9a4fe1b3260c8f637714f3224801403addfe25d39e4de5de2a6f97f4db0619eac4133874ca03ed110a28d81488e18c8a5c548adfe7f08302b34467ff66cbb1dc60b4d389502a896b8994f8c371a60200010201f87b14ae47e17a843f0114419cb929872a2fed40e081aa9a2fd23cd5a9bc100001f8ae47e17a14aeef3f0114611993528625ddb0b41c0afac520b38eab3b7ce40001f82a7872d6895f22520001201eb01be7253d5445ba18b74dc1a02b5c2f0f0f056767f073980098d1212fb4f1010101202de5c7c924a2dcb108daf6e9e8d02a87bb4fdede11ea72babed347341d40d5ec0240301fdbd1f2418ceca90777ca1f023eeffa7973ed564d0441dbeeb68af04ae3d444b4eb0ed273043aafa9f827c221f0f5de3ff394876ed6d98fd04230cfcc433601403a3697e5ef177f6b0bc40f9258b75e9f340acd99f88eeaa020e91aaa90743c18e8fded221b06f12f386329a514e84d4b6fd466da4c3a6be20820728cb242effb00010201f87b14ae47e17a843f0114f497b520b4beda29ac9636c64cb4cb039e25701e0001f8d7a3703d0ad7ff3f0114419cb929872a2fed40e081aa9a2fd23cd5a9bc100001f82a7872d692a7eaee0001203508f42fcfa68f1bbe7c77a4564c4281c402caf439fb4f96e486c81f294c37170101020102286465643633643836646230306239643030613032316666653439343363393133666364326264663700010101fe24400114f497b520b4beda29ac9636c64cb4cb039e25701e000001200000ec661c4b711e17c323c3882b8ca5f61b4129405283983aa4b6d0c5c6e5010120000045492ae2021e5bbcf3ff4c645038997b9872860e63969ae147bf3ba7936401fd02c832010600'),('00005e060d449664d2306dad00926d936021d813888691c120dbea4a68d27d8e','63ff8b03010105426c6f636b01ff8c000106010954696d657374616d70010400010c5472616e73616374696f6e7301ff8e00010d50726576426c6f636b48617368010a00010448617368010a0001054e6f6e63650104000106486569676874010400000028ff8d020101195b5d2a737472756374757265732e5472616e73616374696f6e01ff8e0001ff8200003cff810301010b5472616e73616374696f6e01ff8200010401024944010a00010356696e01ff86000104566f757401ff8a00010454696d65010400000023ff85020101145b5d737472756374757265732e5458496e70757401ff860001ff84000040ff83030101075458496e70757401ff84000104010454786964010a000104566f757401040001095369676e6174757265010a0001065075624b6579010a00000024ff89020101155b5d737472756374757265732e54584f757470757401ff8a0001ff8800002fff870301010854584f757470757401ff88000102010556616c7565010800010a5075624b657948617368010a000000fe01d2ff8c01fcb668cf92010201202e603a0d57e4a37fd628b7081e8351baedf5d8614ea60d09bc392d30a74f09e201010120a689d3cf98557570adc2eb9cf3852c47bb3b4211e20644a63c6ec6a9109ed7c502400e6e084285f8c694ebd9ef9ad7b3fb56f43cf13f147526ae976a7479f13d7187c6956d2a7d7fa0fbfdc8be4f600081c94ed2be13d977b8b79af9b2d381a3a73c01401d1d732bec08529badc0d7834050db631b16dc98d6e7e7ad57a4d1d73ea7f5d0c7867ae5929a9318ef5acc94f6f35df637d0e3705f4da9835f676d7a078bf2d400010201fef03f0114611993528625ddb0b41c0afac520b38eab3b7ce40001fe22400114f497b520b4beda29ac9636c64cb4cb039e25701e0001f82a7872d282681c0c000120f5ccfeabdbda39fbbd2e458a8b68afa3c362051fad587ef1b506e1697229bfaa0101020102286330663437613963363638626334616431313461396234386661353335313536623934643639666300010101fe24400114f497b520b4beda29ac9636c64cb4cb039e25701e00000120000017690581c1b6b35226a7f8a0fc9618da870fd6b090989fde6c680c614d9e012000005e060d449664d2306dad00926d936021d813888691c120dbea4a68d27d8e01fe84ae010200'),('0000b976c1650893babb15f2fb0ea25f4e6a08d2af87d8fb30c17682d1d050f5','63ff8b03010105426c6f636b01ff8c000106010954696d657374616d70010400010c5472616e73616374696f6e7301ff8e00010d50726576426c6f636b48617368010a00010448617368010a0001054e6f6e63650104000106486569676874010400000028ff8d020101195b5d2a737472756374757265732e5472616e73616374696f6e01ff8e0001ff8200003cff810301010b5472616e73616374696f6e01ff8200010401024944010a00010356696e01ff86000104566f757401ff8a00010454696d65010400000023ff85020101145b5d737472756374757265732e5458496e70757401ff860001ff84000040ff83030101075458496e70757401ff84000104010454786964010a000104566f757401040001095369676e6174757265010a0001065075624b6579010a00000024ff89020101155b5d737472756374757265732e54584f757470757401ff8a0001ff8800002fff870301010854584f757470757401ff88000102010556616c7565010800010a5075624b657948617368010a000000fe08ecff8c01fcb668cfb801060120038ad2cbe29d905e16cc272d13da5fd4e16fbb978bdc9a5af459db86494c206e01030120bf11c373dd9d260a3fc75c1606db29e29105e3d0f2b8fccea0f98ebcc2c9f4f101020140b7c45fb17f9622923ffdf3dc9e7e339b0a350c06acfec73634772bfc5fa7fa2246c153efe7b1e695fef5bbc517f1dbc5965b2a74884789163661598d2d862da301401d1d732bec08529badc0d7834050db631b16dc98d6e7e7ad57a4d1d73ea7f5d0c7867ae5929a9318ef5acc94f6f35df637d0e3705f4da9835f676d7a078bf2d4000120f5e53595389378e11d8b85d56ad07f389774218378ee241debccfb5f8982be6b0240d0b89ed37a2297591d7366fca8668956c319c29553a72322142f72ba3b41ecf96cefb9830a0e9f70053ef0cd2966c9c90fcb7a790e466d356375613294c081c201401d1d732bec08529badc0d7834050db631b16dc98d6e7e7ad57a4d1d73ea7f5d0c7867ae5929a9318ef5acc94f6f35df637d0e3705f4da9835f676d7a078bf2d4000120702006a5dbdbc604bccfd480de201793f550676d436ab5d1164bd36c669d2a360240fe4be77c877515dbf14dd3b10b41bcd11f13a68e3c5f609908f598b7cdd164078059848665f6861257a746096d67f841bab23f3d02b617b9d991522ff591ea0001401d1d732bec08529badc0d7834050db631b16dc98d6e7e7ad57a4d1d73ea7f5d0c7867ae5929a9318ef5acc94f6f35df637d0e3705f4da9835f676d7a078bf2d400010201f851016a49cb71843f0114611993528625ddb0b41c0afac520b38eab3b7ce40001f81b55768fa659843f0114f497b520b4beda29ac9636c64cb4cb039e25701e0001f82a7872db2760cf380001209b7a71e39ebb06cfe45a5c43d72d99c09d4119f9c61bb9ab05dea2c30c8b7bf401020120b2933465e9d4f0d7f30e76faa271a345539b9aebb20f0e17fe06d8d092c41c46010201408fcb166e72d63b14ed8c8f82b0392fc72cea31c9913f570b3253b17e9526dabb853d5483694f2b3c5de7e744f49daf9ba37b877a8e642c24ba9469eb82394fc601403addfe25d39e4de5de2a6f97f4db0619eac4133874ca03ed110a28d81488e18c8a5c548adfe7f08302b34467ff66cbb1dc60b4d389502a896b8994f8c371a602000120bf11c373dd9d260a3fc75c1606db29e29105e3d0f2b8fccea0f98ebcc2c9f4f10240f67300c46563760d1e35220fecd9dbcbf4b8d0da9a926776d9540cefdc43d72e01ea3150cf25ef26c4628ac5843adf3b0c4ff5d5c279eb889408cc445c3bd37201403addfe25d39e4de5de2a6f97f4db0619eac4133874ca03ed110a28d81488e18c8a5c548adfe7f08302b34467ff66cbb1dc60b4d389502a896b8994f8c371a60200010201f8e64b7f61bf48843f0114419cb929872a2fed40e081aa9a2fd23cd5a9bc100001f8706592894268403f0114611993528625ddb0b41c0afac520b38eab3b7ce40001f82a7872db3deab158000120fa7f9e6848db5314b701e5e54ee49c0b744d4250cbde9348a915a1812ed4ed7001020120f5e53595389378e11d8b85d56ad07f389774218378ee241debccfb5f8982be6b0102014096b5dac60dc952a567367e35b71eeed5ace8324853617a9545a40fc8238b0de851b24e12bf2a07dc9e8490850bdf1ddd78ff6938fe5642d2920ebc063d931ab701403a3697e5ef177f6b0bc40f9258b75e9f340acd99f88eeaa020e91aaa90743c18e8fded221b06f12f386329a514e84d4b6fd466da4c3a6be20820728cb242effb000120b2933465e9d4f0d7f30e76faa271a345539b9aebb20f0e17fe06d8d092c41c4602405f37e060eb2e55dd598ce1098c1c4e14e1e19d97e150bafaae35f036ba88b38666da38defae594c7525c1c92b6488b7c38ae8f0f0a85f95e0f14be31b6dc57e801403a3697e5ef177f6b0bc40f9258b75e9f340acd99f88eeaa020e91aaa90743c18e8fded221b06f12f386329a514e84d4b6fd466da4c3a6be20820728cb242effb00010201f883ad4cd79795833f0114f497b520b4beda29ac9636c64cb4cb039e25701e0001f8804a6417f310193f0114419cb929872a2fed40e081aa9a2fd23cd5a9bc100001f82a7872db46b832b0000120b4862ecfadab289c0af7df55362fd8896a0c70dea0f67bc1b1ee0e6224c3671801010120702006a5dbdbc604bccfd480de201793f550676d436ab5d1164bd36c669d2a36010201403f5b7b2f467a4444028a5f673f44ff25fc1b729e71f53547a117a7edddca2c8e5a1bfc559c1aff02b22007041e1fd6849b7ad7c8aadf151dbe01a86f20c18e9901403a3697e5ef177f6b0bc40f9258b75e9f340acd99f88eeaa020e91aaa90743c18e8fded221b06f12f386329a514e84d4b6fd466da4c3a6be20820728cb242effb00010201f8450bb719fa69843f0114f497b520b4beda29ac9636c64cb4cb039e25701e0001f8bd61aab25285ff3f0114419cb929872a2fed40e081aa9a2fd23cd5a9bc100001f82a7872db5ec69922000120109aa45ac3ab47b204491d50689740230f8c0a00afc7a785c0598ce491b3c3670101012083202062ed5552918a1a387dca5458f2b26b9a6e9c52a412aea929165cb8f3e9010201404aa8d5666cbf923fcda7b4f911d5eb448f92997c3ce087d064c7b88a21307a1ddaea1df376456614949686bdf70c480bacf0316770da01ca7c3a86f8111095c301401d1d732bec08529badc0d7834050db631b16dc98d6e7e7ad57a4d1d73ea7f5d0c7867ae5929a9318ef5acc94f6f35df637d0e3705f4da9835f676d7a078bf2d400010201f8450bb719fa69843f0114611993528625ddb0b41c0afac520b38eab3b7ce40001f8704d4f928deb1b400114f497b520b4beda29ac9636c64cb4cb039e25701e0001f82a7872db687d835a000120a4c2efbec41b1b2b2d6c7821240fbef74751a5ed48fdc5ce1bff47d27d96f2fd0101020102283931636635326330396237376636396366666663313664656466383932303966663966333633353000010101fe24400114f497b520b4beda29ac9636c64cb4cb039e25701e0000012000000e523054361fc30f1710cd534e17673fa3a5abaa9ca77d8f8c0ea0b5681601200000b976c1650893babb15f2fb0ea25f4e6a08d2af87d8fb30c17682d1d050f501fe3be8010a00'),('0000ec661c4b711e17c323c3882b8ca5f61b4129405283983aa4b6d0c5c6e501','63ff8b03010105426c6f636b01ff8c000106010954696d657374616d70010400010c5472616e73616374696f6e7301ff8e00010d50726576426c6f636b48617368010a00010448617368010a0001054e6f6e63650104000106486569676874010400000028ff8d020101195b5d2a737472756374757265732e5472616e73616374696f6e01ff8e0001ff8200003cff810301010b5472616e73616374696f6e01ff8200010401024944010a00010356696e01ff86000104566f757401ff8a00010454696d65010400000023ff85020101145b5d737472756374757265732e5458496e70757401ff860001ff84000040ff83030101075458496e70757401ff84000104010454786964010a000104566f757401040001095369676e6174757265010a0001065075624b6579010a00000024ff89020101155b5d737472756374757265732e54584f757470757401ff8a0001ff8800002fff870301010854584f757470757401ff88000102010556616c7565010800010a5075624b657948617368010a000000fe02e1ff8c01fcb668cf9a010301202de5c7c924a2dcb108daf6e9e8d02a87bb4fdede11ea72babed347341d40d5ec010101202e603a0d57e4a37fd628b7081e8351baedf5d8614ea60d09bc392d30a74f09e201020140a85a9f65c1afd858a1fdc17dd0be07d82b28a7d56db4b0a2b326f09970c6fe04fb8943ca53cfa293cc2a8914a9c476d9d464e51c579a0e2cbdbe419af9b76eae01401d1d732bec08529badc0d7834050db631b16dc98d6e7e7ad57a4d1d73ea7f5d0c7867ae5929a9318ef5acc94f6f35df637d0e3705f4da9835f676d7a078bf2d400010201400114419cb929872a2fed40e081aa9a2fd23cd5a9bc100001fe1c400114f497b520b4beda29ac9636c64cb4cb039e25701e0001f82a7872d45ee6166c0001207f74bbfdf351b50914dc532a8b9dcafec99a867d15f25b76aa58c9484fc8adc501010120f5ccfeabdbda39fbbd2e458a8b68afa3c362051fad587ef1b506e1697229bfaa0240d4155c229860ba0de4fa22f8509e7be20e12b443eb6c7bcb17d5054e3492230ca823f2e2f3d284345b2dd91efcad820fbaf3d6771595b7f9646843f472f01dfb01401d1d732bec08529badc0d7834050db631b16dc98d6e7e7ad57a4d1d73ea7f5d0c7867ae5929a9318ef5acc94f6f35df637d0e3705f4da9835f676d7a078bf2d400010201fe08400114419cb929872a2fed40e081aa9a2fd23cd5a9bc100001fe1c400114f497b520b4beda29ac9636c64cb4cb039e25701e0001f82a7872d4699ce05e000120cce02449a2c8913227e74e357e50836aafec0711937b260d3e1e1e4ee354153d0101020102286532303863303936383765633530616137656663343633633965353433323733306464316537363400010101fe24400114f497b520b4beda29ac9636c64cb4cb039e25701e0000012000005e060d449664d2306dad00926d936021d813888691c120dbea4a68d27d8e01200000ec661c4b711e17c323c3882b8ca5f61b4129405283983aa4b6d0c5c6e50101fd028ed8010400'),('66','000017690581c1b6b35226a7f8a0fc9618da870fd6b090989fde6c680c614d9e'),('6c','0000b976c1650893babb15f2fb0ea25f4e6a08d2af87d8fb30c17682d1d050f5');

/*!40000 ALTER TABLE blocks ENABLE KEYS */;
UNLOCK TABLES;

--
-- Table structure for table nodes
--

DROP TABLE IF EXISTS nodes;
/*!40101 SET @saved_cs_client     = @@character_set_client */;
/*!40101 SET character_set_client = utf8 */;
CREATE TABLE `nodes` (
  `k` varbinary(100) NOT NULL,
  `v` varbinary(200) DEFAULT NULL,
  PRIMARY KEY (`k`)
) ENGINE=InnoDB DEFAULT CHARSET=latin1;
/*!40101 SET character_set_client = @saved_cs_client */;
--
-- Dumping data for table nodes
--

LOCK TABLES nodes WRITE;
/*!40000 ALTER TABLE nodes DISABLE KEYS */;

/*!40000 ALTER TABLE nodes ENABLE KEYS */;
UNLOCK TABLES;

--
-- Table structure for table transactions
--

DROP TABLE IF EXISTS transactions;
/*!40101 SET @saved_cs_client     = @@character_set_client */;
/*!40101 SET character_set_client = utf8 */;
CREATE TABLE `transactions` (
  `k` varbinary(100) NOT NULL,
  `v` blob,
  PRIMARY KEY (`k`)
) ENGINE=InnoDB DEFAULT CHARSET=latin1;
/*!40101 SET character_set_client = @saved_cs_client */;
--
-- Dumping data for table transactions
--

LOCK TABLES transactions WRITE;
/*!40000 ALTER TABLE transactions DISABLE KEYS */;

INSERT INTO transactions VALUES ('038ad2cbe29d905e16cc272d13da5fd4e16fbb978bdc9a5af459db86494c206e','0cff8f020102ff9000010a000025ff900001200000b976c1650893babb15f2fb0ea25f4e6a08d2af87d8fb30c17682d1d050f5'),('109aa45ac3ab47b204491d50689740230f8c0a00afc7a785c0598ce491b3c367','0cff8f020102ff9000010a000025ff900001200000b976c1650893babb15f2fb0ea25f4e6a08d2af87d8fb30c17682d1d050f5'),('1eb01be7253d5445ba18b74dc1a02b5c2f0f0f056767f073980098d1212fb4f1','0cff8f020102ff9000010a000025ff90000120000045492ae2021e5bbcf3ff4c645038997b9872860e63969ae147bf3ba79364'),('2de5c7c924a2dcb108daf6e9e8d02a87bb4fdede11ea72babed347341d40d5ec','0cff8f020102ff9000010a000025ff900001200000ec661c4b711e17c323c3882b8ca5f61b4129405283983aa4b6d0c5c6e501'),('2e603a0d57e4a37fd628b7081e8351baedf5d8614ea60d09bc392d30a74f09e2','0cff8f020102ff9000010a000025ff9000012000005e060d449664d2306dad00926d936021d813888691c120dbea4a68d27d8e'),('2f5926fb6f9c8607a973b31d10c86b8ad2355694171e859bb23030a60bfa4263','0cff8f020102ff9000010a000025ff9000012000000e523054361fc30f1710cd534e17673fa3a5abaa9ca77d8f8c0ea0b56816'),('3508f42fcfa68f1bbe7c77a4564c4281c402caf439fb4f96e486c81f294c3717','0cff8f020102ff9000010a000025ff90000120000045492ae2021e5bbcf3ff4c645038997b9872860e63969ae147bf3ba79364'),('676b1d7d53c6b02b5a168f9b1bd57a215633c9218559f8e59679d6cdf8bb7435','0cff8f020102ff9000010a000025ff90000120000045492ae2021e5bbcf3ff4c645038997b9872860e63969ae147bf3ba79364'),('702006a5dbdbc604bccfd480de201793f550676d436ab5d1164bd36c669d2a36','0cff8f020102ff9000010a000025ff9000012000000e523054361fc30f1710cd534e17673fa3a5abaa9ca77d8f8c0ea0b56816'),('7f74bbfdf351b50914dc532a8b9dcafec99a867d15f25b76aa58c9484fc8adc5','0cff8f020102ff9000010a000025ff900001200000ec661c4b711e17c323c3882b8ca5f61b4129405283983aa4b6d0c5c6e501'),('83202062ed5552918a1a387dca5458f2b26b9a6e9c52a412aea929165cb8f3e9','0cff8f020102ff9000010a000025ff90000120000045492ae2021e5bbcf3ff4c645038997b9872860e63969ae147bf3ba79364'),('9b7a71e39ebb06cfe45a5c43d72d99c09d4119f9c61bb9ab05dea2c30c8b7bf4','0cff8f020102ff9000010a000025ff900001200000b976c1650893babb15f2fb0ea25f4e6a08d2af87d8fb30c17682d1d050f5'),('a4c2efbec41b1b2b2d6c7821240fbef74751a5ed48fdc5ce1bff47d27d96f2fd','0cff8f020102ff9000010a000025ff900001200000b976c1650893babb15f2fb0ea25f4e6a08d2af87d8fb30c17682d1d050f5'),('a689d3cf98557570adc2eb9cf3852c47bb3b4211e20644a63c6ec6a9109ed7c5','0cff8f020102ff9000010a000025ff90000120000017690581c1b6b35226a7f8a0fc9618da870fd6b090989fde6c680c614d9e'),('b2933465e9d4f0d7f30e76faa271a345539b9aebb20f0e17fe06d8d092c41c46','0cff8f020102ff9000010a000025ff9000012000000e523054361fc30f1710cd534e17673fa3a5abaa9ca77d8f8c0ea0b56816'),('b4862ecfadab289c0af7df55362fd8896a0c70dea0f67bc1b1ee0e6224c36718','0cff8f020102ff9000010a000025ff900001200000b976c1650893babb15f2fb0ea25f4e6a08d2af87d8fb30c17682d1d050f5'),('bf11c373dd9d260a3fc75c1606db29e29105e3d0f2b8fccea0f98ebcc2c9f4f1','0cff8f020102ff9000010a000025ff9000012000000e523054361fc30f1710cd534e17673fa3a5abaa9ca77d8f8c0ea0b56816'),('cce02449a2c8913227e74e357e50836aafec0711937b260d3e1e1e4ee354153d','0cff8f020102ff9000010a000025ff900001200000ec661c4b711e17c323c3882b8ca5f61b4129405283983aa4b6d0c5c6e501'),('f5ccfeabdbda39fbbd2e458a8b68afa3c362051fad587ef1b506e1697229bfaa','0cff8f020102ff9000010a000025ff9000012000005e060d449664d2306dad00926d936021d813888691c120dbea4a68d27d8e'),('f5e53595389378e11d8b85d56ad07f389774218378ee241debccfb5f8982be6b','0cff8f020102ff9000010a000025ff9000012000000e523054361fc30f1710cd534e17673fa3a5abaa9ca77d8f8c0ea0b56816'),('fa7f9e6848db5314b701e5e54ee49c0b744d4250cbde9348a915a1812ed4ed70','0cff8f020102ff9000010a000025ff900001200000b976c1650893babb15f2fb0ea25f4e6a08d2af87d8fb30c17682d1d050f5');

/*!40000 ALTER TABLE transactions ENABLE KEYS */;
UNLOCK TABLES;

--
-- Table structure for table transactionsoutputs
--

DROP TABLE IF EXISTS transactionsoutputs;
/*!40101 SET @saved_cs_client     = @@character_set_client */;
/*!40101 SET character_set_client = utf8 */;
CREATE TABLE `transactionsoutputs` (
  `k` varbinary(100) NOT NULL,
  `v` blob,
  PRIMARY KEY (`k`)
) ENGINE=InnoDB DEFAULT CHARSET=latin1;
/*!40101 SET character_set_client = @saved_cs_client */;
--
-- Dumping data for table transactionsoutputs
--

LOCK TABLES transactionsoutputs WRITE;
/*!40000 ALTER TABLE transactionsoutputs DISABLE KEYS */;

INSERT INTO transactionsoutputs VALUES ('1eb01be7253d5445ba18b74dc1a02b5c2f0f0f056767f073980098d1212fb4f1','0dff93020102ff940001ff9200005eff910301011d5472616e73616374696f6e73496e6465785370656e744f75747075747301ff9200010401064f7574496e64010400010b5458576865726555736564010a000105496e496e640104000109426c6f636b48617368010a000000ff90ff9400020220bf11c373dd9d260a3fc75c1606db29e29105e3d0f2b8fccea0f98ebcc2c9f4f1022000000e523054361fc30f1710cd534e17673fa3a5abaa9ca77d8f8c0ea0b568160001020120702006a5dbdbc604bccfd480de201793f550676d436ab5d1164bd36c669d2a36022000000e523054361fc30f1710cd534e17673fa3a5abaa9ca77d8f8c0ea0b5681600'),('2de5c7c924a2dcb108daf6e9e8d02a87bb4fdede11ea72babed347341d40d5ec','0dff93020102ff940001ff9200005eff910301011d5472616e73616374696f6e73496e6465785370656e744f75747075747301ff9200010401064f7574496e64010400010b5458576865726555736564010a000105496e496e640104000109426c6f636b48617368010a000000ff90ff9400020102012083202062ed5552918a1a387dca5458f2b26b9a6e9c52a412aea929165cb8f3e90220000045492ae2021e5bbcf3ff4c645038997b9872860e63969ae147bf3ba793640002201eb01be7253d5445ba18b74dc1a02b5c2f0f0f056767f073980098d1212fb4f10220000045492ae2021e5bbcf3ff4c645038997b9872860e63969ae147bf3ba7936400'),('2e603a0d57e4a37fd628b7081e8351baedf5d8614ea60d09bc392d30a74f09e2','0dff93020102ff940001ff9200005eff910301011d5472616e73616374696f6e73496e6465785370656e744f75747075747301ff9200010401064f7574496e64010400010b5458576865726555736564010a000105496e496e640104000109426c6f636b48617368010a000000ff90ff940002010201202de5c7c924a2dcb108daf6e9e8d02a87bb4fdede11ea72babed347341d40d5ec02200000ec661c4b711e17c323c3882b8ca5f61b4129405283983aa4b6d0c5c6e501000220676b1d7d53c6b02b5a168f9b1bd57a215633c9218559f8e59679d6cdf8bb74350220000045492ae2021e5bbcf3ff4c645038997b9872860e63969ae147bf3ba7936400'),('676b1d7d53c6b02b5a168f9b1bd57a215633c9218559f8e59679d6cdf8bb7435','0dff93020102ff940001ff9200005eff910301011d5472616e73616374696f6e73496e6465785370656e744f75747075747301ff9200010401064f7574496e64010400010b5458576865726555736564010a000105496e496e640104000109426c6f636b48617368010a00000049ff9400010220f5e53595389378e11d8b85d56ad07f389774218378ee241debccfb5f8982be6b022000000e523054361fc30f1710cd534e17673fa3a5abaa9ca77d8f8c0ea0b5681600'),('702006a5dbdbc604bccfd480de201793f550676d436ab5d1164bd36c669d2a36','0dff93020102ff940001ff9200005eff910301011d5472616e73616374696f6e73496e6465785370656e744f75747075747301ff9200010401064f7574496e64010400010b5458576865726555736564010a000105496e496e640104000109426c6f636b48617368010a000000ff92ff9400020220038ad2cbe29d905e16cc272d13da5fd4e16fbb978bdc9a5af459db86494c206e010401200000b976c1650893babb15f2fb0ea25f4e6a08d2af87d8fb30c17682d1d050f50001020120b4862ecfadab289c0af7df55362fd8896a0c70dea0f67bc1b1ee0e6224c3671802200000b976c1650893babb15f2fb0ea25f4e6a08d2af87d8fb30c17682d1d050f500'),('83202062ed5552918a1a387dca5458f2b26b9a6e9c52a412aea929165cb8f3e9','0dff93020102ff940001ff9200005eff910301011d5472616e73616374696f6e73496e6465785370656e744f75747075747301ff9200010401064f7574496e64010400010b5458576865726555736564010a000105496e496e640104000109426c6f636b48617368010a000000ff90ff9400020220b2933465e9d4f0d7f30e76faa271a345539b9aebb20f0e17fe06d8d092c41c46022000000e523054361fc30f1710cd534e17673fa3a5abaa9ca77d8f8c0ea0b568160001020120109aa45ac3ab47b204491d50689740230f8c0a00afc7a785c0598ce491b3c36702200000b976c1650893babb15f2fb0ea25f4e6a08d2af87d8fb30c17682d1d050f500'),('a689d3cf98557570adc2eb9cf3852c47bb3b4211e20644a63c6ec6a9109ed7c5','0dff93020102ff940001ff9200005eff910301011d5472616e73616374696f6e73496e6465785370656e744f75747075747301ff9200010401064f7574496e64010400010b5458576865726555736564010a000105496e496e640104000109426c6f636b48617368010a00000049ff94000102202e603a0d57e4a37fd628b7081e8351baedf5d8614ea60d09bc392d30a74f09e2022000005e060d449664d2306dad00926d936021d813888691c120dbea4a68d27d8e00'),('b2933465e9d4f0d7f30e76faa271a345539b9aebb20f0e17fe06d8d092c41c46','0dff93020102ff940001ff9200005eff910301011d5472616e73616374696f6e73496e6465785370656e744f75747075747301ff9200010401064f7574496e64010400010b5458576865726555736564010a000105496e496e640104000109426c6f636b48617368010a000000ff92ff940002010201209b7a71e39ebb06cfe45a5c43d72d99c09d4119f9c61bb9ab05dea2c30c8b7bf402200000b976c1650893babb15f2fb0ea25f4e6a08d2af87d8fb30c17682d1d050f5000220fa7f9e6848db5314b701e5e54ee49c0b744d4250cbde9348a915a1812ed4ed70010201200000b976c1650893babb15f2fb0ea25f4e6a08d2af87d8fb30c17682d1d050f500'),('bf11c373dd9d260a3fc75c1606db29e29105e3d0f2b8fccea0f98ebcc2c9f4f1','0dff93020102ff940001ff9200005eff910301011d5472616e73616374696f6e73496e6465785370656e744f75747075747301ff9200010401064f7574496e64010400010b5458576865726555736564010a000105496e496e640104000109426c6f636b48617368010a000000ff92ff94000201020120038ad2cbe29d905e16cc272d13da5fd4e16fbb978bdc9a5af459db86494c206e02200000b976c1650893babb15f2fb0ea25f4e6a08d2af87d8fb30c17682d1d050f50002209b7a71e39ebb06cfe45a5c43d72d99c09d4119f9c61bb9ab05dea2c30c8b7bf4010201200000b976c1650893babb15f2fb0ea25f4e6a08d2af87d8fb30c17682d1d050f500'),('f5ccfeabdbda39fbbd2e458a8b68afa3c362051fad587ef1b506e1697229bfaa','0dff93020102ff940001ff9200005eff910301011d5472616e73616374696f6e73496e6465785370656e744f75747075747301ff9200010401064f7574496e64010400010b5458576865726555736564010a000105496e496e640104000109426c6f636b48617368010a00000049ff94000102207f74bbfdf351b50914dc532a8b9dcafec99a867d15f25b76aa58c9484fc8adc502200000ec661c4b711e17c323c3882b8ca5f61b4129405283983aa4b6d0c5c6e50100'),('f5e53595389378e11d8b85d56ad07f389774218378ee241debccfb5f8982be6b','0dff93020102ff940001ff9200005eff910301011d5472616e73616374696f6e73496e6465785370656e744f75747075747301ff9200010401064f7574496e64010400010b5458576865726555736564010a000105496e496e640104000109426c6f636b48617368010a000000ff92ff9400020220038ad2cbe29d905e16cc272d13da5fd4e16fbb978bdc9a5af459db86494c206e010201200000b976c1650893babb15f2fb0ea25f4e6a08d2af87d8fb30c17682d1d050f50001020120fa7f9e6848db5314b701e5e54ee49c0b744d4250cbde9348a915a1812ed4ed7002200000b976c1650893babb15f2fb0ea25f4e6a08d2af87d8fb30c17682d1d050f500');

/*!40000 ALTER TABLE transactionsoutputs ENABLE KEYS */;
UNLOCK TABLES;

--
-- Table structure for table unapprovedtransactions
--

DROP TABLE IF EXISTS unapprovedtransactions;
/*!40101 SET @saved_cs_client     = @@character_set_client */;
/*!40101 SET character_set_client = utf8 */;
CREATE TABLE `unapprovedtransactions` (
  `k` varbinary(100) NOT NULL,
  `v` longblob,
  PRIMARY KEY (`k`)
) ENGINE=InnoDB DEFAULT CHARSET=latin1;
/*!40101 SET character_set_client = @saved_cs_client */;
--
-- Dumping data for table unapprovedtransactions
--

LOCK TABLES unapprovedtransactions WRITE;
/*!40000 ALTER TABLE unapprovedtransactions DISABLE KEYS */;

/*!40000 ALTER TABLE unapprovedtransactions ENABLE KEYS */;
UNLOCK TABLES;

--
-- Table structure for table unspentoutputstransactions
--

DROP TABLE IF EXISTS unspentoutputstransactions;
/*!40101 SET @saved_cs_client     = @@character_set_client */;
/*!40101 SET character_set_client = utf8 */;
CREATE TABLE `unspentoutputstransactions` (
  `k` varbinary(100) NOT NULL,
  `v` longblob,
  PRIMARY KEY (`k`)
) ENGINE=InnoDB DEFAULT CHARSET=latin1;
/*!40101 SET character_set_client = @saved_cs_client */;
--
-- Dumping data for table unspentoutputstransactions
--

LOCK TABLES unspentoutputstransactions WRITE;
/*!40000 ALTER TABLE unspentoutputstransactions DISABLE KEYS */;

INSERT INTO unspentoutputstransactions VALUES ('038ad2cbe29d905e16cc272d13da5fd4e16fbb978bdc9a5af459db86494c206e','0dff97020102ff980001ff9600007eff950301011354584f7574707574496e646570656e64656e7401ff96000107010556616c7565010800010e446573745075624b657948617368010a00010e53656e645075624b657948617368010a00010454584944010a0001064f496e64657801040001064973426173650102000109426c6f636b48617368010a000000fffcff98000201f851016a49cb71843f0114611993528625ddb0b41c0afac520b38eab3b7ce40114f497b520b4beda29ac9636c64cb4cb039e25701e0120038ad2cbe29d905e16cc272d13da5fd4e16fbb978bdc9a5af459db86494c206e03200000b976c1650893babb15f2fb0ea25f4e6a08d2af87d8fb30c17682d1d050f50001f81b55768fa659843f0114f497b520b4beda29ac9636c64cb4cb039e25701e0114f497b520b4beda29ac9636c64cb4cb039e25701e0120038ad2cbe29d905e16cc272d13da5fd4e16fbb978bdc9a5af459db86494c206e010202200000b976c1650893babb15f2fb0ea25f4e6a08d2af87d8fb30c17682d1d050f500'),('109aa45ac3ab47b204491d50689740230f8c0a00afc7a785c0598ce491b3c367','0dff97020102ff980001ff9600007eff950301011354584f7574707574496e646570656e64656e7401ff96000107010556616c7565010800010e446573745075624b657948617368010a00010e53656e645075624b657948617368010a00010454584944010a0001064f496e64657801040001064973426173650102000109426c6f636b48617368010a000000fffcff98000201f8450bb719fa69843f0114611993528625ddb0b41c0afac520b38eab3b7ce40114f497b520b4beda29ac9636c64cb4cb039e25701e0120109aa45ac3ab47b204491d50689740230f8c0a00afc7a785c0598ce491b3c36703200000b976c1650893babb15f2fb0ea25f4e6a08d2af87d8fb30c17682d1d050f50001f8704d4f928deb1b400114f497b520b4beda29ac9636c64cb4cb039e25701e0114f497b520b4beda29ac9636c64cb4cb039e25701e0120109aa45ac3ab47b204491d50689740230f8c0a00afc7a785c0598ce491b3c367010202200000b976c1650893babb15f2fb0ea25f4e6a08d2af87d8fb30c17682d1d050f500'),('2f5926fb6f9c8607a973b31d10c86b8ad2355694171e859bb23030a60bfa4263','0dff97020102ff980001ff9600007eff950301011354584f7574707574496e646570656e64656e7401ff96000107010556616c7565010800010e446573745075624b657948617368010a00010e53656e645075624b657948617368010a00010454584944010a0001064f496e64657801040001064973426173650102000109426c6f636b48617368010a00000065ff98000101fe24400114f497b520b4beda29ac9636c64cb4cb039e25701e02202f5926fb6f9c8607a973b31d10c86b8ad2355694171e859bb23030a60bfa42630201012000000e523054361fc30f1710cd534e17673fa3a5abaa9ca77d8f8c0ea0b5681600'),('3508f42fcfa68f1bbe7c77a4564c4281c402caf439fb4f96e486c81f294c3717','0dff97020102ff980001ff9600007eff950301011354584f7574707574496e646570656e64656e7401ff96000107010556616c7565010800010e446573745075624b657948617368010a00010e53656e645075624b657948617368010a00010454584944010a0001064f496e64657801040001064973426173650102000109426c6f636b48617368010a00000065ff98000101fe24400114f497b520b4beda29ac9636c64cb4cb039e25701e02203508f42fcfa68f1bbe7c77a4564c4281c402caf439fb4f96e486c81f294c371702010120000045492ae2021e5bbcf3ff4c645038997b9872860e63969ae147bf3ba7936400'),('676b1d7d53c6b02b5a168f9b1bd57a215633c9218559f8e59679d6cdf8bb7435','0dff97020102ff980001ff9600007eff950301011354584f7574707574496e646570656e64656e7401ff96000107010556616c7565010800010e446573745075624b657948617368010a00010e53656e645075624b657948617368010a00010454584944010a0001064f496e64657801040001064973426173650102000109426c6f636b48617368010a000000ff81ff98000101f8ae47e17a14aeef3f0114611993528625ddb0b41c0afac520b38eab3b7ce40114611993528625ddb0b41c0afac520b38eab3b7ce40120676b1d7d53c6b02b5a168f9b1bd57a215633c9218559f8e59679d6cdf8bb743501020220000045492ae2021e5bbcf3ff4c645038997b9872860e63969ae147bf3ba7936400'),('7f74bbfdf351b50914dc532a8b9dcafec99a867d15f25b76aa58c9484fc8adc5','0dff97020102ff980001ff9600007eff950301011354584f7574707574496e646570656e64656e7401ff96000107010556616c7565010800010e446573745075624b657948617368010a00010e53656e645075624b657948617368010a00010454584944010a0001064f496e64657801040001064973426173650102000109426c6f636b48617368010a000000fff0ff98000201fe08400114419cb929872a2fed40e081aa9a2fd23cd5a9bc100114f497b520b4beda29ac9636c64cb4cb039e25701e01207f74bbfdf351b50914dc532a8b9dcafec99a867d15f25b76aa58c9484fc8adc503200000ec661c4b711e17c323c3882b8ca5f61b4129405283983aa4b6d0c5c6e5010001fe1c400114f497b520b4beda29ac9636c64cb4cb039e25701e0114f497b520b4beda29ac9636c64cb4cb039e25701e01207f74bbfdf351b50914dc532a8b9dcafec99a867d15f25b76aa58c9484fc8adc5010202200000ec661c4b711e17c323c3882b8ca5f61b4129405283983aa4b6d0c5c6e50100'),('9b7a71e39ebb06cfe45a5c43d72d99c09d4119f9c61bb9ab05dea2c30c8b7bf4','0dff97020102ff980001ff9600007eff950301011354584f7574707574496e646570656e64656e7401ff96000107010556616c7565010800010e446573745075624b657948617368010a00010e53656e645075624b657948617368010a00010454584944010a0001064f496e64657801040001064973426173650102000109426c6f636b48617368010a000000fffcff98000201f8e64b7f61bf48843f0114419cb929872a2fed40e081aa9a2fd23cd5a9bc100114611993528625ddb0b41c0afac520b38eab3b7ce401209b7a71e39ebb06cfe45a5c43d72d99c09d4119f9c61bb9ab05dea2c30c8b7bf403200000b976c1650893babb15f2fb0ea25f4e6a08d2af87d8fb30c17682d1d050f50001f8706592894268403f0114611993528625ddb0b41c0afac520b38eab3b7ce40114611993528625ddb0b41c0afac520b38eab3b7ce401209b7a71e39ebb06cfe45a5c43d72d99c09d4119f9c61bb9ab05dea2c30c8b7bf4010202200000b976c1650893babb15f2fb0ea25f4e6a08d2af87d8fb30c17682d1d050f500'),('a4c2efbec41b1b2b2d6c7821240fbef74751a5ed48fdc5ce1bff47d27d96f2fd','0dff97020102ff980001ff9600007eff950301011354584f7574707574496e646570656e64656e7401ff96000107010556616c7565010800010e446573745075624b657948617368010a00010e53656e645075624b657948617368010a00010454584944010a0001064f496e64657801040001064973426173650102000109426c6f636b48617368010a00000065ff98000101fe24400114f497b520b4beda29ac9636c64cb4cb039e25701e0220a4c2efbec41b1b2b2d6c7821240fbef74751a5ed48fdc5ce1bff47d27d96f2fd020101200000b976c1650893babb15f2fb0ea25f4e6a08d2af87d8fb30c17682d1d050f500'),('b4862ecfadab289c0af7df55362fd8896a0c70dea0f67bc1b1ee0e6224c36718','0dff97020102ff980001ff9600007eff950301011354584f7574707574496e646570656e64656e7401ff96000107010556616c7565010800010e446573745075624b657948617368010a00010e53656e645075624b657948617368010a00010454584944010a0001064f496e64657801040001064973426173650102000109426c6f636b48617368010a000000fffcff98000201f8450bb719fa69843f0114f497b520b4beda29ac9636c64cb4cb039e25701e0114419cb929872a2fed40e081aa9a2fd23cd5a9bc100120b4862ecfadab289c0af7df55362fd8896a0c70dea0f67bc1b1ee0e6224c3671803200000b976c1650893babb15f2fb0ea25f4e6a08d2af87d8fb30c17682d1d050f50001f8bd61aab25285ff3f0114419cb929872a2fed40e081aa9a2fd23cd5a9bc100114419cb929872a2fed40e081aa9a2fd23cd5a9bc100120b4862ecfadab289c0af7df55362fd8896a0c70dea0f67bc1b1ee0e6224c36718010202200000b976c1650893babb15f2fb0ea25f4e6a08d2af87d8fb30c17682d1d050f500'),('cce02449a2c8913227e74e357e50836aafec0711937b260d3e1e1e4ee354153d','0dff97020102ff980001ff9600007eff950301011354584f7574707574496e646570656e64656e7401ff96000107010556616c7565010800010e446573745075624b657948617368010a00010e53656e645075624b657948617368010a00010454584944010a0001064f496e64657801040001064973426173650102000109426c6f636b48617368010a00000065ff98000101fe24400114f497b520b4beda29ac9636c64cb4cb039e25701e0220cce02449a2c8913227e74e357e50836aafec0711937b260d3e1e1e4ee354153d020101200000ec661c4b711e17c323c3882b8ca5f61b4129405283983aa4b6d0c5c6e50100'),('fa7f9e6848db5314b701e5e54ee49c0b744d4250cbde9348a915a1812ed4ed70','0dff97020102ff980001ff9600007eff950301011354584f7574707574496e646570656e64656e7401ff96000107010556616c7565010800010e446573745075624b657948617368010a00010e53656e645075624b657948617368010a00010454584944010a0001064f496e64657801040001064973426173650102000109426c6f636b48617368010a000000fffcff98000201f883ad4cd79795833f0114f497b520b4beda29ac9636c64cb4cb039e25701e0114419cb929872a2fed40e081aa9a2fd23cd5a9bc100120fa7f9e6848db5314b701e5e54ee49c0b744d4250cbde9348a915a1812ed4ed7003200000b976c1650893babb15f2fb0ea25f4e6a08d2af87d8fb30c17682d1d050f50001f8804a6417f310193f0114419cb929872a2fed40e081aa9a2fd23cd5a9bc100114419cb929872a2fed40e081aa9a2fd23cd5a9bc100120fa7f9e6848db5314b701e5e54ee49c0b744d4250cbde9348a915a1812ed4ed70010202200000b976c1650893babb15f2fb0ea25f4e6a08d2af87d8fb30c17682d1d050f500');

/*!40000 ALTER TABLE unspentoutputstransactions ENABLE KEYS */;
UNLOCK TABLES;

-- Dump completed on 2018-06-28 07:45:22.392222827 +0300 EEST m=+0.004761234
