-- Go SQL Dump 0.2.2
--
-- ------------------------------------------------------
-- Server version	5.7.22-0ubuntu0.16.04.1

/*!40101 SET @OLD_CHARACTER_SET_CLIENT=@@CHARACTER_SET_CLIENT */;
/*!40101 SET @OLD_CHARACTER_SET_RESULTS=@@CHARACTER_SET_RESULTS */;
/*!40101 SET @OLD_COLLATION_CONNECTION=@@COLLATION_CONNECTION */;
/*!40101 SET NAMES utf8 */;
/*!40103 SET @OLD_TIME_ZONE=@@TIME_ZONE */;
/*!40103 SET TIME_ZONE='+00:00' */;
/*!40014 SET @OLD_UNIQUE_CHECKS=@@UNIQUE_CHECKS, UNIQUE_CHECKS=0 */;
/*!40014 SET @OLD_FOREIGN_KEY_CHECKS=@@FOREIGN_KEY_CHECKS, FOREIGN_KEY_CHECKS=0 */;
/*!40101 SET @OLD_SQL_MODE=@@SQL_MODE, SQL_MODE='NO_AUTO_VALUE_ON_ZERO' */;
/*!40111 SET @OLD_SQL_NOTES=@@SQL_NOTES, SQL_NOTES=0 */;



--
-- Table structure for table blockchain
--

DROP TABLE IF EXISTS blockchain;
/*!40101 SET @saved_cs_client     = @@character_set_client */;
/*!40101 SET character_set_client = utf8 */;
CREATE TABLE `blockchain` (
  `k` varbinary(100) NOT NULL,
  `v` varbinary(300) DEFAULT NULL,
  PRIMARY KEY (`k`)
) ENGINE=InnoDB DEFAULT CHARSET=latin1;
/*!40101 SET character_set_client = @saved_cs_client */;
--
-- Dumping data for table blockchain
--

LOCK TABLES blockchain WRITE;
/*!40000 ALTER TABLE blockchain DISABLE KEYS */;

INSERT INTO blockchain VALUES ('000031980efad9737e1dcf7f98836f82784f56ee5c99f90d99683a22dc3812e4','0000a9f77bf336661c45906bed1e461524e18054a893f2e5796c02de345e24370000fd6a1c7b8c83ed5ec8daa7a2c960dc8c8d60f89c28cc84acb642b8bae6d9'),('0000439ae96af4ebffb62eb3eb1cf1eadbbacbe1a911d12b13fb9beeee21a129','00007db700bdc96f05e1198cbbdf1cc4d51dfb04252a4629fb0ca710f8a616520000a9f77bf336661c45906bed1e461524e18054a893f2e5796c02de345e2437'),('000072707a7019cd087f5b87f73db0fdb14de6a4e9b314ff2b01afeb5d603fdc','0000fd6a1c7b8c83ed5ec8daa7a2c960dc8c8d60f89c28cc84acb642b8bae6d90000000000000000000000000000000000000000000000000000000000000000'),('00007db700bdc96f05e1198cbbdf1cc4d51dfb04252a4629fb0ca710f8a61652','00000000000000000000000000000000000000000000000000000000000000000000439ae96af4ebffb62eb3eb1cf1eadbbacbe1a911d12b13fb9beeee21a129'),('0000a9f77bf336661c45906bed1e461524e18054a893f2e5796c02de345e2437','0000439ae96af4ebffb62eb3eb1cf1eadbbacbe1a911d12b13fb9beeee21a129000031980efad9737e1dcf7f98836f82784f56ee5c99f90d99683a22dc3812e4'),('0000fd6a1c7b8c83ed5ec8daa7a2c960dc8c8d60f89c28cc84acb642b8bae6d9','000031980efad9737e1dcf7f98836f82784f56ee5c99f90d99683a22dc3812e4000072707a7019cd087f5b87f73db0fdb14de6a4e9b314ff2b01afeb5d603fdc');

/*!40000 ALTER TABLE blockchain ENABLE KEYS */;
UNLOCK TABLES;

--
-- Table structure for table blocks
--

DROP TABLE IF EXISTS blocks;
/*!40101 SET @saved_cs_client     = @@character_set_client */;
/*!40101 SET character_set_client = utf8 */;
CREATE TABLE `blocks` (
  `k` varbinary(100) NOT NULL,
  `v` longblob,
  PRIMARY KEY (`k`)
) ENGINE=InnoDB DEFAULT CHARSET=latin1;
/*!40101 SET character_set_client = @saved_cs_client */;
--
-- Dumping data for table blocks
--

LOCK TABLES blocks WRITE;
/*!40000 ALTER TABLE blocks DISABLE KEYS */;

INSERT INTO blocks VALUES ('000031980efad9737e1dcf7f98836f82784f56ee5c99f90d99683a22dc3812e4','63ff8b03010105426c6f636b01ff8c000106010954696d657374616d70010400010c5472616e73616374696f6e7301ff8e00010d50726576426c6f636b48617368010a00010448617368010a0001054e6f6e63650104000106486569676874010400000027ff8d020101185b5d737472756374757265732e5472616e73616374696f6e01ff8e0001ff82000066ff810301010b5472616e73616374696f6e01ff8200010701024944010a00010454696d6501040001095369676e6174757265010a00010842795075624b6579010a00010356696e01ff86000104566f757401ff8a00010a53514c436f6d6d616e64010a0000002bff850201011c5b5d737472756374757265732e545843757272656e6379496e70757401ff860001ff84000048ff830301010f545843757272656e6379496e70757401ff84000104010454786964010a000104566f757401040001095369676e6174757265010a0001065075624b6579010a0000002dff890201011e5b5d737472756374757265732e54584375727272656e63794f757470757401ff8a0001ff88000038ff870301011154584375727272656e63794f757470757401ff88000102010556616c7565010800010a5075624b657948617368010a000000fe0415ff8c01fcb676074401040120de64f22260ff827840feb916d268b93a548edbac3dea55eba2593c0c4e55f0ba01f82a7b86a657ae435603010120e978d9df3abe234932798ef6f1ab42bb855007f85f00b5aacc0294c01c68e3d601020140971c65e0e675b2c9864ba402d96b04493cae4f8e8949c43571f92fa715a460f8b58c119d761ad3f92a761b77425726c28d4e8874708f33c26e1dbda1c2f04d4e014094a359732b57d2d7492671edd96f32f3f482774aa0c512d64e4dfb0bff27b0efd7367b589a51ab2da77d4e17d4bdb2f26596f0aac33a02adc08325940baf072600010201f87b14ae47e17a843f01140bb1039d575a467e756679f8125c75ecf9f405f20001f8f6285c8fc2f51b40011423ce29037051320f3993f2d2aa6a112f1fd16a190000012038de11a4af7a3404040062974e140855cabb01ee07eb42867bd375ffb13db87e01f82a7b86a660c829d6030101203a61798f9cf6797b8f6b522c51b09ac8b70a01ee1d4a813b4d9268ecbd95813302400fa579f6b8c95701267f12ad68194c6c82551de0f3e9428c090189f4f1bda62f8a933ab55083d7ac64be9c9116a503a889280ba36a9f2753f9198115a1b7d7ae0140bbda02b6d48c341f40368bbfa030df96c6ec4a80c8c0e3f39b32fe5eca0eff51d6cb34abbfd3de76118f919e1fd2b3f120447cdd0f3af4b95accac56c7940afb00010201f87b14ae47e17a843f01149fde8fbcf79b2851a0a51d6e89acf576a224f6270001f8ae47e17a14aeef3f01140bb1039d575a467e756679f8125c75ecf9f405f2000001201b2d123ac1bf5101ac1bdacab0bbcbe83ed7e0f8885aac0b2f16d49bae02957201f82a7b86a668a37ff603010120e978d9df3abe234932798ef6f1ab42bb855007f85f00b5aacc0294c01c68e3d60240ce9ca27226d4e6a55f5dfec0bdccef83cf2ec2b598926d4935a127985691dcc111e54ef8961fb5ce469cad81973456324f568528aadf58f7fa8d3c0ce25260060140719a106d30e4c71fccbe4b5b8cc6041922bbbddbdf7a979cd07c12ba0146553b44c272d24b2bbf1b8b8a70e767b5bebd8e0bc37cc0a425c4847ba3532ad320a600010201f87b14ae47e17a843f011423ce29037051320f3993f2d2aa6a112f1fd16a190001f8d7a3703d0ad7ff3f01149fde8fbcf79b2851a0a51d6e89acf576a224f62700000120f70d6fb244de55c7be4995929680c5041460e7618ef7a6374ebd5966a15fbac90401020102283261663562656231303334643662656435383639363261333164303730386361393863616131343900010101fe2440011423ce29037051320f3993f2d2aa6a112f1fd16a19000001200000a9f77bf336661c45906bed1e461524e18054a893f2e5796c02de345e24370120000031980efad9737e1dcf7f98836f82784f56ee5c99f90d99683a22dc3812e401fd062fb4010600'),('0000439ae96af4ebffb62eb3eb1cf1eadbbacbe1a911d12b13fb9beeee21a129','63ff8b03010105426c6f636b01ff8c000106010954696d657374616d70010400010c5472616e73616374696f6e7301ff8e00010d50726576426c6f636b48617368010a00010448617368010a0001054e6f6e63650104000106486569676874010400000027ff8d020101185b5d737472756374757265732e5472616e73616374696f6e01ff8e0001ff82000066ff810301010b5472616e73616374696f6e01ff8200010701024944010a00010454696d6501040001095369676e6174757265010a00010842795075624b6579010a00010356696e01ff86000104566f757401ff8a00010a53514c436f6d6d616e64010a0000002bff850201011c5b5d737472756374757265732e545843757272656e6379496e70757401ff860001ff84000048ff830301010f545843757272656e6379496e70757401ff84000104010454786964010a000104566f757401040001095369676e6174757265010a0001065075624b6579010a0000002dff890201011e5b5d737472756374757265732e54584375727272656e63794f757470757401ff8a0001ff88000038ff870301011154584375727272656e63794f757470757401ff88000102010556616c7565010800010a5075624b657948617368010a000000fe01d2ff8c01fcb6760732010201203a61798f9cf6797b8f6b522c51b09ac8b70a01ee1d4a813b4d9268ecbd95813301f82a7b86a2240479f20301012072d8ee227a5c851e419af50688ad57b5747c39939c786f251d0c394a7aaa4ceb0240d195fb9a5ec97ead495dc513e7ed8ba8f2d861f6e906f23174d2be2a4734ef4b99d94e0a7cb5e16c375f456501ec788b8d681a8938ae667e17af8d78ff0ebf01014094a359732b57d2d7492671edd96f32f3f482774aa0c512d64e4dfb0bff27b0efd7367b589a51ab2da77d4e17d4bdb2f26596f0aac33a02adc08325940baf072600010201fef03f01140bb1039d575a467e756679f8125c75ecf9f405f20001fe2240011423ce29037051320f3993f2d2aa6a112f1fd16a1900000120764295587c13f8927ebee5c6a1f25d6c8805cb4d3a2be97f03f9ed8b778df6750401020102283466616234636166623236616162346339373236626164363466313265653936623038393365336500010101fe2440011423ce29037051320f3993f2d2aa6a112f1fd16a190000012000007db700bdc96f05e1198cbbdf1cc4d51dfb04252a4629fb0ca710f8a6165201200000439ae96af4ebffb62eb3eb1cf1eadbbacbe1a911d12b13fb9beeee21a12901feec8c010200'),('000072707a7019cd087f5b87f73db0fdb14de6a4e9b314ff2b01afeb5d603fdc','63ff8b03010105426c6f636b01ff8c000106010954696d657374616d70010400010c5472616e73616374696f6e7301ff8e00010d50726576426c6f636b48617368010a00010448617368010a0001054e6f6e63650104000106486569676874010400000027ff8d020101185b5d737472756374757265732e5472616e73616374696f6e01ff8e0001ff82000066ff810301010b5472616e73616374696f6e01ff8200010701024944010a00010454696d6501040001095369676e6174757265010a00010842795075624b6579010a00010356696e01ff86000104566f757401ff8a00010a53514c436f6d6d616e64010a0000002bff850201011c5b5d737472756374757265732e545843757272656e6379496e70757401ff860001ff84000048ff830301010f545843757272656e6379496e70757401ff84000104010454786964010a000104566f757401040001095369676e6174757265010a0001065075624b6579010a0000002dff890201011e5b5d737472756374757265732e54584375727272656e63794f757470757401ff8a0001ff88000038ff870301011154584375727272656e63794f757470757401ff88000102010556616c7565010800010a5075624b657948617368010a000000fe08edff8c01fcb67607580106012087a8346eb7122dddab5c4d42029a5d9194ea209c275b78ec939fb9f8a727f41c01f82a7b86ab08cd602803030120bd3f94c9e50850dfa62291d524f126400d8e4705e2a3bd6b271bf82d7af89026010201405d06dc3fb69ccc8d87bd427051ae3f262d92d9927a4d348b9b24470c33a76997cfc807de6cfa45135588410120c8800a9d5b887b269d56652dcef12a45b53ea5014094a359732b57d2d7492671edd96f32f3f482774aa0c512d64e4dfb0bff27b0efd7367b589a51ab2da77d4e17d4bdb2f26596f0aac33a02adc08325940baf07260001209f5b3c0ca31e2466b0404ce1e1a5f267279d449602dce940b0493dfcc1c3988e0240f0f3f231944fcc794749cdc5cdc7e1a4ab1cdb65c833f76d57a18f637c5aeffbcd1dc1326727b25496c3adcc9bfee24272285c110dd76a6da0ec28daab73afd3014094a359732b57d2d7492671edd96f32f3f482774aa0c512d64e4dfb0bff27b0efd7367b589a51ab2da77d4e17d4bdb2f26596f0aac33a02adc08325940baf0726000120c4fecb4831434a489b7605d6f3668a7c4bc99c96c3ee7f476d255d68062bdfa30240ec55e938d2b3530fdb77550ab7cfa46fdfa9a12b912c3e45b569aaeb555f7b0f0310711fc71a64bb3b90613b87e8c6c69285ffecf426b3451b8fd3dfc8e7d746014094a359732b57d2d7492671edd96f32f3f482774aa0c512d64e4dfb0bff27b0efd7367b589a51ab2da77d4e17d4bdb2f26596f0aac33a02adc08325940baf072600010201f818cef3affe32843f01140bb1039d575a467e756679f8125c75ecf9f405f20001f8e04ab888d627843f011423ce29037051320f3993f2d2aa6a112f1fd16a1900000120523e1e0b9b9e74cb890490cf4202c728c851b03b6f32716aca0c047a13a8aa4901f82a7b86ab11fdb35003020120e5ddcc4fff17fbedee9720cfc1f973067dec49ac36d302923aac6d3156826194010201409d795039f66ae2ecd43506e4894aaafcd7b154d5372a32916279aaa766e9ad6f4eb910e6b574c5c067406fa9443cfe5e9a75054db95c5a773224d6dc4b15610d0140bbda02b6d48c341f40368bbfa030df96c6ec4a80c8c0e3f39b32fe5eca0eff51d6cb34abbfd3de76118f919e1fd2b3f120447cdd0f3af4b95accac56c7940afb000120bd3f94c9e50850dfa62291d524f126400d8e4705e2a3bd6b271bf82d7af890260240d26a79ab72e1f6663e884465b83d908ac28dbc87ab547b7a5f9808bf857d4be2706c12351054c39181a1406b93bd993a001af5a15200856b60b8972aca76f01f0140bbda02b6d48c341f40368bbfa030df96c6ec4a80c8c0e3f39b32fe5eca0eff51d6cb34abbfd3de76118f919e1fd2b3f120447cdd0f3af4b95accac56c7940afb00010201f8d7d6f445e7a1833f01149fde8fbcf79b2851a0a51d6e89acf576a224f6270001f840a0d1885fd2443f01140bb1039d575a467e756679f8125c75ecf9f405f20000012049992442b4d066f4c915e9244818889a58830bfaffb79ebc8a754b1362a7dbaf01f82a7b86ab1ca58ae0030201209f5b3c0ca31e2466b0404ce1e1a5f267279d449602dce940b0493dfcc1c3988e0102014094a16efeca2f680e55ea7c6fed5eecfca108320377d40a2e86d3068c0cb4af1bc93e436b88b42831ed09c7c83d14384f7ac2eb286fc476748ff538938507ffb90140719a106d30e4c71fccbe4b5b8cc6041922bbbddbdf7a979cd07c12ba0146553b44c272d24b2bbf1b8b8a70e767b5bebd8e0bc37cc0a425c4847ba3532ad320a6000120e5ddcc4fff17fbedee9720cfc1f973067dec49ac36d302923aac6d315682619402408892d43a3a1fa10ae50080714dbe97a23882c920d32801f664db5685a49127808a93d02fafd2dbb8ae800e315b6a93285699b4395ae296ad706244dd87e264d10140719a106d30e4c71fccbe4b5b8cc6041922bbbddbdf7a979cd07c12ba0146553b44c272d24b2bbf1b8b8a70e767b5bebd8e0bc37cc0a425c4847ba3532ad320a600010201f812c4160ec680833f011423ce29037051320f3993f2d2aa6a112f1fd16a190001f880b42737401f3b3f01149fde8fbcf79b2851a0a51d6e89acf576a224f62700000120d7ecea7c0d18eb6ed3a1d7d81ed44d250fbd0e33908499a6c76101a1c4e7f44401f82a7b86ab3570bd0403010120c4fecb4831434a489b7605d6f3668a7c4bc99c96c3ee7f476d255d68062bdfa30102014094a597ee6fbf4c26204cbd67aa78b80fe6c28a8b98184d4077a03e275bda6915b275a7cce00a5c9da111fdfd940bf3e0483606f9dfb3ca9db91c9036077b6f5b0140719a106d30e4c71fccbe4b5b8cc6041922bbbddbdf7a979cd07c12ba0146553b44c272d24b2bbf1b8b8a70e767b5bebd8e0bc37cc0a425c4847ba3532ad320a600010201f872a0ea04f2f4833f011423ce29037051320f3993f2d2aa6a112f1fd16a190001f8fae6065cba86ff3f01149fde8fbcf79b2851a0a51d6e89acf576a224f62700000120f233a6e04f1c9818774eb05f72778c06eebfe308b598017face52d404dfef2f001f82a7b86ab3dee138e03010120de64f22260ff827840feb916d268b93a548edbac3dea55eba2593c0c4e55f0ba010201407a23de27d6a0204570807b0de5af4f7b43d51d9761b4847144e231c7110afe388fd4fac1f5fbdb694c55eea8c54cf7349be80fc01f7bf85a1b4afa98d244966f014094a359732b57d2d7492671edd96f32f3f482774aa0c512d64e4dfb0bff27b0efd7367b589a51ab2da77d4e17d4bdb2f26596f0aac33a02adc08325940baf072600010201f872a0ea04f2f4833f01140bb1039d575a467e756679f8125c75ecf9f405f20001f8a6b35916c8eb1b40011423ce29037051320f3993f2d2aa6a112f1fd16a190000012063e2e614206638ac2022f603b720fa77437a8c4ccd9d8a135b99a949915696f00401020102283964646165636336643466326131376162353838663832656237306635643433643461653663386500010101fe2440011423ce29037051320f3993f2d2aa6a112f1fd16a19000001200000fd6a1c7b8c83ed5ec8daa7a2c960dc8c8d60f89c28cc84acb642b8bae6d90120000072707a7019cd087f5b87f73db0fdb14de6a4e9b314ff2b01afeb5d603fdc01fd03f7ae010a00'),('00007db700bdc96f05e1198cbbdf1cc4d51dfb04252a4629fb0ca710f8a61652','63ff8b03010105426c6f636b01ff8c000106010954696d657374616d70010400010c5472616e73616374696f6e7301ff8e00010d50726576426c6f636b48617368010a00010448617368010a0001054e6f6e63650104000106486569676874010400000027ff8d020101185b5d737472756374757265732e5472616e73616374696f6e01ff8e0001ff82000066ff810301010b5472616e73616374696f6e01ff8200010701024944010a00010454696d6501040001095369676e6174757265010a00010842795075624b6579010a00010356696e01ff86000104566f757401ff8a00010a53514c436f6d6d616e64010a0000002bff850201011c5b5d737472756374757265732e545843757272656e6379496e70757401ff860001ff84000048ff830301010f545843757272656e6379496e70757401ff84000104010454786964010a000104566f757401040001095369676e6174757265010a0001065075624b6579010a0000002dff890201011e5b5d737472756374757265732e54584375727272656e63794f757470757401ff8a0001ff88000038ff870301011154584375727272656e63794f757470757401ff88000102010556616c7565010800010a5075624b657948617368010a000000ff92ff8c01fcb67607220101012072d8ee227a5c851e419af50688ad57b5747c39939c786f251d0c394a7aaa4ceb040102010219736f6d6520737472696e672e20746869732069732054454d5000010101fe2440011423ce29037051320f3993f2d2aa6a112f1fd16a190000022000007db700bdc96f05e1198cbbdf1cc4d51dfb04252a4629fb0ca710f8a6165201fd069f9c00'),('0000a9f77bf336661c45906bed1e461524e18054a893f2e5796c02de345e2437','63ff8b03010105426c6f636b01ff8c000106010954696d657374616d70010400010c5472616e73616374696f6e7301ff8e00010d50726576426c6f636b48617368010a00010448617368010a0001054e6f6e63650104000106486569676874010400000027ff8d020101185b5d737472756374757265732e5472616e73616374696f6e01ff8e0001ff82000066ff810301010b5472616e73616374696f6e01ff8200010701024944010a00010454696d6501040001095369676e6174757265010a00010842795075624b6579010a00010356696e01ff86000104566f757401ff8a00010a53514c436f6d6d616e64010a0000002bff850201011c5b5d737472756374757265732e545843757272656e6379496e70757401ff860001ff84000048ff830301010f545843757272656e6379496e70757401ff84000104010454786964010a000104566f757401040001095369676e6174757265010a0001065075624b6579010a0000002dff890201011e5b5d737472756374757265732e54584375727272656e63794f757470757401ff8a0001ff88000038ff870301011154584375727272656e63794f757470757401ff88000102010556616c7565010800010a5075624b657948617368010a000000fe02e1ff8c01fcb676073a01030120e978d9df3abe234932798ef6f1ab42bb855007f85f00b5aacc0294c01c68e3d601f82a7b86a40d1ebd42030101203a61798f9cf6797b8f6b522c51b09ac8b70a01ee1d4a813b4d9268ecbd95813301020140b07c35007e983331fe6cb72df333e91d737ba8cd4fb54b75e72040e6958940890c49986f97cf0f6e4403f6cd427ce8090f5fede4692fd16d11bc6187acb20072014094a359732b57d2d7492671edd96f32f3f482774aa0c512d64e4dfb0bff27b0efd7367b589a51ab2da77d4e17d4bdb2f26596f0aac33a02adc08325940baf0726000102014001149fde8fbcf79b2851a0a51d6e89acf576a224f6270001fe1c40011423ce29037051320f3993f2d2aa6a112f1fd16a1900000120b044e3c2530f69833075836505c6688fd1937b6c9a1ba3d2f6b05211a1c496a001f82a7b86a41a2c425c03010120764295587c13f8927ebee5c6a1f25d6c8805cb4d3a2be97f03f9ed8b778df67502408193edf90e34c5856b52a0f79979f940b768d8d7ff71f48ef8e9224fe3b1a27542efc0622e944e09020d3a255f5cb0e21187b76a34f33f7009a5d721869a994d014094a359732b57d2d7492671edd96f32f3f482774aa0c512d64e4dfb0bff27b0efd7367b589a51ab2da77d4e17d4bdb2f26596f0aac33a02adc08325940baf072600010201fe084001149fde8fbcf79b2851a0a51d6e89acf576a224f6270001fe1c40011423ce29037051320f3993f2d2aa6a112f1fd16a1900000120866e6e74a4fcb3b2e2af1cb85166839b4dd570d73e81bde638d38d31d6469edd0401020102283361356232366135383233313539336461656436616363393462306134393866383461653337396400010101fe2440011423ce29037051320f3993f2d2aa6a112f1fd16a19000001200000439ae96af4ebffb62eb3eb1cf1eadbbacbe1a911d12b13fb9beeee21a12901200000a9f77bf336661c45906bed1e461524e18054a893f2e5796c02de345e243701fd0334fa010400'),('0000fd6a1c7b8c83ed5ec8daa7a2c960dc8c8d60f89c28cc84acb642b8bae6d9','63ff8b03010105426c6f636b01ff8c000106010954696d657374616d70010400010c5472616e73616374696f6e7301ff8e00010d50726576426c6f636b48617368010a00010448617368010a0001054e6f6e63650104000106486569676874010400000027ff8d020101185b5d737472756374757265732e5472616e73616374696f6e01ff8e0001ff82000066ff810301010b5472616e73616374696f6e01ff8200010701024944010a00010454696d6501040001095369676e6174757265010a00010842795075624b6579010a00010356696e01ff86000104566f757401ff8a00010a53514c436f6d6d616e64010a0000002bff850201011c5b5d737472756374757265732e545843757272656e6379496e70757401ff860001ff84000048ff830301010f545843757272656e6379496e70757401ff84000104010454786964010a000104566f757401040001095369676e6174757265010a0001065075624b6579010a0000002dff890201011e5b5d737472756374757265732e54584375727272656e63794f757470757401ff8a0001ff88000038ff870301011154584375727272656e63794f757470757401ff88000102010556616c7565010800010a5075624b657948617368010a000000fe052fff8c01fcb676074e01050120bd3f94c9e50850dfa62291d524f126400d8e4705e2a3bd6b271bf82d7af8902601f82a7b86a8a760909c030101201b2d123ac1bf5101ac1bdacab0bbcbe83ed7e0f8885aac0b2f16d49bae0295720240b2b1d492f982679938b39698a5e3eefe64d314b57320997ebbf0c08bfad316b5c385e335cc15a54cf55c48dd1b2245d550adbba6705a475673b1cc8dfff2216f014094a359732b57d2d7492671edd96f32f3f482774aa0c512d64e4dfb0bff27b0efd7367b589a51ab2da77d4e17d4bdb2f26596f0aac33a02adc08325940baf072600010201f872a0ea04f2f4833f01140bb1039d575a467e756679f8125c75ecf9f405f20001f820816e58e8bd303f011423ce29037051320f3993f2d2aa6a112f1fd16a1900000120e5ddcc4fff17fbedee9720cfc1f973067dec49ac36d302923aac6d315682619401f82a7b86a8b923710803010120de64f22260ff827840feb916d268b93a548edbac3dea55eba2593c0c4e55f0ba0240ae2a42a61fa173b0dc792283eefc53fb29c5b22391ce3483c086f0222f862349b7392f1b4cac74348f05279968d7fe48b5faad66cdc1e4361689359f97844b240140bbda02b6d48c341f40368bbfa030df96c6ec4a80c8c0e3f39b32fe5eca0eff51d6cb34abbfd3de76118f919e1fd2b3f120447cdd0f3af4b95accac56c7940afb00010201f812c4160ec680833f01149fde8fbcf79b2851a0a51d6e89acf576a224f6270001f8200dea3267433f3f01140bb1039d575a467e756679f8125c75ecf9f405f2000001209f5b3c0ca31e2466b0404ce1e1a5f267279d449602dce940b0493dfcc1c3988e01f82a7b86a8c174e25e0301012038de11a4af7a3404040062974e140855cabb01ee07eb42867bd375ffb13db87e024031a7996a91e1e790d5be8206eb24994e8d641d89f023c3fb0f47b7e133186f3f3e07c179a8077bf50ce298c11b7b75f028826bdbb119e52b8f060e1da3a24ba20140719a106d30e4c71fccbe4b5b8cc6041922bbbddbdf7a979cd07c12ba0146553b44c272d24b2bbf1b8b8a70e767b5bebd8e0bc37cc0a425c4847ba3532ad320a600010201f8d7d6f445e7a1833f011423ce29037051320f3993f2d2aa6a112f1fd16a190001f880b42737401f3b3f01149fde8fbcf79b2851a0a51d6e89acf576a224f62700000120c4fecb4831434a489b7605d6f3668a7c4bc99c96c3ee7f476d255d68062bdfa301f82a7b86a8c9809280030101201b2d123ac1bf5101ac1bdacab0bbcbe83ed7e0f8885aac0b2f16d49bae02957201020140ad45a5027425011fd80b01da367b19427fe9f0bf9206843c45229d96ad9ea613e869c8b027a5d4c0bfd86e597c8e89186a7468476ce66f38cd282ee67e8061510140719a106d30e4c71fccbe4b5b8cc6041922bbbddbdf7a979cd07c12ba0146553b44c272d24b2bbf1b8b8a70e767b5bebd8e0bc37cc0a425c4847ba3532ad320a600010201f818cef3affe32843f011423ce29037051320f3993f2d2aa6a112f1fd16a190001f83bbc1040a4aeff3f01149fde8fbcf79b2851a0a51d6e89acf576a224f62700000120688e3436e9786372cc39bc67d4063fec2b0df90dae344cbb1b063ba8d11adba10401020102283432373933646364313462343163343836386430346263313538316561396263666531326138303300010101fe2440011423ce29037051320f3993f2d2aa6a112f1fd16a1900000120000031980efad9737e1dcf7f98836f82784f56ee5c99f90d99683a22dc3812e401200000fd6a1c7b8c83ed5ec8daa7a2c960dc8c8d60f89c28cc84acb642b8bae6d901fd01af60010800'),('66','00007db700bdc96f05e1198cbbdf1cc4d51dfb04252a4629fb0ca710f8a61652'),('6c','000072707a7019cd087f5b87f73db0fdb14de6a4e9b314ff2b01afeb5d603fdc');

/*!40000 ALTER TABLE blocks ENABLE KEYS */;
UNLOCK TABLES;

--
-- Table structure for table nodes
--

DROP TABLE IF EXISTS nodes;
/*!40101 SET @saved_cs_client     = @@character_set_client */;
/*!40101 SET character_set_client = utf8 */;
CREATE TABLE `nodes` (
  `k` varbinary(100) NOT NULL,
  `v` varbinary(200) DEFAULT NULL,
  PRIMARY KEY (`k`)
) ENGINE=InnoDB DEFAULT CHARSET=latin1;
/*!40101 SET character_set_client = @saved_cs_client */;
--
-- Dumping data for table nodes
--

LOCK TABLES nodes WRITE;
/*!40000 ALTER TABLE nodes DISABLE KEYS */;

/*!40000 ALTER TABLE nodes ENABLE KEYS */;
UNLOCK TABLES;

--
-- Table structure for table transactions
--

DROP TABLE IF EXISTS transactions;
/*!40101 SET @saved_cs_client     = @@character_set_client */;
/*!40101 SET character_set_client = utf8 */;
CREATE TABLE `transactions` (
  `k` varbinary(100) NOT NULL,
  `v` blob,
  PRIMARY KEY (`k`)
) ENGINE=InnoDB DEFAULT CHARSET=latin1;
/*!40101 SET character_set_client = @saved_cs_client */;
--
-- Dumping data for table transactions
--

LOCK TABLES transactions WRITE;
/*!40000 ALTER TABLE transactions DISABLE KEYS */;

INSERT INTO transactions VALUES ('1b2d123ac1bf5101ac1bdacab0bbcbe83ed7e0f8885aac0b2f16d49bae029572','0cff8f020102ff9000010a000025ff90000120000031980efad9737e1dcf7f98836f82784f56ee5c99f90d99683a22dc3812e4'),('38de11a4af7a3404040062974e140855cabb01ee07eb42867bd375ffb13db87e','0cff8f020102ff9000010a000025ff90000120000031980efad9737e1dcf7f98836f82784f56ee5c99f90d99683a22dc3812e4'),('3a61798f9cf6797b8f6b522c51b09ac8b70a01ee1d4a813b4d9268ecbd958133','0cff8f020102ff9000010a000025ff900001200000439ae96af4ebffb62eb3eb1cf1eadbbacbe1a911d12b13fb9beeee21a129'),('49992442b4d066f4c915e9244818889a58830bfaffb79ebc8a754b1362a7dbaf','0cff8f020102ff9000010a000025ff90000120000072707a7019cd087f5b87f73db0fdb14de6a4e9b314ff2b01afeb5d603fdc'),('523e1e0b9b9e74cb890490cf4202c728c851b03b6f32716aca0c047a13a8aa49','0cff8f020102ff9000010a000025ff90000120000072707a7019cd087f5b87f73db0fdb14de6a4e9b314ff2b01afeb5d603fdc'),('63e2e614206638ac2022f603b720fa77437a8c4ccd9d8a135b99a949915696f0','0cff8f020102ff9000010a000025ff90000120000072707a7019cd087f5b87f73db0fdb14de6a4e9b314ff2b01afeb5d603fdc'),('688e3436e9786372cc39bc67d4063fec2b0df90dae344cbb1b063ba8d11adba1','0cff8f020102ff9000010a000025ff900001200000fd6a1c7b8c83ed5ec8daa7a2c960dc8c8d60f89c28cc84acb642b8bae6d9'),('72d8ee227a5c851e419af50688ad57b5747c39939c786f251d0c394a7aaa4ceb','0cff8f020102ff9000010a000025ff9000012000007db700bdc96f05e1198cbbdf1cc4d51dfb04252a4629fb0ca710f8a61652'),('764295587c13f8927ebee5c6a1f25d6c8805cb4d3a2be97f03f9ed8b778df675','0cff8f020102ff9000010a000025ff900001200000439ae96af4ebffb62eb3eb1cf1eadbbacbe1a911d12b13fb9beeee21a129'),('866e6e74a4fcb3b2e2af1cb85166839b4dd570d73e81bde638d38d31d6469edd','0cff8f020102ff9000010a000025ff900001200000a9f77bf336661c45906bed1e461524e18054a893f2e5796c02de345e2437'),('87a8346eb7122dddab5c4d42029a5d9194ea209c275b78ec939fb9f8a727f41c','0cff8f020102ff9000010a000025ff90000120000072707a7019cd087f5b87f73db0fdb14de6a4e9b314ff2b01afeb5d603fdc'),('9f5b3c0ca31e2466b0404ce1e1a5f267279d449602dce940b0493dfcc1c3988e','0cff8f020102ff9000010a000025ff900001200000fd6a1c7b8c83ed5ec8daa7a2c960dc8c8d60f89c28cc84acb642b8bae6d9'),('b044e3c2530f69833075836505c6688fd1937b6c9a1ba3d2f6b05211a1c496a0','0cff8f020102ff9000010a000025ff900001200000a9f77bf336661c45906bed1e461524e18054a893f2e5796c02de345e2437'),('bd3f94c9e50850dfa62291d524f126400d8e4705e2a3bd6b271bf82d7af89026','0cff8f020102ff9000010a000025ff900001200000fd6a1c7b8c83ed5ec8daa7a2c960dc8c8d60f89c28cc84acb642b8bae6d9'),('c4fecb4831434a489b7605d6f3668a7c4bc99c96c3ee7f476d255d68062bdfa3','0cff8f020102ff9000010a000025ff900001200000fd6a1c7b8c83ed5ec8daa7a2c960dc8c8d60f89c28cc84acb642b8bae6d9'),('d7ecea7c0d18eb6ed3a1d7d81ed44d250fbd0e33908499a6c76101a1c4e7f444','0cff8f020102ff9000010a000025ff90000120000072707a7019cd087f5b87f73db0fdb14de6a4e9b314ff2b01afeb5d603fdc'),('de64f22260ff827840feb916d268b93a548edbac3dea55eba2593c0c4e55f0ba','0cff8f020102ff9000010a000025ff90000120000031980efad9737e1dcf7f98836f82784f56ee5c99f90d99683a22dc3812e4'),('e5ddcc4fff17fbedee9720cfc1f973067dec49ac36d302923aac6d3156826194','0cff8f020102ff9000010a000025ff900001200000fd6a1c7b8c83ed5ec8daa7a2c960dc8c8d60f89c28cc84acb642b8bae6d9'),('e978d9df3abe234932798ef6f1ab42bb855007f85f00b5aacc0294c01c68e3d6','0cff8f020102ff9000010a000025ff900001200000a9f77bf336661c45906bed1e461524e18054a893f2e5796c02de345e2437'),('f233a6e04f1c9818774eb05f72778c06eebfe308b598017face52d404dfef2f0','0cff8f020102ff9000010a000025ff90000120000072707a7019cd087f5b87f73db0fdb14de6a4e9b314ff2b01afeb5d603fdc'),('f70d6fb244de55c7be4995929680c5041460e7618ef7a6374ebd5966a15fbac9','0cff8f020102ff9000010a000025ff90000120000031980efad9737e1dcf7f98836f82784f56ee5c99f90d99683a22dc3812e4');

/*!40000 ALTER TABLE transactions ENABLE KEYS */;
UNLOCK TABLES;

--
-- Table structure for table transactionsoutputs
--

DROP TABLE IF EXISTS transactionsoutputs;
/*!40101 SET @saved_cs_client     = @@character_set_client */;
/*!40101 SET character_set_client = utf8 */;
CREATE TABLE `transactionsoutputs` (
  `k` varbinary(100) NOT NULL,
  `v` blob,
  PRIMARY KEY (`k`)
) ENGINE=InnoDB DEFAULT CHARSET=latin1;
/*!40101 SET character_set_client = @saved_cs_client */;
--
-- Dumping data for table transactionsoutputs
--

LOCK TABLES transactionsoutputs WRITE;
/*!40000 ALTER TABLE transactionsoutputs DISABLE KEYS */;

INSERT INTO transactionsoutputs VALUES ('1b2d123ac1bf5101ac1bdacab0bbcbe83ed7e0f8885aac0b2f16d49bae029572','0dff93020102ff940001ff9200005eff910301011d5472616e73616374696f6e73496e6465785370656e744f75747075747301ff9200010401064f7574496e64010400010b5458576865726555736564010a000105496e496e640104000109426c6f636b48617368010a000000ff90ff9400020220bd3f94c9e50850dfa62291d524f126400d8e4705e2a3bd6b271bf82d7af8902602200000fd6a1c7b8c83ed5ec8daa7a2c960dc8c8d60f89c28cc84acb642b8bae6d90001020120c4fecb4831434a489b7605d6f3668a7c4bc99c96c3ee7f476d255d68062bdfa302200000fd6a1c7b8c83ed5ec8daa7a2c960dc8c8d60f89c28cc84acb642b8bae6d900'),('38de11a4af7a3404040062974e140855cabb01ee07eb42867bd375ffb13db87e','0dff93020102ff940001ff9200005eff910301011d5472616e73616374696f6e73496e6465785370656e744f75747075747301ff9200010401064f7574496e64010400010b5458576865726555736564010a000105496e496e640104000109426c6f636b48617368010a00000049ff94000102209f5b3c0ca31e2466b0404ce1e1a5f267279d449602dce940b0493dfcc1c3988e02200000fd6a1c7b8c83ed5ec8daa7a2c960dc8c8d60f89c28cc84acb642b8bae6d900'),('3a61798f9cf6797b8f6b522c51b09ac8b70a01ee1d4a813b4d9268ecbd958133','0dff93020102ff940001ff9200005eff910301011d5472616e73616374696f6e73496e6465785370656e744f75747075747301ff9200010401064f7574496e64010400010b5458576865726555736564010a000105496e496e640104000109426c6f636b48617368010a000000ff90ff94000201020120e978d9df3abe234932798ef6f1ab42bb855007f85f00b5aacc0294c01c68e3d602200000a9f77bf336661c45906bed1e461524e18054a893f2e5796c02de345e243700022038de11a4af7a3404040062974e140855cabb01ee07eb42867bd375ffb13db87e0220000031980efad9737e1dcf7f98836f82784f56ee5c99f90d99683a22dc3812e400'),('72d8ee227a5c851e419af50688ad57b5747c39939c786f251d0c394a7aaa4ceb','0dff93020102ff940001ff9200005eff910301011d5472616e73616374696f6e73496e6465785370656e744f75747075747301ff9200010401064f7574496e64010400010b5458576865726555736564010a000105496e496e640104000109426c6f636b48617368010a00000049ff94000102203a61798f9cf6797b8f6b522c51b09ac8b70a01ee1d4a813b4d9268ecbd95813302200000439ae96af4ebffb62eb3eb1cf1eadbbacbe1a911d12b13fb9beeee21a12900'),('764295587c13f8927ebee5c6a1f25d6c8805cb4d3a2be97f03f9ed8b778df675','0dff93020102ff940001ff9200005eff910301011d5472616e73616374696f6e73496e6465785370656e744f75747075747301ff9200010401064f7574496e64010400010b5458576865726555736564010a000105496e496e640104000109426c6f636b48617368010a00000049ff9400010220b044e3c2530f69833075836505c6688fd1937b6c9a1ba3d2f6b05211a1c496a002200000a9f77bf336661c45906bed1e461524e18054a893f2e5796c02de345e243700'),('9f5b3c0ca31e2466b0404ce1e1a5f267279d449602dce940b0493dfcc1c3988e','0dff93020102ff940001ff9200005eff910301011d5472616e73616374696f6e73496e6465785370656e744f75747075747301ff9200010401064f7574496e64010400010b5458576865726555736564010a000105496e496e640104000109426c6f636b48617368010a000000ff92ff940002022087a8346eb7122dddab5c4d42029a5d9194ea209c275b78ec939fb9f8a727f41c01020120000072707a7019cd087f5b87f73db0fdb14de6a4e9b314ff2b01afeb5d603fdc000102012049992442b4d066f4c915e9244818889a58830bfaffb79ebc8a754b1362a7dbaf0220000072707a7019cd087f5b87f73db0fdb14de6a4e9b314ff2b01afeb5d603fdc00'),('bd3f94c9e50850dfa62291d524f126400d8e4705e2a3bd6b271bf82d7af89026','0dff93020102ff940001ff9200005eff910301011d5472616e73616374696f6e73496e6465785370656e744f75747075747301ff9200010401064f7574496e64010400010b5458576865726555736564010a000105496e496e640104000109426c6f636b48617368010a000000ff92ff9400020102012087a8346eb7122dddab5c4d42029a5d9194ea209c275b78ec939fb9f8a727f41c0220000072707a7019cd087f5b87f73db0fdb14de6a4e9b314ff2b01afeb5d603fdc000220523e1e0b9b9e74cb890490cf4202c728c851b03b6f32716aca0c047a13a8aa4901020120000072707a7019cd087f5b87f73db0fdb14de6a4e9b314ff2b01afeb5d603fdc00'),('c4fecb4831434a489b7605d6f3668a7c4bc99c96c3ee7f476d255d68062bdfa3','0dff93020102ff940001ff9200005eff910301011d5472616e73616374696f6e73496e6465785370656e744f75747075747301ff9200010401064f7574496e64010400010b5458576865726555736564010a000105496e496e640104000109426c6f636b48617368010a000000ff92ff940002022087a8346eb7122dddab5c4d42029a5d9194ea209c275b78ec939fb9f8a727f41c01040120000072707a7019cd087f5b87f73db0fdb14de6a4e9b314ff2b01afeb5d603fdc0001020120d7ecea7c0d18eb6ed3a1d7d81ed44d250fbd0e33908499a6c76101a1c4e7f4440220000072707a7019cd087f5b87f73db0fdb14de6a4e9b314ff2b01afeb5d603fdc00'),('de64f22260ff827840feb916d268b93a548edbac3dea55eba2593c0c4e55f0ba','0dff93020102ff940001ff9200005eff910301011d5472616e73616374696f6e73496e6465785370656e744f75747075747301ff9200010401064f7574496e64010400010b5458576865726555736564010a000105496e496e640104000109426c6f636b48617368010a000000ff90ff9400020220e5ddcc4fff17fbedee9720cfc1f973067dec49ac36d302923aac6d315682619402200000fd6a1c7b8c83ed5ec8daa7a2c960dc8c8d60f89c28cc84acb642b8bae6d90001020120f233a6e04f1c9818774eb05f72778c06eebfe308b598017face52d404dfef2f00220000072707a7019cd087f5b87f73db0fdb14de6a4e9b314ff2b01afeb5d603fdc00'),('e5ddcc4fff17fbedee9720cfc1f973067dec49ac36d302923aac6d3156826194','0dff93020102ff940001ff9200005eff910301011d5472616e73616374696f6e73496e6465785370656e744f75747075747301ff9200010401064f7574496e64010400010b5458576865726555736564010a000105496e496e640104000109426c6f636b48617368010a000000ff92ff94000201020120523e1e0b9b9e74cb890490cf4202c728c851b03b6f32716aca0c047a13a8aa490220000072707a7019cd087f5b87f73db0fdb14de6a4e9b314ff2b01afeb5d603fdc00022049992442b4d066f4c915e9244818889a58830bfaffb79ebc8a754b1362a7dbaf01020120000072707a7019cd087f5b87f73db0fdb14de6a4e9b314ff2b01afeb5d603fdc00'),('e978d9df3abe234932798ef6f1ab42bb855007f85f00b5aacc0294c01c68e3d6','0dff93020102ff940001ff9200005eff910301011d5472616e73616374696f6e73496e6465785370656e744f75747075747301ff9200010401064f7574496e64010400010b5458576865726555736564010a000105496e496e640104000109426c6f636b48617368010a000000ff90ff94000201020120de64f22260ff827840feb916d268b93a548edbac3dea55eba2593c0c4e55f0ba0220000031980efad9737e1dcf7f98836f82784f56ee5c99f90d99683a22dc3812e40002201b2d123ac1bf5101ac1bdacab0bbcbe83ed7e0f8885aac0b2f16d49bae0295720220000031980efad9737e1dcf7f98836f82784f56ee5c99f90d99683a22dc3812e400');

/*!40000 ALTER TABLE transactionsoutputs ENABLE KEYS */;
UNLOCK TABLES;

--
-- Table structure for table unapprovedtransactions
--

DROP TABLE IF EXISTS unapprovedtransactions;
/*!40101 SET @saved_cs_client     = @@character_set_client */;
/*!40101 SET character_set_client = utf8 */;
CREATE TABLE `unapprovedtransactions` (
  `k` varbinary(100) NOT NULL,
  `v` longblob,
  PRIMARY KEY (`k`)
) ENGINE=InnoDB DEFAULT CHARSET=latin1;
/*!40101 SET character_set_client = @saved_cs_client */;
--
-- Dumping data for table unapprovedtransactions
--

LOCK TABLES unapprovedtransactions WRITE;
/*!40000 ALTER TABLE unapprovedtransactions DISABLE KEYS */;

/*!40000 ALTER TABLE unapprovedtransactions ENABLE KEYS */;
UNLOCK TABLES;

--
-- Table structure for table unspentoutputstransactions
--

DROP TABLE IF EXISTS unspentoutputstransactions;
/*!40101 SET @saved_cs_client     = @@character_set_client */;
/*!40101 SET character_set_client = utf8 */;
CREATE TABLE `unspentoutputstransactions` (
  `k` varbinary(100) NOT NULL,
  `v` longblob,
  PRIMARY KEY (`k`)
) ENGINE=InnoDB DEFAULT CHARSET=latin1;
/*!40101 SET character_set_client = @saved_cs_client */;
--
-- Dumping data for table unspentoutputstransactions
--

LOCK TABLES unspentoutputstransactions WRITE;
/*!40000 ALTER TABLE unspentoutputstransactions DISABLE KEYS */;

INSERT INTO unspentoutputstransactions VALUES ('38de11a4af7a3404040062974e140855cabb01ee07eb42867bd375ffb13db87e','0dff97020102ff980001ff9600007eff950301011354584f7574707574496e646570656e64656e7401ff96000107010556616c7565010800010e446573745075624b657948617368010a00010e53656e645075624b657948617368010a00010454584944010a0001064f496e64657801040001064973426173650102000109426c6f636b48617368010a000000ff81ff98000101f8ae47e17a14aeef3f01140bb1039d575a467e756679f8125c75ecf9f405f201140bb1039d575a467e756679f8125c75ecf9f405f2012038de11a4af7a3404040062974e140855cabb01ee07eb42867bd375ffb13db87e01020220000031980efad9737e1dcf7f98836f82784f56ee5c99f90d99683a22dc3812e400'),('49992442b4d066f4c915e9244818889a58830bfaffb79ebc8a754b1362a7dbaf','0dff97020102ff980001ff9600007eff950301011354584f7574707574496e646570656e64656e7401ff96000107010556616c7565010800010e446573745075624b657948617368010a00010e53656e645075624b657948617368010a00010454584944010a0001064f496e64657801040001064973426173650102000109426c6f636b48617368010a000000fffcff98000201f812c4160ec680833f011423ce29037051320f3993f2d2aa6a112f1fd16a1901149fde8fbcf79b2851a0a51d6e89acf576a224f627012049992442b4d066f4c915e9244818889a58830bfaffb79ebc8a754b1362a7dbaf0320000072707a7019cd087f5b87f73db0fdb14de6a4e9b314ff2b01afeb5d603fdc0001f880b42737401f3b3f01149fde8fbcf79b2851a0a51d6e89acf576a224f62701149fde8fbcf79b2851a0a51d6e89acf576a224f627012049992442b4d066f4c915e9244818889a58830bfaffb79ebc8a754b1362a7dbaf01020220000072707a7019cd087f5b87f73db0fdb14de6a4e9b314ff2b01afeb5d603fdc00'),('523e1e0b9b9e74cb890490cf4202c728c851b03b6f32716aca0c047a13a8aa49','0dff97020102ff980001ff9600007eff950301011354584f7574707574496e646570656e64656e7401ff96000107010556616c7565010800010e446573745075624b657948617368010a00010e53656e645075624b657948617368010a00010454584944010a0001064f496e64657801040001064973426173650102000109426c6f636b48617368010a000000fffcff98000201f8d7d6f445e7a1833f01149fde8fbcf79b2851a0a51d6e89acf576a224f62701140bb1039d575a467e756679f8125c75ecf9f405f20120523e1e0b9b9e74cb890490cf4202c728c851b03b6f32716aca0c047a13a8aa490320000072707a7019cd087f5b87f73db0fdb14de6a4e9b314ff2b01afeb5d603fdc0001f840a0d1885fd2443f01140bb1039d575a467e756679f8125c75ecf9f405f201140bb1039d575a467e756679f8125c75ecf9f405f20120523e1e0b9b9e74cb890490cf4202c728c851b03b6f32716aca0c047a13a8aa4901020220000072707a7019cd087f5b87f73db0fdb14de6a4e9b314ff2b01afeb5d603fdc00'),('63e2e614206638ac2022f603b720fa77437a8c4ccd9d8a135b99a949915696f0','0dff97020102ff980001ff9600007eff950301011354584f7574707574496e646570656e64656e7401ff96000107010556616c7565010800010e446573745075624b657948617368010a00010e53656e645075624b657948617368010a00010454584944010a0001064f496e64657801040001064973426173650102000109426c6f636b48617368010a00000065ff98000101fe2440011423ce29037051320f3993f2d2aa6a112f1fd16a19022063e2e614206638ac2022f603b720fa77437a8c4ccd9d8a135b99a949915696f002010120000072707a7019cd087f5b87f73db0fdb14de6a4e9b314ff2b01afeb5d603fdc00'),('688e3436e9786372cc39bc67d4063fec2b0df90dae344cbb1b063ba8d11adba1','0dff97020102ff980001ff9600007eff950301011354584f7574707574496e646570656e64656e7401ff96000107010556616c7565010800010e446573745075624b657948617368010a00010e53656e645075624b657948617368010a00010454584944010a0001064f496e64657801040001064973426173650102000109426c6f636b48617368010a00000065ff98000101fe2440011423ce29037051320f3993f2d2aa6a112f1fd16a190220688e3436e9786372cc39bc67d4063fec2b0df90dae344cbb1b063ba8d11adba1020101200000fd6a1c7b8c83ed5ec8daa7a2c960dc8c8d60f89c28cc84acb642b8bae6d900'),('866e6e74a4fcb3b2e2af1cb85166839b4dd570d73e81bde638d38d31d6469edd','0dff97020102ff980001ff9600007eff950301011354584f7574707574496e646570656e64656e7401ff96000107010556616c7565010800010e446573745075624b657948617368010a00010e53656e645075624b657948617368010a00010454584944010a0001064f496e64657801040001064973426173650102000109426c6f636b48617368010a00000065ff98000101fe2440011423ce29037051320f3993f2d2aa6a112f1fd16a190220866e6e74a4fcb3b2e2af1cb85166839b4dd570d73e81bde638d38d31d6469edd020101200000a9f77bf336661c45906bed1e461524e18054a893f2e5796c02de345e243700'),('87a8346eb7122dddab5c4d42029a5d9194ea209c275b78ec939fb9f8a727f41c','0dff97020102ff980001ff9600007eff950301011354584f7574707574496e646570656e64656e7401ff96000107010556616c7565010800010e446573745075624b657948617368010a00010e53656e645075624b657948617368010a00010454584944010a0001064f496e64657801040001064973426173650102000109426c6f636b48617368010a000000fffcff98000201f818cef3affe32843f01140bb1039d575a467e756679f8125c75ecf9f405f2011423ce29037051320f3993f2d2aa6a112f1fd16a19012087a8346eb7122dddab5c4d42029a5d9194ea209c275b78ec939fb9f8a727f41c0320000072707a7019cd087f5b87f73db0fdb14de6a4e9b314ff2b01afeb5d603fdc0001f8e04ab888d627843f011423ce29037051320f3993f2d2aa6a112f1fd16a19011423ce29037051320f3993f2d2aa6a112f1fd16a19012087a8346eb7122dddab5c4d42029a5d9194ea209c275b78ec939fb9f8a727f41c01020220000072707a7019cd087f5b87f73db0fdb14de6a4e9b314ff2b01afeb5d603fdc00'),('b044e3c2530f69833075836505c6688fd1937b6c9a1ba3d2f6b05211a1c496a0','0dff97020102ff980001ff9600007eff950301011354584f7574707574496e646570656e64656e7401ff96000107010556616c7565010800010e446573745075624b657948617368010a00010e53656e645075624b657948617368010a00010454584944010a0001064f496e64657801040001064973426173650102000109426c6f636b48617368010a000000fff0ff98000201fe084001149fde8fbcf79b2851a0a51d6e89acf576a224f627011423ce29037051320f3993f2d2aa6a112f1fd16a190120b044e3c2530f69833075836505c6688fd1937b6c9a1ba3d2f6b05211a1c496a003200000a9f77bf336661c45906bed1e461524e18054a893f2e5796c02de345e24370001fe1c40011423ce29037051320f3993f2d2aa6a112f1fd16a19011423ce29037051320f3993f2d2aa6a112f1fd16a190120b044e3c2530f69833075836505c6688fd1937b6c9a1ba3d2f6b05211a1c496a0010202200000a9f77bf336661c45906bed1e461524e18054a893f2e5796c02de345e243700'),('d7ecea7c0d18eb6ed3a1d7d81ed44d250fbd0e33908499a6c76101a1c4e7f444','0dff97020102ff980001ff9600007eff950301011354584f7574707574496e646570656e64656e7401ff96000107010556616c7565010800010e446573745075624b657948617368010a00010e53656e645075624b657948617368010a00010454584944010a0001064f496e64657801040001064973426173650102000109426c6f636b48617368010a000000fffcff98000201f872a0ea04f2f4833f011423ce29037051320f3993f2d2aa6a112f1fd16a1901149fde8fbcf79b2851a0a51d6e89acf576a224f6270120d7ecea7c0d18eb6ed3a1d7d81ed44d250fbd0e33908499a6c76101a1c4e7f4440320000072707a7019cd087f5b87f73db0fdb14de6a4e9b314ff2b01afeb5d603fdc0001f8fae6065cba86ff3f01149fde8fbcf79b2851a0a51d6e89acf576a224f62701149fde8fbcf79b2851a0a51d6e89acf576a224f6270120d7ecea7c0d18eb6ed3a1d7d81ed44d250fbd0e33908499a6c76101a1c4e7f44401020220000072707a7019cd087f5b87f73db0fdb14de6a4e9b314ff2b01afeb5d603fdc00'),('f233a6e04f1c9818774eb05f72778c06eebfe308b598017face52d404dfef2f0','0dff97020102ff980001ff9600007eff950301011354584f7574707574496e646570656e64656e7401ff96000107010556616c7565010800010e446573745075624b657948617368010a00010e53656e645075624b657948617368010a00010454584944010a0001064f496e64657801040001064973426173650102000109426c6f636b48617368010a000000fffcff98000201f872a0ea04f2f4833f01140bb1039d575a467e756679f8125c75ecf9f405f2011423ce29037051320f3993f2d2aa6a112f1fd16a190120f233a6e04f1c9818774eb05f72778c06eebfe308b598017face52d404dfef2f00320000072707a7019cd087f5b87f73db0fdb14de6a4e9b314ff2b01afeb5d603fdc0001f8a6b35916c8eb1b40011423ce29037051320f3993f2d2aa6a112f1fd16a19011423ce29037051320f3993f2d2aa6a112f1fd16a190120f233a6e04f1c9818774eb05f72778c06eebfe308b598017face52d404dfef2f001020220000072707a7019cd087f5b87f73db0fdb14de6a4e9b314ff2b01afeb5d603fdc00'),('f70d6fb244de55c7be4995929680c5041460e7618ef7a6374ebd5966a15fbac9','0dff97020102ff980001ff9600007eff950301011354584f7574707574496e646570656e64656e7401ff96000107010556616c7565010800010e446573745075624b657948617368010a00010e53656e645075624b657948617368010a00010454584944010a0001064f496e64657801040001064973426173650102000109426c6f636b48617368010a00000065ff98000101fe2440011423ce29037051320f3993f2d2aa6a112f1fd16a190220f70d6fb244de55c7be4995929680c5041460e7618ef7a6374ebd5966a15fbac902010120000031980efad9737e1dcf7f98836f82784f56ee5c99f90d99683a22dc3812e400');

/*!40000 ALTER TABLE unspentoutputstransactions ENABLE KEYS */;
UNLOCK TABLES;

-- Dump completed on 2018-07-03 08:03:46.285556752 +0300 EEST m=+0.061659002
