-- Go SQL Dump 0.2.2
--
-- ------------------------------------------------------
-- Server version	5.7.23-0ubuntu0.16.04.1

/*!40101 SET @OLD_CHARACTER_SET_CLIENT=@@CHARACTER_SET_CLIENT */;
/*!40101 SET @OLD_CHARACTER_SET_RESULTS=@@CHARACTER_SET_RESULTS */;
/*!40101 SET @OLD_COLLATION_CONNECTION=@@COLLATION_CONNECTION */;
/*!40101 SET NAMES utf8 */;
/*!40103 SET @OLD_TIME_ZONE=@@TIME_ZONE */;
/*!40103 SET TIME_ZONE='+00:00' */;
/*!40014 SET @OLD_UNIQUE_CHECKS=@@UNIQUE_CHECKS, UNIQUE_CHECKS=0 */;
/*!40014 SET @OLD_FOREIGN_KEY_CHECKS=@@FOREIGN_KEY_CHECKS, FOREIGN_KEY_CHECKS=0 */;
/*!40101 SET @OLD_SQL_MODE=@@SQL_MODE, SQL_MODE='NO_AUTO_VALUE_ON_ZERO' */;
/*!40111 SET @OLD_SQL_NOTES=@@SQL_NOTES, SQL_NOTES=0 */;



--
-- Table structure for table blockchain
--

DROP TABLE IF EXISTS blockchain;
/*!40101 SET @saved_cs_client     = @@character_set_client */;
/*!40101 SET character_set_client = utf8 */;
CREATE TABLE `blockchain` (
  `k` varbinary(100) NOT NULL,
  `v` varbinary(300) DEFAULT NULL,
  PRIMARY KEY (`k`)
) ENGINE=InnoDB DEFAULT CHARSET=latin1;
/*!40101 SET character_set_client = @saved_cs_client */;
--
-- Dumping data for table blockchain
--

LOCK TABLES blockchain WRITE;
/*!40000 ALTER TABLE blockchain DISABLE KEYS */;

INSERT INTO blockchain VALUES ('000012054faf4690d846ab73c014797a214d6a5d786fc255bcabe2cd6941c074','00002f1699168e04d96dffdabf08ca941051b8cf55989692be20c1b5d167c5580000ab51db953f8a0f917d48751a61ea46f29e23f821f7ee405a9040e9df4990'),('00001a3ace3c14910efc2f0ded7cf953291d6700c31c6cbbd9c296bae7053523','00003e21d815b25b7d2fb28c321c72addda9995ddf0ddc5c03e81393470b779300002f1699168e04d96dffdabf08ca941051b8cf55989692be20c1b5d167c558'),('00002f1699168e04d96dffdabf08ca941051b8cf55989692be20c1b5d167c558','00001a3ace3c14910efc2f0ded7cf953291d6700c31c6cbbd9c296bae7053523000012054faf4690d846ab73c014797a214d6a5d786fc255bcabe2cd6941c074'),('00003e21d815b25b7d2fb28c321c72addda9995ddf0ddc5c03e81393470b7793','0000b53183044b28225c5fbe2cf27f333f30aa25c93eed9d26b8c62117e3543900001a3ace3c14910efc2f0ded7cf953291d6700c31c6cbbd9c296bae7053523'),('0000ab51db953f8a0f917d48751a61ea46f29e23f821f7ee405a9040e9df4990','000012054faf4690d846ab73c014797a214d6a5d786fc255bcabe2cd6941c0740000000000000000000000000000000000000000000000000000000000000000'),('0000b53183044b28225c5fbe2cf27f333f30aa25c93eed9d26b8c62117e35439','000000000000000000000000000000000000000000000000000000000000000000003e21d815b25b7d2fb28c321c72addda9995ddf0ddc5c03e81393470b7793');

/*!40000 ALTER TABLE blockchain ENABLE KEYS */;
UNLOCK TABLES;

--
-- Table structure for table blocks
--

DROP TABLE IF EXISTS blocks;
/*!40101 SET @saved_cs_client     = @@character_set_client */;
/*!40101 SET character_set_client = utf8 */;
CREATE TABLE `blocks` (
  `k` varbinary(100) NOT NULL,
  `v` longblob,
  PRIMARY KEY (`k`)
) ENGINE=InnoDB DEFAULT CHARSET=latin1;
/*!40101 SET character_set_client = @saved_cs_client */;
--
-- Dumping data for table blocks
--

LOCK TABLES blocks WRITE;
/*!40000 ALTER TABLE blocks DISABLE KEYS */;

INSERT INTO blocks VALUES ('000012054faf4690d846ab73c014797a214d6a5d786fc255bcabe2cd6941c074','63ff8d03010105426c6f636b01ff8e000106010954696d657374616d70010400010c5472616e73616374696f6e7301ff9000010d50726576426c6f636b48617368010a00010448617368010a0001054e6f6e63650104000106486569676874010400000027ff8f020101185b5d737472756374757265732e5472616e73616374696f6e01ff900001ff82000075ff810301010b5472616e73616374696f6e01ff8200010801024944010a00010454696d6501040001095369676e6174757265010a00010842795075624b6579010a00010356696e01ff86000104566f757401ff8a00010a53514c436f6d6d616e6401ff8c00010953514c426173655458010a0000002bff850201011c5b5d737472756374757265732e545843757272656e6379496e70757401ff860001ff8400002fff830301010f545843757272656e6379496e70757401ff84000102010454786964010a000104566f757401040000002dff890201011e5b5d737472756374757265732e54584375727272656e63794f757470757401ff8a0001ff88000038ff870301011154584375727272656e63794f757470757401ff88000102010556616c7565010800010a5075624b657948617368010a00000057ff8b0301010953514c55706461746501ff8c000104010b5265666572656e63654944010a0001055175657279010a00010d526f6c6c6261636b5175657279010a00010f507265765472616e73616374696f6e010a000000fe0519ff8e01fcb6e0126e0105012039231d34bc0565e2bfc37b0485ed751c91dc91543dd0a429e171e48ea19bc9a201f82a9437571fa794e401409eafe139a8303e51be0bf800eb22a1110fe87d8deaaba558c5cb3fc24339302e07fe812be69a5479e32f670159853454fe670ea28f313eb206bff6cf78c940de01405dad72a4bb1a748684ba23af710fd362d0192e3a22793a61925f33a64e9bb8f898c725f6b4966abe5f5993ff4dbc4f0c28c17a162b223b65b63a0e55f08b32a50101012066ab2b26bb150a97014a65ea1d1e3a7d9140ab027bf4bc34f6d33045acdae04100010201f8b0111481e2ae833f0114430632734828a49f23d9cfe5d4a7d18503f3e3660001f8605940d3d87f393f0114d11f6ee399d9c0a8bb67931db0075ef0b89cf34a0001000001209388b7c0a8930e99d814d38c6203c0df6da9455b761505cc8653a8798237669701f82a9437572911ea220140f127edc4683a06cf36f2d83002a891666ea5fe010e6bfa7748b43e5b39d2f56b4d5e3ead81dcc4f822d158fc50b0620ee9a10ae0bf5193d81ec5fbe3ca5d8e0b0140d90a41bc9961c6abb5595e55e005f0a9b1196e08b4f2bfe6f4d0a743b11fb5415a4ed186255bf703850adb20249830930956b95d57232c5f178379e3fba9ef1f01010120220821eaebb5c54acf4f896a96ffd19c3f7b381e9efb0b689c5fd3e5caea5c6c00010201f8b6d05b5dcad0833f011453e87e8937d35e8adad97ab91cd905f609374cb00001f8a078484add42353f0114430632734828a49f23d9cfe5d4a7d18503f3e366000100000120b6af2b05b3b323b48c097312573727c8cc9a980d10e1b4c3b7a73fed618a808601f82a9437574bb5920c01401ed4fbaa9656e786b67534ec133264035eb6b0b5410473aa655c736b4f3e6e1bd0037c2699819a818b7d73b6052d0eb76108a9ddddea8f4d321d9fb47504454101405a47af20a0858be899787e73b40ae6cfa5ca0097f8a682fc90fe537b6f5856ef63552fd9299ffac40a71c35c755dc3b9bf88082fbe35727d232530f7a26b22c90101012001b7161388474753c9b4c136a312f396ade0a9e6077dcfd3e13a0aae4f2b0dca00010201f894677f1ca412843f0114d11f6ee399d9c0a8bb67931db0075ef0b89cf34a0001f8c039abcb4a0f2a3f011453e87e8937d35e8adad97ab91cd905f609374cb000010000012009ca5f0ecd2b7ce6b8738e15c398c766483bd0591718d6182a942d5aa9aa545101f82a94375756bdd1720140747c7f2ca19b13b7162302723dd88707de0dc62b9d4f6b24fef7f2aefb89386c29c478799e06ceadc253b50925e02def75633038d1dc76c5aed5c74853d5640701405a47af20a0858be899787e73b40ae6cfa5ca0097f8a682fc90fe537b6f5856ef63552fd9299ffac40a71c35c755dc3b9bf88082fbe35727d232530f7a26b22c90101012066ab2b26bb150a97014a65ea1d1e3a7d9140ab027bf4bc34f6d33045acdae041010200010201f89d6a6777cc69843f0114d11f6ee399d9c0a8bb67931db0075ef0b89cf34a0001f802d581a436aeff3f011453e87e8937d35e8adad97ab91cd905f609374cb000010000012068cda3eb8d1a55e474f013797b79246bea51210d123456d4c2e50f138784c0a401f82a943757648a4f6a0301020100010101fe24400114d11f6ee399d9c0a8bb67931db0075ef0b89cf34a00010000012000002f1699168e04d96dffdabf08ca941051b8cf55989692be20c1b5d167c5580120000012054faf4690d846ab73c014797a214d6a5d786fc255bcabe2cd6941c07401fd013b82010800'),('00001a3ace3c14910efc2f0ded7cf953291d6700c31c6cbbd9c296bae7053523','63ff8d03010105426c6f636b01ff8e000106010954696d657374616d70010400010c5472616e73616374696f6e7301ff9000010d50726576426c6f636b48617368010a00010448617368010a0001054e6f6e63650104000106486569676874010400000027ff8f020101185b5d737472756374757265732e5472616e73616374696f6e01ff900001ff82000075ff810301010b5472616e73616374696f6e01ff8200010801024944010a00010454696d6501040001095369676e6174757265010a00010842795075624b6579010a00010356696e01ff86000104566f757401ff8a00010a53514c436f6d6d616e6401ff8c00010953514c426173655458010a0000002bff850201011c5b5d737472756374757265732e545843757272656e6379496e70757401ff860001ff8400002fff830301010f545843757272656e6379496e70757401ff84000102010454786964010a000104566f757401040000002dff890201011e5b5d737472756374757265732e54584375727272656e63794f757470757401ff8a0001ff88000038ff870301011154584375727272656e63794f757470757401ff88000102010556616c7565010800010a5075624b657948617368010a00000057ff8b0301010953514c55706461746501ff8c000104010b5265666572656e63654944010a0001055175657279010a00010d526f6c6c6261636b5175657279010a00010f507265765472616e73616374696f6e010a000000fe02c6ff8e01fcb6e0125a010301206a630ea32f17b98243b185fd89dd7a2aba291c29b489694cf6af832169d5a01301f82a943752dc0ac4d801403c485a357b2aeb65c2b196ecc4759733a54f6f29d3ac7d7bdd457c5215c932b5ff715a1da5ece02e38f733019699dba3a1075f58a9f1f8d9caa5b283c0d7951401405dad72a4bb1a748684ba23af710fd362d0192e3a22793a61925f33a64e9bb8f898c725f6b4966abe5f5993ff4dbc4f0c28c17a162b223b65b63a0e55f08b32a501010120df074e36bc4c2d77bd03331a0bf32ad79bf5297a1d2799a9e1e62b3330e5f68501020001020140011453e87e8937d35e8adad97ab91cd905f609374cb00001fe1c400114d11f6ee399d9c0a8bb67931db0075ef0b89cf34a0001000001207ee03c9aabdfe440dbfed22a3d2139cc8deeb9965f0c74feee33ca5e96c83e5001f82a943752e528b5620140e2583bb4cf7af49df0e943994d21db3896a7f1ca4e272d83079c535ad44482a271ba0c2743e77912ca2bb374919083feb04aab3d00c93c4ea65603a0cda1e87d01405dad72a4bb1a748684ba23af710fd362d0192e3a22793a61925f33a64e9bb8f898c725f6b4966abe5f5993ff4dbc4f0c28c17a162b223b65b63a0e55f08b32a5010101203922d3ecff6cf32087d9a4554ca69c1e69767672b53c74ee5c8d465c07786de400010201fe0840011453e87e8937d35e8adad97ab91cd905f609374cb00001fe1c400114d11f6ee399d9c0a8bb67931db0075ef0b89cf34a000100000120f0d97d64197b330eb3b1cc79fb79e6203fbdcdca11c06ff0b467be090a357bcb01f82a943752f10a7a320301020100010101fe24400114d11f6ee399d9c0a8bb67931db0075ef0b89cf34a00010000012000003e21d815b25b7d2fb28c321c72addda9995ddf0ddc5c03e81393470b7793012000001a3ace3c14910efc2f0ded7cf953291d6700c31c6cbbd9c296bae705352301fe041c010400'),('00002f1699168e04d96dffdabf08ca941051b8cf55989692be20c1b5d167c558','63ff8d03010105426c6f636b01ff8e000106010954696d657374616d70010400010c5472616e73616374696f6e7301ff9000010d50726576426c6f636b48617368010a00010448617368010a0001054e6f6e63650104000106486569676874010400000027ff8f020101185b5d737472756374757265732e5472616e73616374696f6e01ff900001ff82000075ff810301010b5472616e73616374696f6e01ff8200010801024944010a00010454696d6501040001095369676e6174757265010a00010842795075624b6579010a00010356696e01ff86000104566f757401ff8a00010a53514c436f6d6d616e6401ff8c00010953514c426173655458010a0000002bff850201011c5b5d737472756374757265732e545843757272656e6379496e70757401ff860001ff8400002fff830301010f545843757272656e6379496e70757401ff84000102010454786964010a000104566f757401040000002dff890201011e5b5d737472756374757265732e54584375727272656e63794f757470757401ff8a0001ff88000038ff870301011154584375727272656e63794f757470757401ff88000102010556616c7565010800010a5075624b657948617368010a00000057ff8b0301010953514c55706461746501ff8c000104010b5265666572656e63654944010a0001055175657279010a00010d526f6c6c6261636b5175657279010a00010f507265765472616e73616374696f6e010a000000fe03fdff8e01fcb6e0126401040120220821eaebb5c54acf4f896a96ffd19c3f7b381e9efb0b689c5fd3e5caea5c6c01f82a943754cac262fa014053ccd41b774190437814e5dee349f56216e554201ce49159ba3893d75331f887534ea9514ae1f0d66f3354c9ff3d7b17a80d24e5f5e11360cdab2c3eb45b5b8a01405dad72a4bb1a748684ba23af710fd362d0192e3a22793a61925f33a64e9bb8f898c725f6b4966abe5f5993ff4dbc4f0c28c17a162b223b65b63a0e55f08b32a5010101206a630ea32f17b98243b185fd89dd7a2aba291c29b489694cf6af832169d5a013010200010201f87b14ae47e17a843f0114430632734828a49f23d9cfe5d4a7d18503f3e3660001f8f6285c8fc2f51b400114d11f6ee399d9c0a8bb67931db0075ef0b89cf34a00010000012001b7161388474753c9b4c136a312f396ade0a9e6077dcfd3e13a0aae4f2b0dca01f82a943754e833c90a01409627e486d54f5e7b7df4b402696a7e84e133f04159eb11d28c6547de720ebe99381f79cf83a12e9b98e7f132697d6736c17a3bfde76491795fa15974c285e47c0140d90a41bc9961c6abb5595e55e005f0a9b1196e08b4f2bfe6f4d0a743b11fb5415a4ed186255bf703850adb20249830930956b95d57232c5f178379e3fba9ef1f01010120df074e36bc4c2d77bd03331a0bf32ad79bf5297a1d2799a9e1e62b3330e5f68500010201f87b14ae47e17a843f011453e87e8937d35e8adad97ab91cd905f609374cb00001f8ae47e17a14aeef3f0114430632734828a49f23d9cfe5d4a7d18503f3e36600010000012066ab2b26bb150a97014a65ea1d1e3a7d9140ab027bf4bc34f6d33045acdae04101f82a943754fc41a6420140f8a49e8cf78991e18f577f38eb0acc3bef2835049fbbf9b390b10fa94e4e88048a226693dd1715ef6db9f9bc26b5679da9ed45193abbc54b8c3b7593e7ee8e6901405a47af20a0858be899787e73b40ae6cfa5ca0097f8a682fc90fe537b6f5856ef63552fd9299ffac40a71c35c755dc3b9bf88082fbe35727d232530f7a26b22c9010101206a630ea32f17b98243b185fd89dd7a2aba291c29b489694cf6af832169d5a01300010201f87b14ae47e17a843f0114d11f6ee399d9c0a8bb67931db0075ef0b89cf34a0001f8d7a3703d0ad7ff3f011453e87e8937d35e8adad97ab91cd905f609374cb0000100000120122affaf6c835812b367c8e91681b9563e7d66ca4af1fa3daf0899311371eb2901f82a943755170860520301020100010101fe24400114d11f6ee399d9c0a8bb67931db0075ef0b89cf34a00010000012000001a3ace3c14910efc2f0ded7cf953291d6700c31c6cbbd9c296bae7053523012000002f1699168e04d96dffdabf08ca941051b8cf55989692be20c1b5d167c55801fd03943e010600'),('00003e21d815b25b7d2fb28c321c72addda9995ddf0ddc5c03e81393470b7793','63ff8d03010105426c6f636b01ff8e000106010954696d657374616d70010400010c5472616e73616374696f6e7301ff9000010d50726576426c6f636b48617368010a00010448617368010a0001054e6f6e63650104000106486569676874010400000027ff8f020101185b5d737472756374757265732e5472616e73616374696f6e01ff900001ff82000075ff810301010b5472616e73616374696f6e01ff8200010801024944010a00010454696d6501040001095369676e6174757265010a00010842795075624b6579010a00010356696e01ff86000104566f757401ff8a00010a53514c436f6d6d616e6401ff8c00010953514c426173655458010a0000002bff850201011c5b5d737472756374757265732e545843757272656e6379496e70757401ff860001ff8400002fff830301010f545843757272656e6379496e70757401ff84000102010454786964010a000104566f757401040000002dff890201011e5b5d737472756374757265732e54584375727272656e63794f757470757401ff8a0001ff88000038ff870301011154584375727272656e63794f757470757401ff88000102010556616c7565010800010a5075624b657948617368010a00000057ff8b0301010953514c55706461746501ff8c000104010b5265666572656e63654944010a0001055175657279010a00010d526f6c6c6261636b5175657279010a00010f507265765472616e73616374696f6e010a000000fe01b7ff8e01fcb6e0125201020120df074e36bc4c2d77bd03331a0bf32ad79bf5297a1d2799a9e1e62b3330e5f68501f82a943750d594c55e0140878a021d5b2954daebbb4095faa3ca44809b974cc4cce3f0917655a85057fa29109fcf0680e9ec20d5994884f4fc00275403224785cbe810cf45beca01908ddc01405dad72a4bb1a748684ba23af710fd362d0192e3a22793a61925f33a64e9bb8f898c725f6b4966abe5f5993ff4dbc4f0c28c17a162b223b65b63a0e55f08b32a5010101206e11200b32cddcedb8aec5a34445ee83a528069df5e01d6633beac432b7e76fe00010201fef03f0114430632734828a49f23d9cfe5d4a7d18503f3e3660001fe22400114d11f6ee399d9c0a8bb67931db0075ef0b89cf34a0001000001203922d3ecff6cf32087d9a4554ca69c1e69767672b53c74ee5c8d465c07786de401f82a943750e11ece440301020100010101fe24400114d11f6ee399d9c0a8bb67931db0075ef0b89cf34a0001000001200000b53183044b28225c5fbe2cf27f333f30aa25c93eed9d26b8c62117e35439012000003e21d815b25b7d2fb28c321c72addda9995ddf0ddc5c03e81393470b779301fd039640010200'),('0000ab51db953f8a0f917d48751a61ea46f29e23f821f7ee405a9040e9df4990','63ff8d03010105426c6f636b01ff8e000106010954696d657374616d70010400010c5472616e73616374696f6e7301ff9000010d50726576426c6f636b48617368010a00010448617368010a0001054e6f6e63650104000106486569676874010400000027ff8f020101185b5d737472756374757265732e5472616e73616374696f6e01ff900001ff82000075ff810301010b5472616e73616374696f6e01ff8200010801024944010a00010454696d6501040001095369676e6174757265010a00010842795075624b6579010a00010356696e01ff86000104566f757401ff8a00010a53514c436f6d6d616e6401ff8c00010953514c426173655458010a0000002bff850201011c5b5d737472756374757265732e545843757272656e6379496e70757401ff860001ff8400002fff830301010f545843757272656e6379496e70757401ff84000102010454786964010a000104566f757401040000002dff890201011e5b5d737472756374757265732e54584375727272656e63794f757470757401ff8a0001ff88000038ff870301011154584375727272656e63794f757470757401ff88000102010556616c7565010800010a5075624b657948617368010a00000057ff8b0301010953514c55706461746501ff8c000104010b5265666572656e63654944010a0001055175657279010a00010d526f6c6c6261636b5175657279010a00010f507265765472616e73616374696f6e010a000000fe06a3ff8e01fcb6e0127801060120e2089f6a235cc7c16552f7c8daa513b306a583491ceecc8f33603846267ec02301f82a9437597c62a30c01403ba9f196534ea8f94fe19b8a4b5c69ff504969e789822a210eb89d33395eecfd47d9b5405debff0fbeac52a8d679c24e8b43a6705fdb64a550e2301969d5b57a01405dad72a4bb1a748684ba23af710fd362d0192e3a22793a61925f33a64e9bb8f898c725f6b4966abe5f5993ff4dbc4f0c28c17a162b223b65b63a0e55f08b32a50102012039231d34bc0565e2bfc37b0485ed751c91dc91543dd0a429e171e48ea19bc9a20102000120b6af2b05b3b323b48c097312573727c8cc9a980d10e1b4c3b7a73fed618a808600010201f89d6a6777cc69843f0114430632734828a49f23d9cfe5d4a7d18503f3e3660001f880f07fec9a352d3f0114d11f6ee399d9c0a8bb67931db0075ef0b89cf34a000100000120dd9b4429e94ddedce007f5d75070bc7ddb508c44a38ae8a4b579704146bceaf601f82a9437598f18855c014096802cee0d5ff6aaf2cfb19994a25362b9c71d3bed8a71543873d770b0c58f5dd29383c4fc9785ab9951f1456ca5de311a0e0047f20dee7b410aa408eb10fd0f0140d90a41bc9961c6abb5595e55e005f0a9b1196e08b4f2bfe6f4d0a743b11fb5415a4ed186255bf703850adb20249830930956b95d57232c5f178379e3fba9ef1f010201209388b7c0a8930e99d814d38c6203c0df6da9455b761505cc8653a87982376697010200012039231d34bc0565e2bfc37b0485ed751c91dc91543dd0a429e171e48ea19bc9a200010201f894677f1ca412843f011453e87e8937d35e8adad97ab91cd905f609374cb00001f84078bbb95395213f0114430632734828a49f23d9cfe5d4a7d18503f3e36600010000012008ff6686fff559ddcf44245345a6d7be8903a22a55456130c81598ae99b4cd9401f82a9437599af9d3be0140861d74054a2720f0bc4e4b25c1577abcf9384adae606edb76af2868c8d39f791acc83870cc4c9166a22e9bb16a231fca81434a23f44c729374a11773bd8acd3e01405a47af20a0858be899787e73b40ae6cfa5ca0097f8a682fc90fe537b6f5856ef63552fd9299ffac40a71c35c755dc3b9bf88082fbe35727d232530f7a26b22c901020120b6af2b05b3b323b48c097312573727c8cc9a980d10e1b4c3b7a73fed618a808601020001209388b7c0a8930e99d814d38c6203c0df6da9455b761505cc8653a8798237669700010201f8b6d05b5dcad0833f0114d11f6ee399d9c0a8bb67931db0075ef0b89cf34a0001f8c039abcb4a0f2a3f011453e87e8937d35e8adad97ab91cd905f609374cb000010000012001f8772268aee39912de6e1f8f3e6e21ede917ae9402746a6844a028d003208c01f82a943759a5223b5a0140a6fac8454c2913828088002cc143ae1296ff62361d1dcd4c76a6e1f6418f30b9c762c0eb9cfa6e0385db7a6b15a02a64c1090084de916aa46e37b4773ed3090801405a47af20a0858be899787e73b40ae6cfa5ca0097f8a682fc90fe537b6f5856ef63552fd9299ffac40a71c35c755dc3b9bf88082fbe35727d232530f7a26b22c90101012009ca5f0ecd2b7ce6b8738e15c398c766483bd0591718d6182a942d5aa9aa5451010200010201f8b0111481e2ae833f0114d11f6ee399d9c0a8bb67931db0075ef0b89cf34a0001f8dfac7fdfd886ff3f011453e87e8937d35e8adad97ab91cd905f609374cb000010000012044784028e3b90de25887569796fc7f2c0f7ebc6839ed1348208a2f26c704df1f01f82a943759ad2381700140bf44adb7ab65a5fa5a00fe42e9fbeb45a6850a70bf6fa64d29c57c16f0bb5042c79b25186e1956b9b89ff3c82aef5fcb6b18443f8be6814dcc5c25945d06948901405dad72a4bb1a748684ba23af710fd362d0192e3a22793a61925f33a64e9bb8f898c725f6b4966abe5f5993ff4dbc4f0c28c17a162b223b65b63a0e55f08b32a50101012009ca5f0ecd2b7ce6b8738e15c398c766483bd0591718d6182a942d5aa9aa545100010201f8b0111481e2ae833f0114430632734828a49f23d9cfe5d4a7d18503f3e3660001f8a01d6bca3e5d373f0114d11f6ee399d9c0a8bb67931db0075ef0b89cf34a000100000120aca7cd973ec3c5d8a5947ccaa1dc4ebb4ad4c812ec3650ef01ef121226de622c01f82a943759b7a79e640301020100010101fe24400114d11f6ee399d9c0a8bb67931db0075ef0b89cf34a000100000120000012054faf4690d846ab73c014797a214d6a5d786fc255bcabe2cd6941c07401200000ab51db953f8a0f917d48751a61ea46f29e23f821f7ee405a9040e9df499001fe5932010a00'),('0000b53183044b28225c5fbe2cf27f333f30aa25c93eed9d26b8c62117e35439','63ff8d03010105426c6f636b01ff8e000106010954696d657374616d70010400010c5472616e73616374696f6e7301ff9000010d50726576426c6f636b48617368010a00010448617368010a0001054e6f6e63650104000106486569676874010400000027ff8f020101185b5d737472756374757265732e5472616e73616374696f6e01ff900001ff82000075ff810301010b5472616e73616374696f6e01ff8200010801024944010a00010454696d6501040001095369676e6174757265010a00010842795075624b6579010a00010356696e01ff86000104566f757401ff8a00010a53514c436f6d6d616e6401ff8c00010953514c426173655458010a0000002bff850201011c5b5d737472756374757265732e545843757272656e6379496e70757401ff860001ff8400002fff830301010f545843757272656e6379496e70757401ff84000102010454786964010a000104566f757401040000002dff890201011e5b5d737472756374757265732e54584375727272656e63794f757470757401ff8a0001ff88000038ff870301011154584375727272656e63794f757470757401ff88000102010556616c7565010800010a5075624b657948617368010a00000057ff8b0301010953514c55706461746501ff8c000104010b5265666572656e63654944010a0001055175657279010a00010d526f6c6c6261636b5175657279010a00010f507265765472616e73616374696f6e010a000000ff82ff8e01fcb6e01244010101206e11200b32cddcedb8aec5a34445ee83a528069df5e01d6633beac432b7e76fe01f82a94374da3fac9120301020100010101fe24400114d11f6ee399d9c0a8bb67931db0075ef0b89cf34a0001000002200000b53183044b28225c5fbe2cf27f333f30aa25c93eed9d26b8c62117e3543901fe97f000'),('66','0000b53183044b28225c5fbe2cf27f333f30aa25c93eed9d26b8c62117e35439'),('6c','0000ab51db953f8a0f917d48751a61ea46f29e23f821f7ee405a9040e9df4990');

/*!40000 ALTER TABLE blocks ENABLE KEYS */;
UNLOCK TABLES;

--
-- Table structure for table nodes
--

DROP TABLE IF EXISTS nodes;
/*!40101 SET @saved_cs_client     = @@character_set_client */;
/*!40101 SET character_set_client = utf8 */;
CREATE TABLE `nodes` (
  `k` varbinary(100) NOT NULL,
  `v` varbinary(200) DEFAULT NULL,
  PRIMARY KEY (`k`)
) ENGINE=InnoDB DEFAULT CHARSET=latin1;
/*!40101 SET character_set_client = @saved_cs_client */;
--
-- Dumping data for table nodes
--

LOCK TABLES nodes WRITE;
/*!40000 ALTER TABLE nodes DISABLE KEYS */;

/*!40000 ALTER TABLE nodes ENABLE KEYS */;
UNLOCK TABLES;

--
-- Table structure for table transactions
--

DROP TABLE IF EXISTS transactions;
/*!40101 SET @saved_cs_client     = @@character_set_client */;
/*!40101 SET character_set_client = utf8 */;
CREATE TABLE `transactions` (
  `k` varbinary(100) NOT NULL,
  `v` blob,
  PRIMARY KEY (`k`)
) ENGINE=InnoDB DEFAULT CHARSET=latin1;
/*!40101 SET character_set_client = @saved_cs_client */;
--
-- Dumping data for table transactions
--

LOCK TABLES transactions WRITE;
/*!40000 ALTER TABLE transactions DISABLE KEYS */;

INSERT INTO transactions VALUES ('01b7161388474753c9b4c136a312f396ade0a9e6077dcfd3e13a0aae4f2b0dca','0cff91020102ff9200010a000025ff9200012000002f1699168e04d96dffdabf08ca941051b8cf55989692be20c1b5d167c558'),('01f8772268aee39912de6e1f8f3e6e21ede917ae9402746a6844a028d003208c','0cff91020102ff9200010a000025ff920001200000ab51db953f8a0f917d48751a61ea46f29e23f821f7ee405a9040e9df4990'),('08ff6686fff559ddcf44245345a6d7be8903a22a55456130c81598ae99b4cd94','0cff91020102ff9200010a000025ff920001200000ab51db953f8a0f917d48751a61ea46f29e23f821f7ee405a9040e9df4990'),('09ca5f0ecd2b7ce6b8738e15c398c766483bd0591718d6182a942d5aa9aa5451','0cff91020102ff9200010a000025ff92000120000012054faf4690d846ab73c014797a214d6a5d786fc255bcabe2cd6941c074'),('122affaf6c835812b367c8e91681b9563e7d66ca4af1fa3daf0899311371eb29','0cff91020102ff9200010a000025ff9200012000002f1699168e04d96dffdabf08ca941051b8cf55989692be20c1b5d167c558'),('220821eaebb5c54acf4f896a96ffd19c3f7b381e9efb0b689c5fd3e5caea5c6c','0cff91020102ff9200010a000025ff9200012000002f1699168e04d96dffdabf08ca941051b8cf55989692be20c1b5d167c558'),('3922d3ecff6cf32087d9a4554ca69c1e69767672b53c74ee5c8d465c07786de4','0cff91020102ff9200010a000025ff9200012000003e21d815b25b7d2fb28c321c72addda9995ddf0ddc5c03e81393470b7793'),('39231d34bc0565e2bfc37b0485ed751c91dc91543dd0a429e171e48ea19bc9a2','0cff91020102ff9200010a000025ff92000120000012054faf4690d846ab73c014797a214d6a5d786fc255bcabe2cd6941c074'),('44784028e3b90de25887569796fc7f2c0f7ebc6839ed1348208a2f26c704df1f','0cff91020102ff9200010a000025ff920001200000ab51db953f8a0f917d48751a61ea46f29e23f821f7ee405a9040e9df4990'),('66ab2b26bb150a97014a65ea1d1e3a7d9140ab027bf4bc34f6d33045acdae041','0cff91020102ff9200010a000025ff9200012000002f1699168e04d96dffdabf08ca941051b8cf55989692be20c1b5d167c558'),('68cda3eb8d1a55e474f013797b79246bea51210d123456d4c2e50f138784c0a4','0cff91020102ff9200010a000025ff92000120000012054faf4690d846ab73c014797a214d6a5d786fc255bcabe2cd6941c074'),('6a630ea32f17b98243b185fd89dd7a2aba291c29b489694cf6af832169d5a013','0cff91020102ff9200010a000025ff9200012000001a3ace3c14910efc2f0ded7cf953291d6700c31c6cbbd9c296bae7053523'),('6e11200b32cddcedb8aec5a34445ee83a528069df5e01d6633beac432b7e76fe','0cff91020102ff9200010a000025ff920001200000b53183044b28225c5fbe2cf27f333f30aa25c93eed9d26b8c62117e35439'),('7ee03c9aabdfe440dbfed22a3d2139cc8deeb9965f0c74feee33ca5e96c83e50','0cff91020102ff9200010a000025ff9200012000001a3ace3c14910efc2f0ded7cf953291d6700c31c6cbbd9c296bae7053523'),('9388b7c0a8930e99d814d38c6203c0df6da9455b761505cc8653a87982376697','0cff91020102ff9200010a000025ff92000120000012054faf4690d846ab73c014797a214d6a5d786fc255bcabe2cd6941c074'),('aca7cd973ec3c5d8a5947ccaa1dc4ebb4ad4c812ec3650ef01ef121226de622c','0cff91020102ff9200010a000025ff920001200000ab51db953f8a0f917d48751a61ea46f29e23f821f7ee405a9040e9df4990'),('b6af2b05b3b323b48c097312573727c8cc9a980d10e1b4c3b7a73fed618a8086','0cff91020102ff9200010a000025ff92000120000012054faf4690d846ab73c014797a214d6a5d786fc255bcabe2cd6941c074'),('dd9b4429e94ddedce007f5d75070bc7ddb508c44a38ae8a4b579704146bceaf6','0cff91020102ff9200010a000025ff920001200000ab51db953f8a0f917d48751a61ea46f29e23f821f7ee405a9040e9df4990'),('df074e36bc4c2d77bd03331a0bf32ad79bf5297a1d2799a9e1e62b3330e5f685','0cff91020102ff9200010a000025ff9200012000003e21d815b25b7d2fb28c321c72addda9995ddf0ddc5c03e81393470b7793'),('e2089f6a235cc7c16552f7c8daa513b306a583491ceecc8f33603846267ec023','0cff91020102ff9200010a000025ff920001200000ab51db953f8a0f917d48751a61ea46f29e23f821f7ee405a9040e9df4990'),('f0d97d64197b330eb3b1cc79fb79e6203fbdcdca11c06ff0b467be090a357bcb','0cff91020102ff9200010a000025ff9200012000001a3ace3c14910efc2f0ded7cf953291d6700c31c6cbbd9c296bae7053523');

/*!40000 ALTER TABLE transactions ENABLE KEYS */;
UNLOCK TABLES;

--
-- Table structure for table transactionsoutputs
--

DROP TABLE IF EXISTS transactionsoutputs;
/*!40101 SET @saved_cs_client     = @@character_set_client */;
/*!40101 SET character_set_client = utf8 */;
CREATE TABLE `transactionsoutputs` (
  `k` varbinary(100) NOT NULL,
  `v` blob,
  PRIMARY KEY (`k`)
) ENGINE=InnoDB DEFAULT CHARSET=latin1;
/*!40101 SET character_set_client = @saved_cs_client */;
--
-- Dumping data for table transactionsoutputs
--

LOCK TABLES transactionsoutputs WRITE;
/*!40000 ALTER TABLE transactionsoutputs DISABLE KEYS */;

INSERT INTO transactionsoutputs VALUES ('01b7161388474753c9b4c136a312f396ade0a9e6077dcfd3e13a0aae4f2b0dca','0dff95020102ff960001ff9400005eff930301011d5472616e73616374696f6e73496e6465785370656e744f75747075747301ff9400010401064f7574496e64010400010b5458576865726555736564010a000105496e496e640104000109426c6f636b48617368010a00000049ff9600010220b6af2b05b3b323b48c097312573727c8cc9a980d10e1b4c3b7a73fed618a80860220000012054faf4690d846ab73c014797a214d6a5d786fc255bcabe2cd6941c07400'),('09ca5f0ecd2b7ce6b8738e15c398c766483bd0591718d6182a942d5aa9aa5451','0dff95020102ff960001ff9400005eff930301011d5472616e73616374696f6e73496e6465785370656e744f75747075747301ff9400010401064f7574496e64010400010b5458576865726555736564010a000105496e496e640104000109426c6f636b48617368010a000000ff90ff9600020102012001f8772268aee39912de6e1f8f3e6e21ede917ae9402746a6844a028d003208c02200000ab51db953f8a0f917d48751a61ea46f29e23f821f7ee405a9040e9df499000022044784028e3b90de25887569796fc7f2c0f7ebc6839ed1348208a2f26c704df1f02200000ab51db953f8a0f917d48751a61ea46f29e23f821f7ee405a9040e9df499000'),('220821eaebb5c54acf4f896a96ffd19c3f7b381e9efb0b689c5fd3e5caea5c6c','0dff95020102ff960001ff9400005eff930301011d5472616e73616374696f6e73496e6465785370656e744f75747075747301ff9400010401064f7574496e64010400010b5458576865726555736564010a000105496e496e640104000109426c6f636b48617368010a00000049ff96000102209388b7c0a8930e99d814d38c6203c0df6da9455b761505cc8653a879823766970220000012054faf4690d846ab73c014797a214d6a5d786fc255bcabe2cd6941c07400'),('3922d3ecff6cf32087d9a4554ca69c1e69767672b53c74ee5c8d465c07786de4','0dff95020102ff960001ff9400005eff930301011d5472616e73616374696f6e73496e6465785370656e744f75747075747301ff9400010401064f7574496e64010400010b5458576865726555736564010a000105496e496e640104000109426c6f636b48617368010a00000049ff96000102207ee03c9aabdfe440dbfed22a3d2139cc8deeb9965f0c74feee33ca5e96c83e50022000001a3ace3c14910efc2f0ded7cf953291d6700c31c6cbbd9c296bae705352300'),('39231d34bc0565e2bfc37b0485ed751c91dc91543dd0a429e171e48ea19bc9a2','0dff95020102ff960001ff9400005eff930301011d5472616e73616374696f6e73496e6465785370656e744f75747075747301ff9400010401064f7574496e64010400010b5458576865726555736564010a000105496e496e640104000109426c6f636b48617368010a000000ff92ff96000201020120e2089f6a235cc7c16552f7c8daa513b306a583491ceecc8f33603846267ec02302200000ab51db953f8a0f917d48751a61ea46f29e23f821f7ee405a9040e9df4990000220dd9b4429e94ddedce007f5d75070bc7ddb508c44a38ae8a4b579704146bceaf6010201200000ab51db953f8a0f917d48751a61ea46f29e23f821f7ee405a9040e9df499000'),('66ab2b26bb150a97014a65ea1d1e3a7d9140ab027bf4bc34f6d33045acdae041','0dff95020102ff960001ff9400005eff930301011d5472616e73616374696f6e73496e6465785370656e744f75747075747301ff9400010401064f7574496e64010400010b5458576865726555736564010a000105496e496e640104000109426c6f636b48617368010a000000ff90ff960002022039231d34bc0565e2bfc37b0485ed751c91dc91543dd0a429e171e48ea19bc9a20220000012054faf4690d846ab73c014797a214d6a5d786fc255bcabe2cd6941c074000102012009ca5f0ecd2b7ce6b8738e15c398c766483bd0591718d6182a942d5aa9aa54510220000012054faf4690d846ab73c014797a214d6a5d786fc255bcabe2cd6941c07400'),('6a630ea32f17b98243b185fd89dd7a2aba291c29b489694cf6af832169d5a013','0dff95020102ff960001ff9400005eff930301011d5472616e73616374696f6e73496e6465785370656e744f75747075747301ff9400010401064f7574496e64010400010b5458576865726555736564010a000105496e496e640104000109426c6f636b48617368010a000000ff90ff96000201020120220821eaebb5c54acf4f896a96ffd19c3f7b381e9efb0b689c5fd3e5caea5c6c022000002f1699168e04d96dffdabf08ca941051b8cf55989692be20c1b5d167c55800022066ab2b26bb150a97014a65ea1d1e3a7d9140ab027bf4bc34f6d33045acdae041022000002f1699168e04d96dffdabf08ca941051b8cf55989692be20c1b5d167c55800'),('6e11200b32cddcedb8aec5a34445ee83a528069df5e01d6633beac432b7e76fe','0dff95020102ff960001ff9400005eff930301011d5472616e73616374696f6e73496e6465785370656e744f75747075747301ff9400010401064f7574496e64010400010b5458576865726555736564010a000105496e496e640104000109426c6f636b48617368010a00000049ff9600010220df074e36bc4c2d77bd03331a0bf32ad79bf5297a1d2799a9e1e62b3330e5f685022000003e21d815b25b7d2fb28c321c72addda9995ddf0ddc5c03e81393470b779300'),('9388b7c0a8930e99d814d38c6203c0df6da9455b761505cc8653a87982376697','0dff95020102ff960001ff9400005eff930301011d5472616e73616374696f6e73496e6465785370656e744f75747075747301ff9400010401064f7574496e64010400010b5458576865726555736564010a000105496e496e640104000109426c6f636b48617368010a000000ff92ff96000201020120dd9b4429e94ddedce007f5d75070bc7ddb508c44a38ae8a4b579704146bceaf602200000ab51db953f8a0f917d48751a61ea46f29e23f821f7ee405a9040e9df499000022008ff6686fff559ddcf44245345a6d7be8903a22a55456130c81598ae99b4cd94010201200000ab51db953f8a0f917d48751a61ea46f29e23f821f7ee405a9040e9df499000'),('b6af2b05b3b323b48c097312573727c8cc9a980d10e1b4c3b7a73fed618a8086','0dff95020102ff960001ff9400005eff930301011d5472616e73616374696f6e73496e6465785370656e744f75747075747301ff9400010401064f7574496e64010400010b5458576865726555736564010a000105496e496e640104000109426c6f636b48617368010a000000ff92ff9600020220e2089f6a235cc7c16552f7c8daa513b306a583491ceecc8f33603846267ec023010201200000ab51db953f8a0f917d48751a61ea46f29e23f821f7ee405a9040e9df4990000102012008ff6686fff559ddcf44245345a6d7be8903a22a55456130c81598ae99b4cd9402200000ab51db953f8a0f917d48751a61ea46f29e23f821f7ee405a9040e9df499000'),('df074e36bc4c2d77bd03331a0bf32ad79bf5297a1d2799a9e1e62b3330e5f685','0dff95020102ff960001ff9400005eff930301011d5472616e73616374696f6e73496e6465785370656e744f75747075747301ff9400010401064f7574496e64010400010b5458576865726555736564010a000105496e496e640104000109426c6f636b48617368010a000000ff90ff960002010201206a630ea32f17b98243b185fd89dd7a2aba291c29b489694cf6af832169d5a013022000001a3ace3c14910efc2f0ded7cf953291d6700c31c6cbbd9c296bae705352300022001b7161388474753c9b4c136a312f396ade0a9e6077dcfd3e13a0aae4f2b0dca022000002f1699168e04d96dffdabf08ca941051b8cf55989692be20c1b5d167c55800');

/*!40000 ALTER TABLE transactionsoutputs ENABLE KEYS */;
UNLOCK TABLES;

--
-- Table structure for table unapprovedtransactions
--

DROP TABLE IF EXISTS unapprovedtransactions;
/*!40101 SET @saved_cs_client     = @@character_set_client */;
/*!40101 SET character_set_client = utf8 */;
CREATE TABLE `unapprovedtransactions` (
  `k` varbinary(100) NOT NULL,
  `v` longblob,
  PRIMARY KEY (`k`)
) ENGINE=InnoDB DEFAULT CHARSET=latin1;
/*!40101 SET character_set_client = @saved_cs_client */;
--
-- Dumping data for table unapprovedtransactions
--

LOCK TABLES unapprovedtransactions WRITE;
/*!40000 ALTER TABLE unapprovedtransactions DISABLE KEYS */;

/*!40000 ALTER TABLE unapprovedtransactions ENABLE KEYS */;
UNLOCK TABLES;

--
-- Table structure for table unspentoutputstransactions
--

DROP TABLE IF EXISTS unspentoutputstransactions;
/*!40101 SET @saved_cs_client     = @@character_set_client */;
/*!40101 SET character_set_client = utf8 */;
CREATE TABLE `unspentoutputstransactions` (
  `k` varbinary(100) NOT NULL,
  `v` longblob,
  PRIMARY KEY (`k`)
) ENGINE=InnoDB DEFAULT CHARSET=latin1;
/*!40101 SET character_set_client = @saved_cs_client */;
--
-- Dumping data for table unspentoutputstransactions
--

LOCK TABLES unspentoutputstransactions WRITE;
/*!40000 ALTER TABLE unspentoutputstransactions DISABLE KEYS */;

INSERT INTO unspentoutputstransactions VALUES ('01b7161388474753c9b4c136a312f396ade0a9e6077dcfd3e13a0aae4f2b0dca','0dff99020102ff9a0001ff9800007eff970301011354584f7574707574496e646570656e64656e7401ff98000107010556616c7565010800010e446573745075624b657948617368010a00010e53656e645075624b657948617368010a00010454584944010a0001064f496e64657801040001064973426173650102000109426c6f636b48617368010a000000ff81ff9a000101f8ae47e17a14aeef3f0114430632734828a49f23d9cfe5d4a7d18503f3e3660114430632734828a49f23d9cfe5d4a7d18503f3e366012001b7161388474753c9b4c136a312f396ade0a9e6077dcfd3e13a0aae4f2b0dca0102022000002f1699168e04d96dffdabf08ca941051b8cf55989692be20c1b5d167c55800'),('01f8772268aee39912de6e1f8f3e6e21ede917ae9402746a6844a028d003208c','0dff99020102ff9a0001ff9800007eff970301011354584f7574707574496e646570656e64656e7401ff98000107010556616c7565010800010e446573745075624b657948617368010a00010e53656e645075624b657948617368010a00010454584944010a0001064f496e64657801040001064973426173650102000109426c6f636b48617368010a000000fffcff9a000201f8b0111481e2ae833f0114d11f6ee399d9c0a8bb67931db0075ef0b89cf34a011453e87e8937d35e8adad97ab91cd905f609374cb0012001f8772268aee39912de6e1f8f3e6e21ede917ae9402746a6844a028d003208c03200000ab51db953f8a0f917d48751a61ea46f29e23f821f7ee405a9040e9df49900001f8dfac7fdfd886ff3f011453e87e8937d35e8adad97ab91cd905f609374cb0011453e87e8937d35e8adad97ab91cd905f609374cb0012001f8772268aee39912de6e1f8f3e6e21ede917ae9402746a6844a028d003208c010202200000ab51db953f8a0f917d48751a61ea46f29e23f821f7ee405a9040e9df499000'),('08ff6686fff559ddcf44245345a6d7be8903a22a55456130c81598ae99b4cd94','0dff99020102ff9a0001ff9800007eff970301011354584f7574707574496e646570656e64656e7401ff98000107010556616c7565010800010e446573745075624b657948617368010a00010e53656e645075624b657948617368010a00010454584944010a0001064f496e64657801040001064973426173650102000109426c6f636b48617368010a000000fffcff9a000201f8b6d05b5dcad0833f0114d11f6ee399d9c0a8bb67931db0075ef0b89cf34a011453e87e8937d35e8adad97ab91cd905f609374cb0012008ff6686fff559ddcf44245345a6d7be8903a22a55456130c81598ae99b4cd9403200000ab51db953f8a0f917d48751a61ea46f29e23f821f7ee405a9040e9df49900001f8c039abcb4a0f2a3f011453e87e8937d35e8adad97ab91cd905f609374cb0011453e87e8937d35e8adad97ab91cd905f609374cb0012008ff6686fff559ddcf44245345a6d7be8903a22a55456130c81598ae99b4cd94010202200000ab51db953f8a0f917d48751a61ea46f29e23f821f7ee405a9040e9df499000'),('122affaf6c835812b367c8e91681b9563e7d66ca4af1fa3daf0899311371eb29','0dff99020102ff9a0001ff9800007eff970301011354584f7574707574496e646570656e64656e7401ff98000107010556616c7565010800010e446573745075624b657948617368010a00010e53656e645075624b657948617368010a00010454584944010a0001064f496e64657801040001064973426173650102000109426c6f636b48617368010a00000065ff9a000101fe24400114d11f6ee399d9c0a8bb67931db0075ef0b89cf34a0220122affaf6c835812b367c8e91681b9563e7d66ca4af1fa3daf0899311371eb290201012000002f1699168e04d96dffdabf08ca941051b8cf55989692be20c1b5d167c55800'),('220821eaebb5c54acf4f896a96ffd19c3f7b381e9efb0b689c5fd3e5caea5c6c','0dff99020102ff9a0001ff9800007eff970301011354584f7574707574496e646570656e64656e7401ff98000107010556616c7565010800010e446573745075624b657948617368010a00010e53656e645075624b657948617368010a00010454584944010a0001064f496e64657801040001064973426173650102000109426c6f636b48617368010a000000ff81ff9a000101f8f6285c8fc2f51b400114d11f6ee399d9c0a8bb67931db0075ef0b89cf34a0114d11f6ee399d9c0a8bb67931db0075ef0b89cf34a0120220821eaebb5c54acf4f896a96ffd19c3f7b381e9efb0b689c5fd3e5caea5c6c0102022000002f1699168e04d96dffdabf08ca941051b8cf55989692be20c1b5d167c55800'),('44784028e3b90de25887569796fc7f2c0f7ebc6839ed1348208a2f26c704df1f','0dff99020102ff9a0001ff9800007eff970301011354584f7574707574496e646570656e64656e7401ff98000107010556616c7565010800010e446573745075624b657948617368010a00010e53656e645075624b657948617368010a00010454584944010a0001064f496e64657801040001064973426173650102000109426c6f636b48617368010a000000fffcff9a000201f8b0111481e2ae833f0114430632734828a49f23d9cfe5d4a7d18503f3e3660114d11f6ee399d9c0a8bb67931db0075ef0b89cf34a012044784028e3b90de25887569796fc7f2c0f7ebc6839ed1348208a2f26c704df1f03200000ab51db953f8a0f917d48751a61ea46f29e23f821f7ee405a9040e9df49900001f8a01d6bca3e5d373f0114d11f6ee399d9c0a8bb67931db0075ef0b89cf34a0114d11f6ee399d9c0a8bb67931db0075ef0b89cf34a012044784028e3b90de25887569796fc7f2c0f7ebc6839ed1348208a2f26c704df1f010202200000ab51db953f8a0f917d48751a61ea46f29e23f821f7ee405a9040e9df499000'),('68cda3eb8d1a55e474f013797b79246bea51210d123456d4c2e50f138784c0a4','0dff99020102ff9a0001ff9800007eff970301011354584f7574707574496e646570656e64656e7401ff98000107010556616c7565010800010e446573745075624b657948617368010a00010e53656e645075624b657948617368010a00010454584944010a0001064f496e64657801040001064973426173650102000109426c6f636b48617368010a00000065ff9a000101fe24400114d11f6ee399d9c0a8bb67931db0075ef0b89cf34a022068cda3eb8d1a55e474f013797b79246bea51210d123456d4c2e50f138784c0a402010120000012054faf4690d846ab73c014797a214d6a5d786fc255bcabe2cd6941c07400'),('7ee03c9aabdfe440dbfed22a3d2139cc8deeb9965f0c74feee33ca5e96c83e50','0dff99020102ff9a0001ff9800007eff970301011354584f7574707574496e646570656e64656e7401ff98000107010556616c7565010800010e446573745075624b657948617368010a00010e53656e645075624b657948617368010a00010454584944010a0001064f496e64657801040001064973426173650102000109426c6f636b48617368010a000000fff0ff9a000201fe0840011453e87e8937d35e8adad97ab91cd905f609374cb00114d11f6ee399d9c0a8bb67931db0075ef0b89cf34a01207ee03c9aabdfe440dbfed22a3d2139cc8deeb9965f0c74feee33ca5e96c83e50032000001a3ace3c14910efc2f0ded7cf953291d6700c31c6cbbd9c296bae70535230001fe1c400114d11f6ee399d9c0a8bb67931db0075ef0b89cf34a0114d11f6ee399d9c0a8bb67931db0075ef0b89cf34a01207ee03c9aabdfe440dbfed22a3d2139cc8deeb9965f0c74feee33ca5e96c83e500102022000001a3ace3c14910efc2f0ded7cf953291d6700c31c6cbbd9c296bae705352300'),('aca7cd973ec3c5d8a5947ccaa1dc4ebb4ad4c812ec3650ef01ef121226de622c','0dff99020102ff9a0001ff9800007eff970301011354584f7574707574496e646570656e64656e7401ff98000107010556616c7565010800010e446573745075624b657948617368010a00010e53656e645075624b657948617368010a00010454584944010a0001064f496e64657801040001064973426173650102000109426c6f636b48617368010a00000065ff9a000101fe24400114d11f6ee399d9c0a8bb67931db0075ef0b89cf34a0220aca7cd973ec3c5d8a5947ccaa1dc4ebb4ad4c812ec3650ef01ef121226de622c020101200000ab51db953f8a0f917d48751a61ea46f29e23f821f7ee405a9040e9df499000'),('dd9b4429e94ddedce007f5d75070bc7ddb508c44a38ae8a4b579704146bceaf6','0dff99020102ff9a0001ff9800007eff970301011354584f7574707574496e646570656e64656e7401ff98000107010556616c7565010800010e446573745075624b657948617368010a00010e53656e645075624b657948617368010a00010454584944010a0001064f496e64657801040001064973426173650102000109426c6f636b48617368010a000000fffcff9a000201f894677f1ca412843f011453e87e8937d35e8adad97ab91cd905f609374cb00114430632734828a49f23d9cfe5d4a7d18503f3e3660120dd9b4429e94ddedce007f5d75070bc7ddb508c44a38ae8a4b579704146bceaf603200000ab51db953f8a0f917d48751a61ea46f29e23f821f7ee405a9040e9df49900001f84078bbb95395213f0114430632734828a49f23d9cfe5d4a7d18503f3e3660114430632734828a49f23d9cfe5d4a7d18503f3e3660120dd9b4429e94ddedce007f5d75070bc7ddb508c44a38ae8a4b579704146bceaf6010202200000ab51db953f8a0f917d48751a61ea46f29e23f821f7ee405a9040e9df499000'),('e2089f6a235cc7c16552f7c8daa513b306a583491ceecc8f33603846267ec023','0dff99020102ff9a0001ff9800007eff970301011354584f7574707574496e646570656e64656e7401ff98000107010556616c7565010800010e446573745075624b657948617368010a00010e53656e645075624b657948617368010a00010454584944010a0001064f496e64657801040001064973426173650102000109426c6f636b48617368010a000000fffcff9a000201f89d6a6777cc69843f0114430632734828a49f23d9cfe5d4a7d18503f3e3660114d11f6ee399d9c0a8bb67931db0075ef0b89cf34a0120e2089f6a235cc7c16552f7c8daa513b306a583491ceecc8f33603846267ec02303200000ab51db953f8a0f917d48751a61ea46f29e23f821f7ee405a9040e9df49900001f880f07fec9a352d3f0114d11f6ee399d9c0a8bb67931db0075ef0b89cf34a0114d11f6ee399d9c0a8bb67931db0075ef0b89cf34a0120e2089f6a235cc7c16552f7c8daa513b306a583491ceecc8f33603846267ec023010202200000ab51db953f8a0f917d48751a61ea46f29e23f821f7ee405a9040e9df499000'),('f0d97d64197b330eb3b1cc79fb79e6203fbdcdca11c06ff0b467be090a357bcb','0dff99020102ff9a0001ff9800007eff970301011354584f7574707574496e646570656e64656e7401ff98000107010556616c7565010800010e446573745075624b657948617368010a00010e53656e645075624b657948617368010a00010454584944010a0001064f496e64657801040001064973426173650102000109426c6f636b48617368010a00000065ff9a000101fe24400114d11f6ee399d9c0a8bb67931db0075ef0b89cf34a0220f0d97d64197b330eb3b1cc79fb79e6203fbdcdca11c06ff0b467be090a357bcb0201012000001a3ace3c14910efc2f0ded7cf953291d6700c31c6cbbd9c296bae705352300');

/*!40000 ALTER TABLE unspentoutputstransactions ENABLE KEYS */;
UNLOCK TABLES;

-- Dump completed on 2018-08-12 13:17:37.902564994 +0300 EEST m=+0.052000348
