-- Go SQL Dump 0.2.2
--
-- ------------------------------------------------------
-- Server version	5.7.22-0ubuntu0.16.04.1

/*!40101 SET @OLD_CHARACTER_SET_CLIENT=@@CHARACTER_SET_CLIENT */;
/*!40101 SET @OLD_CHARACTER_SET_RESULTS=@@CHARACTER_SET_RESULTS */;
/*!40101 SET @OLD_COLLATION_CONNECTION=@@COLLATION_CONNECTION */;
/*!40101 SET NAMES utf8 */;
/*!40103 SET @OLD_TIME_ZONE=@@TIME_ZONE */;
/*!40103 SET TIME_ZONE='+00:00' */;
/*!40014 SET @OLD_UNIQUE_CHECKS=@@UNIQUE_CHECKS, UNIQUE_CHECKS=0 */;
/*!40014 SET @OLD_FOREIGN_KEY_CHECKS=@@FOREIGN_KEY_CHECKS, FOREIGN_KEY_CHECKS=0 */;
/*!40101 SET @OLD_SQL_MODE=@@SQL_MODE, SQL_MODE='NO_AUTO_VALUE_ON_ZERO' */;
/*!40111 SET @OLD_SQL_NOTES=@@SQL_NOTES, SQL_NOTES=0 */;



--
-- Table structure for table blockchain
--

DROP TABLE IF EXISTS blockchain;
/*!40101 SET @saved_cs_client     = @@character_set_client */;
/*!40101 SET character_set_client = utf8 */;
CREATE TABLE `blockchain` (
  `k` varbinary(100) NOT NULL,
  `v` varbinary(300) DEFAULT NULL,
  PRIMARY KEY (`k`)
) ENGINE=InnoDB DEFAULT CHARSET=latin1;
/*!40101 SET character_set_client = @saved_cs_client */;
--
-- Dumping data for table blockchain
--

LOCK TABLES blockchain WRITE;
/*!40000 ALTER TABLE blockchain DISABLE KEYS */;

INSERT INTO blockchain VALUES ('000045298333888c569ec2427f158985bc59b1772c2a04117a3db571364f5eb5','00007f6e7abff7f3b5f4a0ab271f25242865542e23e9861c1a6174766c2cfa1a00005fc7a734a7b4efb18055197aeb8787d7ef0e90b44667283bcbf5ea2f21aa'),('00005fc7a734a7b4efb18055197aeb8787d7ef0e90b44667283bcbf5ea2f21aa','000045298333888c569ec2427f158985bc59b1772c2a04117a3db571364f5eb50000c026fd6f368f73ead7ab2ac995dc176b23c310396b0caad929c6808857da'),('00006560da598d32ac13078a28d72f6c3b828df0c4bd97e3fd8dc1b6f310d7e8','00007ee935a3dd2cde4ec4a61e34d134f6ab9b3e26e26e1b4d34d11d3ebcbf9600007f6e7abff7f3b5f4a0ab271f25242865542e23e9861c1a6174766c2cfa1a'),('00007ee935a3dd2cde4ec4a61e34d134f6ab9b3e26e26e1b4d34d11d3ebcbf96','000000000000000000000000000000000000000000000000000000000000000000006560da598d32ac13078a28d72f6c3b828df0c4bd97e3fd8dc1b6f310d7e8'),('00007f6e7abff7f3b5f4a0ab271f25242865542e23e9861c1a6174766c2cfa1a','00006560da598d32ac13078a28d72f6c3b828df0c4bd97e3fd8dc1b6f310d7e8000045298333888c569ec2427f158985bc59b1772c2a04117a3db571364f5eb5'),('0000c026fd6f368f73ead7ab2ac995dc176b23c310396b0caad929c6808857da','00005fc7a734a7b4efb18055197aeb8787d7ef0e90b44667283bcbf5ea2f21aa0000000000000000000000000000000000000000000000000000000000000000');

/*!40000 ALTER TABLE blockchain ENABLE KEYS */;
UNLOCK TABLES;

--
-- Table structure for table blocks
--

DROP TABLE IF EXISTS blocks;
/*!40101 SET @saved_cs_client     = @@character_set_client */;
/*!40101 SET character_set_client = utf8 */;
CREATE TABLE `blocks` (
  `k` varbinary(100) NOT NULL,
  `v` longblob,
  PRIMARY KEY (`k`)
) ENGINE=InnoDB DEFAULT CHARSET=latin1;
/*!40101 SET character_set_client = @saved_cs_client */;
--
-- Dumping data for table blocks
--

LOCK TABLES blocks WRITE;
/*!40000 ALTER TABLE blocks DISABLE KEYS */;

INSERT INTO blocks VALUES ('000045298333888c569ec2427f158985bc59b1772c2a04117a3db571364f5eb5','63ff8b03010105426c6f636b01ff8c000106010954696d657374616d70010400010c5472616e73616374696f6e7301ff8e00010d50726576426c6f636b48617368010a00010448617368010a0001054e6f6e63650104000106486569676874010400000027ff8d020101185b5d737472756374757265732e5472616e73616374696f6e01ff8e0001ff82000066ff810301010b5472616e73616374696f6e01ff8200010701024944010a00010454696d6501040001095369676e6174757265010a00010842795075624b6579010a00010356696e01ff86000104566f757401ff8a00010a53514c436f6d6d616e64010a0000002bff850201011c5b5d737472756374757265732e545843757272656e6379496e70757401ff860001ff8400002fff830301010f545843757272656e6379496e70757401ff84000102010454786964010a000104566f757401040000002dff890201011e5b5d737472756374757265732e54584375727272656e63794f757470757401ff8a0001ff88000038ff870301011154584375727272656e63794f757470757401ff88000102010556616c7565010800010a5075624b657948617368010a000000fe03f5ff8c01fcb678b3ac010401203ff95926ef9b1d0b2511df043882e86e4ab7767030fd03ecaf4eb9b07266d55701f82a7c26002c50f66e014040b404e0eab4c1ae3886e6e7828a1aa41db258374f5634c49c24a3486564a10b1e2f206a42efb2dc5823e5b694ac35f98dacb9b27c42f5217dea1675382c80b10140d8c20df18bfbeb82ee8477a07c72aee52d3789aa64ff9796b2d173cd96b6b70b97e16860ceb02027e9a7223ecb5ab1f06e281f6862a221dc9ab533d6879465d701010120617b06ddda7bf3697a549147c343ebd016490a83c1f46cb6f95e3a386362820d010200010201f87b14ae47e17a843f01149bf6ad413ae0784ef106837fff1b7fce5341387f0001f8f6285c8fc2f51b400114c24606e1bb4049ff1b35d832a884540cfc331df100000120ba7976eee71ce3353ab5b4f141f7ce787bcf8197526698d37859c9f9417a023c01f82a7c260037ce32180140bc3a58ae8623ad32fb69494cbc9914613bcd7ca13fb9ca6a446a640d53c4620d7a7585378953cc81fbe7c65fa87cafff4e3243324b7140de2ca2aaefeb3308ca0140d29d8a44bfcb71e174ff8874e143de365159244114c541c71b377b94b9bb8e5caef2e1c0b79a98e76f70f07b8b0730c0dd40d1638ab6471dea6782a9f6509c5f010101208f043b1db8dfa40b6e13ec17581c5fa0b6ae802ac408199d4c485ad8a1009fd700010201f87b14ae47e17a843f01141d11ae55438dc0b48f7b450411c3a91fdd5ae99d0001f8ae47e17a14aeef3f01149bf6ad413ae0784ef106837fff1b7fce5341387f000001201c9b076eb203aebe11db9e2b2ae5bb45444b21cab7e0113c320e5deab50833b601f82a7c2600432723600140b40023091afb59cb8f0ba4c2c26b951e235a2f07c3cb85aa94070ab69da913e962a9bb0946a293b0d49f4b616a8babb54889b29e8d58031bd61610d8ff4b0a910140dfd3892b031a46f4ae25d36fa2297767f3409dc0765a26432f927d32dd9d9c9a5a36cc98151ef675a95fe5487b0674c2b74940c7042db734d6b85756224b510901010120617b06ddda7bf3697a549147c343ebd016490a83c1f46cb6f95e3a386362820d00010201f87b14ae47e17a843f0114c24606e1bb4049ff1b35d832a884540cfc331df10001f8d7a3703d0ad7ff3f01141d11ae55438dc0b48f7b450411c3a91fdd5ae99d000001200c3a64013849b30ec69094d8fcac0fe11adb1d204a6dc4d3f511659c2e07398701f82a7c26004e1cb7b20301020100010101fe24400114c24606e1bb4049ff1b35d832a884540cfc331df10000012000007f6e7abff7f3b5f4a0ab271f25242865542e23e9861c1a6174766c2cfa1a0120000045298333888c569ec2427f158985bc59b1772c2a04117a3db571364f5eb501fd01d236010600'),('00005fc7a734a7b4efb18055197aeb8787d7ef0e90b44667283bcbf5ea2f21aa','63ff8b03010105426c6f636b01ff8c000106010954696d657374616d70010400010c5472616e73616374696f6e7301ff8e00010d50726576426c6f636b48617368010a00010448617368010a0001054e6f6e63650104000106486569676874010400000027ff8d020101185b5d737472756374757265732e5472616e73616374696f6e01ff8e0001ff82000066ff810301010b5472616e73616374696f6e01ff8200010701024944010a00010454696d6501040001095369676e6174757265010a00010842795075624b6579010a00010356696e01ff86000104566f757401ff8a00010a53514c436f6d6d616e64010a0000002bff850201011c5b5d737472756374757265732e545843757272656e6379496e70757401ff860001ff8400002fff830301010f545843757272656e6379496e70757401ff84000102010454786964010a000104566f757401040000002dff890201011e5b5d737472756374757265732e54584375727272656e63794f757470757401ff8a0001ff88000038ff870301011154584375727272656e63794f757470757401ff88000102010556616c7565010800010a5075624b657948617368010a000000fe050eff8c01fcb678b3b6010501202de2a3702a945d7905063a6a142402042fdcfdb5fddce2e843d8327ec760db2501f82a7c26024eb878d40140d9ec866625e98362aa0d849fe1cfab56c11dca5e61987d276bb7536e9cb3982415e505abab80819563d6508eeec085314b8591e7ff7e5cce556e6e0e3479bcd60140d8c20df18bfbeb82ee8477a07c72aee52d3789aa64ff9796b2d173cd96b6b70b97e16860ceb02027e9a7223ecb5ab1f06e281f6862a221dc9ab533d6879465d7010101201c9b076eb203aebe11db9e2b2ae5bb45444b21cab7e0113c320e5deab50833b600010201f8e29498eb5d51843f01149bf6ad413ae0784ef106837fff1b7fce5341387f0001f880ccbf0aaec1143f0114c24606e1bb4049ff1b35d832a884540cfc331df10000012051b0c729bde55fa52eef3972cefbe4ff02be5e9526fb27ec791efb8c2eb37c7c01f82a7c260256707de20140a231129e6511aca8b25ec5f73920ad5b14928cb582fb72a536b5943a54758844cbfa8f19539bd76e06074b0658100c5df107baf5c31abc5f875159f8c600547d0140d29d8a44bfcb71e174ff8874e143de365159244114c541c71b377b94b9bb8e5caef2e1c0b79a98e76f70f07b8b0730c0dd40d1638ab6471dea6782a9f6509c5f010101203ff95926ef9b1d0b2511df043882e86e4ab7767030fd03ecaf4eb9b07266d55700010201f8156e1a57339d833f01141d11ae55438dc0b48f7b450411c3a91fdd5ae99d0001f8c0cc7412beb53b3f01149bf6ad413ae0784ef106837fff1b7fce5341387f00000120c8b880c8827dbeedb5875c9e00452f63b0f4fcb45aed38de1df35316fa5d41cb01f82a7c26025e84b00801404d24b3f290610771895f6f11a18d15028c1e62dce3cb8a44e43cac0742afc464b7bb1f13b2e85a5b30268d4fd05971720ae3c354a0fd82816184d3d816beb4d90140dfd3892b031a46f4ae25d36fa2297767f3409dc0765a26432f927d32dd9d9c9a5a36cc98151ef675a95fe5487b0674c2b74940c7042db734d6b85756224b510901010120ba7976eee71ce3353ab5b4f141f7ce787bcf8197526698d37859c9f9417a023c00010201f822dfc6e20e06843f0114c24606e1bb4049ff1b35d832a884540cfc331df10001f84056cd3999342d3f01141d11ae55438dc0b48f7b450411c3a91fdd5ae99d000001209ac37a5718b2b0b87403964e5d5434f3e2f9950b8f6de54be67951d3ea2c780f01f82a7c2602666ef7720140d1fc93c67545324285037501e1fe5c76bfb5f2b2439968f6f92ff8d4b69456cae6f7dfcbd26e2ba147a2fefd8ebf644dc8e6c2ceb098e48292b4422aa94c040d0140dfd3892b031a46f4ae25d36fa2297767f3409dc0765a26432f927d32dd9d9c9a5a36cc98151ef675a95fe5487b0674c2b74940c7042db734d6b85756224b5109010101201c9b076eb203aebe11db9e2b2ae5bb45444b21cab7e0113c320e5deab50833b6010200010201f87f9a200b4de9833f0114c24606e1bb4049ff1b35d832a884540cfc331df10001f8a2625aa337afff3f01141d11ae55438dc0b48f7b450411c3a91fdd5ae99d00000120f704bdbf8c1bd2654b4b88d8d9cb8cb4c0117cc5bafa3e16dfc1e87ea3bf29f001f82a7c260272d816a20301020100010101fe24400114c24606e1bb4049ff1b35d832a884540cfc331df100000120000045298333888c569ec2427f158985bc59b1772c2a04117a3db571364f5eb5012000005fc7a734a7b4efb18055197aeb8787d7ef0e90b44667283bcbf5ea2f21aa01fefca6010800'),('00006560da598d32ac13078a28d72f6c3b828df0c4bd97e3fd8dc1b6f310d7e8','63ff8b03010105426c6f636b01ff8c000106010954696d657374616d70010400010c5472616e73616374696f6e7301ff8e00010d50726576426c6f636b48617368010a00010448617368010a0001054e6f6e63650104000106486569676874010400000027ff8d020101185b5d737472756374757265732e5472616e73616374696f6e01ff8e0001ff82000066ff810301010b5472616e73616374696f6e01ff8200010701024944010a00010454696d6501040001095369676e6174757265010a00010842795075624b6579010a00010356696e01ff86000104566f757401ff8a00010a53514c436f6d6d616e64010a0000002bff850201011c5b5d737472756374757265732e545843757272656e6379496e70757401ff860001ff8400002fff830301010f545843757272656e6379496e70757401ff84000102010454786964010a000104566f757401040000002dff890201011e5b5d737472756374757265732e54584375727272656e63794f757470757401ff8a0001ff88000038ff870301011154584375727272656e63794f757470757401ff88000102010556616c7565010800010a5075624b657948617368010a000000fe01b3ff8c01fcb678b39c010201208f043b1db8dfa40b6e13ec17581c5fa0b6ae802ac408199d4c485ad8a1009fd701f82a7c25fc7237829801402bc75a0b9109f4074bba4401051878c0b02e11c946540c63221d1e7394695f76a79063a755fdcc2cdd7371fca727bae0987c39504cf73d4480a19f187bb8f6640140d8c20df18bfbeb82ee8477a07c72aee52d3789aa64ff9796b2d173cd96b6b70b97e16860ceb02027e9a7223ecb5ab1f06e281f6862a221dc9ab533d6879465d701010120e18e8d1d30aef25877d668a75857ad4eaf62588eb573688f293fec374d43210e00010201fef03f01149bf6ad413ae0784ef106837fff1b7fce5341387f0001fe22400114c24606e1bb4049ff1b35d832a884540cfc331df1000001205a7add64f34cb20d8cfd3705d53f1872a01054c474ba28e54d9bdbd5cbf2964e01f82a7c25fc7e200cbc0301020100010101fe24400114c24606e1bb4049ff1b35d832a884540cfc331df10000012000007ee935a3dd2cde4ec4a61e34d134f6ab9b3e26e26e1b4d34d11d3ebcbf96012000006560da598d32ac13078a28d72f6c3b828df0c4bd97e3fd8dc1b6f310d7e801fd014b16010200'),('00007ee935a3dd2cde4ec4a61e34d134f6ab9b3e26e26e1b4d34d11d3ebcbf96','63ff8b03010105426c6f636b01ff8c000106010954696d657374616d70010400010c5472616e73616374696f6e7301ff8e00010d50726576426c6f636b48617368010a00010448617368010a0001054e6f6e63650104000106486569676874010400000027ff8d020101185b5d737472756374757265732e5472616e73616374696f6e01ff8e0001ff82000066ff810301010b5472616e73616374696f6e01ff8200010701024944010a00010454696d6501040001095369676e6174757265010a00010842795075624b6579010a00010356696e01ff86000104566f757401ff8a00010a53514c436f6d6d616e64010a0000002bff850201011c5b5d737472756374757265732e545843757272656e6379496e70757401ff860001ff8400002fff830301010f545843757272656e6379496e70757401ff84000102010454786964010a000104566f757401040000002dff890201011e5b5d737472756374757265732e54584375727272656e63794f757470757401ff8a0001ff88000038ff870301011154584375727272656e63794f757470757401ff88000102010556616c7565010800010a5075624b657948617368010a000000ff81ff8c01fcb678b38e01010120e18e8d1d30aef25877d668a75857ad4eaf62588eb573688f293fec374d43210e01f82a7c25f96a35e4e00301020100010101fe24400114c24606e1bb4049ff1b35d832a884540cfc331df10000022000007ee935a3dd2cde4ec4a61e34d134f6ab9b3e26e26e1b4d34d11d3ebcbf9601fd03850e00'),('00007f6e7abff7f3b5f4a0ab271f25242865542e23e9861c1a6174766c2cfa1a','63ff8b03010105426c6f636b01ff8c000106010954696d657374616d70010400010c5472616e73616374696f6e7301ff8e00010d50726576426c6f636b48617368010a00010448617368010a0001054e6f6e63650104000106486569676874010400000027ff8d020101185b5d737472756374757265732e5472616e73616374696f6e01ff8e0001ff82000066ff810301010b5472616e73616374696f6e01ff8200010701024944010a00010454696d6501040001095369676e6174757265010a00010842795075624b6579010a00010356696e01ff86000104566f757401ff8a00010a53514c436f6d6d616e64010a0000002bff850201011c5b5d737472756374757265732e545843757272656e6379496e70757401ff860001ff8400002fff830301010f545843757272656e6379496e70757401ff84000102010454786964010a000104566f757401040000002dff890201011e5b5d737472756374757265732e54584375727272656e63794f757470757401ff8a0001ff88000038ff870301011154584375727272656e63794f757470757401ff88000102010556616c7565010800010a5075624b657948617368010a000000fe02c1ff8c01fcb678b3a401030120617b06ddda7bf3697a549147c343ebd016490a83c1f46cb6f95e3a386362820d01f82a7c25fe3649d420014050c769693c0120be2ab744653cf365c6f9094a4e729578ce7f0c0ca2b542a19b9c5e53a11a889cae1a4595a6147e99462710d7ae060eb10eef3e4c191b4b63880140d8c20df18bfbeb82ee8477a07c72aee52d3789aa64ff9796b2d173cd96b6b70b97e16860ceb02027e9a7223ecb5ab1f06e281f6862a221dc9ab533d6879465d7010101208f043b1db8dfa40b6e13ec17581c5fa0b6ae802ac408199d4c485ad8a1009fd70102000102014001141d11ae55438dc0b48f7b450411c3a91fdd5ae99d0001fe1c400114c24606e1bb4049ff1b35d832a884540cfc331df1000001201633b5c97ada62ebf68d2062eb09efe434203a6f89fabb35db72948da80cc6b001f82a7c25fe3fa22c380140a6cb05a29186b5ca3a6bc79841d023c570ea98f1a78a9de9fda7f176f7a5cfa698d9b312fd97098b765a760ad22e3fe408a211865210d62e32cdca642e7db5d40140d8c20df18bfbeb82ee8477a07c72aee52d3789aa64ff9796b2d173cd96b6b70b97e16860ceb02027e9a7223ecb5ab1f06e281f6862a221dc9ab533d6879465d7010101205a7add64f34cb20d8cfd3705d53f1872a01054c474ba28e54d9bdbd5cbf2964e00010201fe084001141d11ae55438dc0b48f7b450411c3a91fdd5ae99d0001fe1c400114c24606e1bb4049ff1b35d832a884540cfc331df100000120aed615f48670489402fea74150b9f4913199f83cf884234718c904a16fe7876001f82a7c25fe4b470d800301020100010101fe24400114c24606e1bb4049ff1b35d832a884540cfc331df10000012000006560da598d32ac13078a28d72f6c3b828df0c4bd97e3fd8dc1b6f310d7e8012000007f6e7abff7f3b5f4a0ab271f25242865542e23e9861c1a6174766c2cfa1a01fd018c3a010400'),('0000c026fd6f368f73ead7ab2ac995dc176b23c310396b0caad929c6808857da','63ff8b03010105426c6f636b01ff8c000106010954696d657374616d70010400010c5472616e73616374696f6e7301ff8e00010d50726576426c6f636b48617368010a00010448617368010a0001054e6f6e63650104000106486569676874010400000027ff8d020101185b5d737472756374757265732e5472616e73616374696f6e01ff8e0001ff82000066ff810301010b5472616e73616374696f6e01ff8200010701024944010a00010454696d6501040001095369676e6174757265010a00010842795075624b6579010a00010356696e01ff86000104566f757401ff8a00010a53514c436f6d6d616e64010a0000002bff850201011c5b5d737472756374757265732e545843757272656e6379496e70757401ff860001ff8400002fff830301010f545843757272656e6379496e70757401ff84000102010454786964010a000104566f757401040000002dff890201011e5b5d737472756374757265732e54584375727272656e63794f757470757401ff8a0001ff88000038ff870301011154584375727272656e63794f757470757401ff88000102010556616c7565010800010a5075624b657948617368010a000000fe06bcff8c01fcb678b3c0010601209ad4771a8597ae58b30e70cff6bdc7a13f5cc4a421cd952e08a0d7486e827c1201f82a7c2604b1ae3cde0140763b98ace73059dd4628b864c5794d8626a53d317220418695e764eb7575d77ecb7e738d9c891a6afa7c5942e4f5c4772a1787e95f82bfc6a93d04f89b2563040140d8c20df18bfbeb82ee8477a07c72aee52d3789aa64ff9796b2d173cd96b6b70b97e16860ceb02027e9a7223ecb5ab1f06e281f6862a221dc9ab533d6879465d7010201202de2a3702a945d7905063a6a142402042fdcfdb5fddce2e843d8327ec760db2501020001209ac37a5718b2b0b87403964e5d5434f3e2f9950b8f6de54be67951d3ea2c780f00010201f87f9a200b4de9833f01149bf6ad413ae0784ef106837fff1b7fce5341387f0001f880ccbf0aaec1143f0114c24606e1bb4049ff1b35d832a884540cfc331df100000120b142797162af459447a67869ea15f1a000d262b07058dc799b28d78a95e1ce4401f82a7c2604bae732be0140852b642e64f2506e42835382ca0a51e1ef779c23f75cd2b5516581c2d58536dc58c5155e235d9b0b4192794b7c34f4f9f5e97fdaf5ebc3011eff6c42c02da2b50140d29d8a44bfcb71e174ff8874e143de365159244114c541c71b377b94b9bb8e5caef2e1c0b79a98e76f70f07b8b0730c0dd40d1638ab6471dea6782a9f6509c5f0102012051b0c729bde55fa52eef3972cefbe4ff02be5e9526fb27ec791efb8c2eb37c7c01020001202de2a3702a945d7905063a6a142402042fdcfdb5fddce2e843d8327ec760db2500010201f822dfc6e20e06843f01141d11ae55438dc0b48f7b450411c3a91fdd5ae99d0001f860c25596cf8f423f01149bf6ad413ae0784ef106837fff1b7fce5341387f00000120e645aed9bfea0b6a70e5bf1d6be9094ebe874fad78114eb0b26459845d61664801f82a7c2604c2df6a200140e53f486cae780c79a0392b9c20986ddac3847396bd0fe29a67641bbe56385c88b4cd1844b68f35ea32e3301f990def4924dc348cdc80bc77855926e595eaed550140dfd3892b031a46f4ae25d36fa2297767f3409dc0765a26432f927d32dd9d9c9a5a36cc98151ef675a95fe5487b0674c2b74940c7042db734d6b85756224b510901020120c8b880c8827dbeedb5875c9e00452f63b0f4fcb45aed38de1df35316fa5d41cb010200012051b0c729bde55fa52eef3972cefbe4ff02be5e9526fb27ec791efb8c2eb37c7c00010201f8156e1a57339d833f0114c24606e1bb4049ff1b35d832a884540cfc331df10001f84056cd3999342d3f01141d11ae55438dc0b48f7b450411c3a91fdd5ae99d00000120bc0f9ea7efa78a13681aca75fe6fb2c1d91a2ab1d2cdd27b8be49717dba66e3001f82a7c2604cad7b8da01407bd9cc79b1a4291deda06888abc045d46132b89c6c5f344367d1632260938ec87f58c8da9d531afb0542a8e09decbea01f48e79d8356c3af77a5a5779e1f10080140dfd3892b031a46f4ae25d36fa2297767f3409dc0765a26432f927d32dd9d9c9a5a36cc98151ef675a95fe5487b0674c2b74940c7042db734d6b85756224b5109010101209ac37a5718b2b0b87403964e5d5434f3e2f9950b8f6de54be67951d3ea2c780f010200010201f8e29498eb5d51843f0114c24606e1bb4049ff1b35d832a884540cfc331df10001f8783183e79486ff3f01141d11ae55438dc0b48f7b450411c3a91fdd5ae99d00000120b986603fe37803b016dce87850d446b9f8f103b29c549a914f71cba2d22b5b6c01f82a7c2604d2ecb78c0140c8715f20be712875dd7051e215b3e8265088580ce9da30b69011c86b920f56b7d2f60e8dd728271dc8c6738c410f0d2ff61ddc5d1a416d168e03e6860f608c280140d8c20df18bfbeb82ee8477a07c72aee52d3789aa64ff9796b2d173cd96b6b70b97e16860ceb02027e9a7223ecb5ab1f06e281f6862a221dc9ab533d6879465d701020120c8b880c8827dbeedb5875c9e00452f63b0f4fcb45aed38de1df35316fa5d41cb0001203ff95926ef9b1d0b2511df043882e86e4ab7767030fd03ecaf4eb9b07266d557010200010201f8e29498eb5d51843f01149bf6ad413ae0784ef106837fff1b7fce5341387f0001f81cc0d7e79cf51b400114c24606e1bb4049ff1b35d832a884540cfc331df100000120ac35f800ac4ea598541cb03b44447c1556d1e0e090c3885d5da1517be8fb168301f82a7c2604e5ed2caa0301020100010101fe24400114c24606e1bb4049ff1b35d832a884540cfc331df10000012000005fc7a734a7b4efb18055197aeb8787d7ef0e90b44667283bcbf5ea2f21aa01200000c026fd6f368f73ead7ab2ac995dc176b23c310396b0caad929c6808857da01fee150010a00'),('66','00007ee935a3dd2cde4ec4a61e34d134f6ab9b3e26e26e1b4d34d11d3ebcbf96'),('6c','0000c026fd6f368f73ead7ab2ac995dc176b23c310396b0caad929c6808857da');

/*!40000 ALTER TABLE blocks ENABLE KEYS */;
UNLOCK TABLES;

--
-- Table structure for table nodes
--

DROP TABLE IF EXISTS nodes;
/*!40101 SET @saved_cs_client     = @@character_set_client */;
/*!40101 SET character_set_client = utf8 */;
CREATE TABLE `nodes` (
  `k` varbinary(100) NOT NULL,
  `v` varbinary(200) DEFAULT NULL,
  PRIMARY KEY (`k`)
) ENGINE=InnoDB DEFAULT CHARSET=latin1;
/*!40101 SET character_set_client = @saved_cs_client */;
--
-- Dumping data for table nodes
--

LOCK TABLES nodes WRITE;
/*!40000 ALTER TABLE nodes DISABLE KEYS */;

/*!40000 ALTER TABLE nodes ENABLE KEYS */;
UNLOCK TABLES;

--
-- Table structure for table transactions
--

DROP TABLE IF EXISTS transactions;
/*!40101 SET @saved_cs_client     = @@character_set_client */;
/*!40101 SET character_set_client = utf8 */;
CREATE TABLE `transactions` (
  `k` varbinary(100) NOT NULL,
  `v` blob,
  PRIMARY KEY (`k`)
) ENGINE=InnoDB DEFAULT CHARSET=latin1;
/*!40101 SET character_set_client = @saved_cs_client */;
--
-- Dumping data for table transactions
--

LOCK TABLES transactions WRITE;
/*!40000 ALTER TABLE transactions DISABLE KEYS */;

INSERT INTO transactions VALUES ('0c3a64013849b30ec69094d8fcac0fe11adb1d204a6dc4d3f511659c2e073987','0cff8f020102ff9000010a000025ff90000120000045298333888c569ec2427f158985bc59b1772c2a04117a3db571364f5eb5'),('1633b5c97ada62ebf68d2062eb09efe434203a6f89fabb35db72948da80cc6b0','0cff8f020102ff9000010a000025ff9000012000007f6e7abff7f3b5f4a0ab271f25242865542e23e9861c1a6174766c2cfa1a'),('1c9b076eb203aebe11db9e2b2ae5bb45444b21cab7e0113c320e5deab50833b6','0cff8f020102ff9000010a000025ff90000120000045298333888c569ec2427f158985bc59b1772c2a04117a3db571364f5eb5'),('2de2a3702a945d7905063a6a142402042fdcfdb5fddce2e843d8327ec760db25','0cff8f020102ff9000010a000025ff9000012000005fc7a734a7b4efb18055197aeb8787d7ef0e90b44667283bcbf5ea2f21aa'),('3ff95926ef9b1d0b2511df043882e86e4ab7767030fd03ecaf4eb9b07266d557','0cff8f020102ff9000010a000025ff90000120000045298333888c569ec2427f158985bc59b1772c2a04117a3db571364f5eb5'),('51b0c729bde55fa52eef3972cefbe4ff02be5e9526fb27ec791efb8c2eb37c7c','0cff8f020102ff9000010a000025ff9000012000005fc7a734a7b4efb18055197aeb8787d7ef0e90b44667283bcbf5ea2f21aa'),('5a7add64f34cb20d8cfd3705d53f1872a01054c474ba28e54d9bdbd5cbf2964e','0cff8f020102ff9000010a000025ff9000012000006560da598d32ac13078a28d72f6c3b828df0c4bd97e3fd8dc1b6f310d7e8'),('617b06ddda7bf3697a549147c343ebd016490a83c1f46cb6f95e3a386362820d','0cff8f020102ff9000010a000025ff9000012000007f6e7abff7f3b5f4a0ab271f25242865542e23e9861c1a6174766c2cfa1a'),('8f043b1db8dfa40b6e13ec17581c5fa0b6ae802ac408199d4c485ad8a1009fd7','0cff8f020102ff9000010a000025ff9000012000006560da598d32ac13078a28d72f6c3b828df0c4bd97e3fd8dc1b6f310d7e8'),('9ac37a5718b2b0b87403964e5d5434f3e2f9950b8f6de54be67951d3ea2c780f','0cff8f020102ff9000010a000025ff9000012000005fc7a734a7b4efb18055197aeb8787d7ef0e90b44667283bcbf5ea2f21aa'),('9ad4771a8597ae58b30e70cff6bdc7a13f5cc4a421cd952e08a0d7486e827c12','0cff8f020102ff9000010a000025ff900001200000c026fd6f368f73ead7ab2ac995dc176b23c310396b0caad929c6808857da'),('ac35f800ac4ea598541cb03b44447c1556d1e0e090c3885d5da1517be8fb1683','0cff8f020102ff9000010a000025ff900001200000c026fd6f368f73ead7ab2ac995dc176b23c310396b0caad929c6808857da'),('aed615f48670489402fea74150b9f4913199f83cf884234718c904a16fe78760','0cff8f020102ff9000010a000025ff9000012000007f6e7abff7f3b5f4a0ab271f25242865542e23e9861c1a6174766c2cfa1a'),('b142797162af459447a67869ea15f1a000d262b07058dc799b28d78a95e1ce44','0cff8f020102ff9000010a000025ff900001200000c026fd6f368f73ead7ab2ac995dc176b23c310396b0caad929c6808857da'),('b986603fe37803b016dce87850d446b9f8f103b29c549a914f71cba2d22b5b6c','0cff8f020102ff9000010a000025ff900001200000c026fd6f368f73ead7ab2ac995dc176b23c310396b0caad929c6808857da'),('ba7976eee71ce3353ab5b4f141f7ce787bcf8197526698d37859c9f9417a023c','0cff8f020102ff9000010a000025ff90000120000045298333888c569ec2427f158985bc59b1772c2a04117a3db571364f5eb5'),('bc0f9ea7efa78a13681aca75fe6fb2c1d91a2ab1d2cdd27b8be49717dba66e30','0cff8f020102ff9000010a000025ff900001200000c026fd6f368f73ead7ab2ac995dc176b23c310396b0caad929c6808857da'),('c8b880c8827dbeedb5875c9e00452f63b0f4fcb45aed38de1df35316fa5d41cb','0cff8f020102ff9000010a000025ff9000012000005fc7a734a7b4efb18055197aeb8787d7ef0e90b44667283bcbf5ea2f21aa'),('e18e8d1d30aef25877d668a75857ad4eaf62588eb573688f293fec374d43210e','0cff8f020102ff9000010a000025ff9000012000007ee935a3dd2cde4ec4a61e34d134f6ab9b3e26e26e1b4d34d11d3ebcbf96'),('e645aed9bfea0b6a70e5bf1d6be9094ebe874fad78114eb0b26459845d616648','0cff8f020102ff9000010a000025ff900001200000c026fd6f368f73ead7ab2ac995dc176b23c310396b0caad929c6808857da'),('f704bdbf8c1bd2654b4b88d8d9cb8cb4c0117cc5bafa3e16dfc1e87ea3bf29f0','0cff8f020102ff9000010a000025ff9000012000005fc7a734a7b4efb18055197aeb8787d7ef0e90b44667283bcbf5ea2f21aa');

/*!40000 ALTER TABLE transactions ENABLE KEYS */;
UNLOCK TABLES;

--
-- Table structure for table transactionsoutputs
--

DROP TABLE IF EXISTS transactionsoutputs;
/*!40101 SET @saved_cs_client     = @@character_set_client */;
/*!40101 SET character_set_client = utf8 */;
CREATE TABLE `transactionsoutputs` (
  `k` varbinary(100) NOT NULL,
  `v` blob,
  PRIMARY KEY (`k`)
) ENGINE=InnoDB DEFAULT CHARSET=latin1;
/*!40101 SET character_set_client = @saved_cs_client */;
--
-- Dumping data for table transactionsoutputs
--

LOCK TABLES transactionsoutputs WRITE;
/*!40000 ALTER TABLE transactionsoutputs DISABLE KEYS */;

INSERT INTO transactionsoutputs VALUES ('1c9b076eb203aebe11db9e2b2ae5bb45444b21cab7e0113c320e5deab50833b6','0dff93020102ff940001ff9200005eff910301011d5472616e73616374696f6e73496e6465785370656e744f75747075747301ff9200010401064f7574496e64010400010b5458576865726555736564010a000105496e496e640104000109426c6f636b48617368010a000000ff90ff94000202202de2a3702a945d7905063a6a142402042fdcfdb5fddce2e843d8327ec760db25022000005fc7a734a7b4efb18055197aeb8787d7ef0e90b44667283bcbf5ea2f21aa00010201209ac37a5718b2b0b87403964e5d5434f3e2f9950b8f6de54be67951d3ea2c780f022000005fc7a734a7b4efb18055197aeb8787d7ef0e90b44667283bcbf5ea2f21aa00'),('2de2a3702a945d7905063a6a142402042fdcfdb5fddce2e843d8327ec760db25','0dff93020102ff940001ff9200005eff910301011d5472616e73616374696f6e73496e6465785370656e744f75747075747301ff9200010401064f7574496e64010400010b5458576865726555736564010a000105496e496e640104000109426c6f636b48617368010a000000ff92ff940002010201209ad4771a8597ae58b30e70cff6bdc7a13f5cc4a421cd952e08a0d7486e827c1202200000c026fd6f368f73ead7ab2ac995dc176b23c310396b0caad929c6808857da000220b142797162af459447a67869ea15f1a000d262b07058dc799b28d78a95e1ce44010201200000c026fd6f368f73ead7ab2ac995dc176b23c310396b0caad929c6808857da00'),('3ff95926ef9b1d0b2511df043882e86e4ab7767030fd03ecaf4eb9b07266d557','0dff93020102ff940001ff9200005eff910301011d5472616e73616374696f6e73496e6465785370656e744f75747075747301ff9200010401064f7574496e64010400010b5458576865726555736564010a000105496e496e640104000109426c6f636b48617368010a000000ff92ff940002022051b0c729bde55fa52eef3972cefbe4ff02be5e9526fb27ec791efb8c2eb37c7c022000005fc7a734a7b4efb18055197aeb8787d7ef0e90b44667283bcbf5ea2f21aa0001020120b986603fe37803b016dce87850d446b9f8f103b29c549a914f71cba2d22b5b6c010201200000c026fd6f368f73ead7ab2ac995dc176b23c310396b0caad929c6808857da00'),('51b0c729bde55fa52eef3972cefbe4ff02be5e9526fb27ec791efb8c2eb37c7c','0dff93020102ff940001ff9200005eff910301011d5472616e73616374696f6e73496e6465785370656e744f75747075747301ff9200010401064f7574496e64010400010b5458576865726555736564010a000105496e496e640104000109426c6f636b48617368010a000000ff92ff94000201020120b142797162af459447a67869ea15f1a000d262b07058dc799b28d78a95e1ce4402200000c026fd6f368f73ead7ab2ac995dc176b23c310396b0caad929c6808857da000220e645aed9bfea0b6a70e5bf1d6be9094ebe874fad78114eb0b26459845d616648010201200000c026fd6f368f73ead7ab2ac995dc176b23c310396b0caad929c6808857da00'),('5a7add64f34cb20d8cfd3705d53f1872a01054c474ba28e54d9bdbd5cbf2964e','0dff93020102ff940001ff9200005eff910301011d5472616e73616374696f6e73496e6465785370656e744f75747075747301ff9200010401064f7574496e64010400010b5458576865726555736564010a000105496e496e640104000109426c6f636b48617368010a00000049ff94000102201633b5c97ada62ebf68d2062eb09efe434203a6f89fabb35db72948da80cc6b0022000007f6e7abff7f3b5f4a0ab271f25242865542e23e9861c1a6174766c2cfa1a00'),('617b06ddda7bf3697a549147c343ebd016490a83c1f46cb6f95e3a386362820d','0dff93020102ff940001ff9200005eff910301011d5472616e73616374696f6e73496e6465785370656e744f75747075747301ff9200010401064f7574496e64010400010b5458576865726555736564010a000105496e496e640104000109426c6f636b48617368010a000000ff90ff940002010201203ff95926ef9b1d0b2511df043882e86e4ab7767030fd03ecaf4eb9b07266d5570220000045298333888c569ec2427f158985bc59b1772c2a04117a3db571364f5eb50002201c9b076eb203aebe11db9e2b2ae5bb45444b21cab7e0113c320e5deab50833b60220000045298333888c569ec2427f158985bc59b1772c2a04117a3db571364f5eb500'),('8f043b1db8dfa40b6e13ec17581c5fa0b6ae802ac408199d4c485ad8a1009fd7','0dff93020102ff940001ff9200005eff910301011d5472616e73616374696f6e73496e6465785370656e744f75747075747301ff9200010401064f7574496e64010400010b5458576865726555736564010a000105496e496e640104000109426c6f636b48617368010a000000ff90ff94000201020120617b06ddda7bf3697a549147c343ebd016490a83c1f46cb6f95e3a386362820d022000007f6e7abff7f3b5f4a0ab271f25242865542e23e9861c1a6174766c2cfa1a000220ba7976eee71ce3353ab5b4f141f7ce787bcf8197526698d37859c9f9417a023c0220000045298333888c569ec2427f158985bc59b1772c2a04117a3db571364f5eb500'),('9ac37a5718b2b0b87403964e5d5434f3e2f9950b8f6de54be67951d3ea2c780f','0dff93020102ff940001ff9200005eff910301011d5472616e73616374696f6e73496e6465785370656e744f75747075747301ff9200010401064f7574496e64010400010b5458576865726555736564010a000105496e496e640104000109426c6f636b48617368010a000000ff92ff94000202209ad4771a8597ae58b30e70cff6bdc7a13f5cc4a421cd952e08a0d7486e827c12010201200000c026fd6f368f73ead7ab2ac995dc176b23c310396b0caad929c6808857da0001020120bc0f9ea7efa78a13681aca75fe6fb2c1d91a2ab1d2cdd27b8be49717dba66e3002200000c026fd6f368f73ead7ab2ac995dc176b23c310396b0caad929c6808857da00'),('ba7976eee71ce3353ab5b4f141f7ce787bcf8197526698d37859c9f9417a023c','0dff93020102ff940001ff9200005eff910301011d5472616e73616374696f6e73496e6465785370656e744f75747075747301ff9200010401064f7574496e64010400010b5458576865726555736564010a000105496e496e640104000109426c6f636b48617368010a00000049ff9400010220c8b880c8827dbeedb5875c9e00452f63b0f4fcb45aed38de1df35316fa5d41cb022000005fc7a734a7b4efb18055197aeb8787d7ef0e90b44667283bcbf5ea2f21aa00'),('c8b880c8827dbeedb5875c9e00452f63b0f4fcb45aed38de1df35316fa5d41cb','0dff93020102ff940001ff9200005eff910301011d5472616e73616374696f6e73496e6465785370656e744f75747075747301ff9200010401064f7574496e64010400010b5458576865726555736564010a000105496e496e640104000109426c6f636b48617368010a000000ff90ff94000201020120e645aed9bfea0b6a70e5bf1d6be9094ebe874fad78114eb0b26459845d61664802200000c026fd6f368f73ead7ab2ac995dc176b23c310396b0caad929c6808857da000220b986603fe37803b016dce87850d446b9f8f103b29c549a914f71cba2d22b5b6c02200000c026fd6f368f73ead7ab2ac995dc176b23c310396b0caad929c6808857da00'),('e18e8d1d30aef25877d668a75857ad4eaf62588eb573688f293fec374d43210e','0dff93020102ff940001ff9200005eff910301011d5472616e73616374696f6e73496e6465785370656e744f75747075747301ff9200010401064f7574496e64010400010b5458576865726555736564010a000105496e496e640104000109426c6f636b48617368010a00000049ff94000102208f043b1db8dfa40b6e13ec17581c5fa0b6ae802ac408199d4c485ad8a1009fd7022000006560da598d32ac13078a28d72f6c3b828df0c4bd97e3fd8dc1b6f310d7e800');

/*!40000 ALTER TABLE transactionsoutputs ENABLE KEYS */;
UNLOCK TABLES;

--
-- Table structure for table unapprovedtransactions
--

DROP TABLE IF EXISTS unapprovedtransactions;
/*!40101 SET @saved_cs_client     = @@character_set_client */;
/*!40101 SET character_set_client = utf8 */;
CREATE TABLE `unapprovedtransactions` (
  `k` varbinary(100) NOT NULL,
  `v` longblob,
  PRIMARY KEY (`k`)
) ENGINE=InnoDB DEFAULT CHARSET=latin1;
/*!40101 SET character_set_client = @saved_cs_client */;
--
-- Dumping data for table unapprovedtransactions
--

LOCK TABLES unapprovedtransactions WRITE;
/*!40000 ALTER TABLE unapprovedtransactions DISABLE KEYS */;

/*!40000 ALTER TABLE unapprovedtransactions ENABLE KEYS */;
UNLOCK TABLES;

--
-- Table structure for table unspentoutputstransactions
--

DROP TABLE IF EXISTS unspentoutputstransactions;
/*!40101 SET @saved_cs_client     = @@character_set_client */;
/*!40101 SET character_set_client = utf8 */;
CREATE TABLE `unspentoutputstransactions` (
  `k` varbinary(100) NOT NULL,
  `v` longblob,
  PRIMARY KEY (`k`)
) ENGINE=InnoDB DEFAULT CHARSET=latin1;
/*!40101 SET character_set_client = @saved_cs_client */;
--
-- Dumping data for table unspentoutputstransactions
--

LOCK TABLES unspentoutputstransactions WRITE;
/*!40000 ALTER TABLE unspentoutputstransactions DISABLE KEYS */;

INSERT INTO unspentoutputstransactions VALUES ('0c3a64013849b30ec69094d8fcac0fe11adb1d204a6dc4d3f511659c2e073987','0dff97020102ff980001ff9600007eff950301011354584f7574707574496e646570656e64656e7401ff96000107010556616c7565010800010e446573745075624b657948617368010a00010e53656e645075624b657948617368010a00010454584944010a0001064f496e64657801040001064973426173650102000109426c6f636b48617368010a00000065ff98000101fe24400114c24606e1bb4049ff1b35d832a884540cfc331df102200c3a64013849b30ec69094d8fcac0fe11adb1d204a6dc4d3f511659c2e07398702010120000045298333888c569ec2427f158985bc59b1772c2a04117a3db571364f5eb500'),('1633b5c97ada62ebf68d2062eb09efe434203a6f89fabb35db72948da80cc6b0','0dff97020102ff980001ff9600007eff950301011354584f7574707574496e646570656e64656e7401ff96000107010556616c7565010800010e446573745075624b657948617368010a00010e53656e645075624b657948617368010a00010454584944010a0001064f496e64657801040001064973426173650102000109426c6f636b48617368010a000000fff0ff98000201fe084001141d11ae55438dc0b48f7b450411c3a91fdd5ae99d0114c24606e1bb4049ff1b35d832a884540cfc331df101201633b5c97ada62ebf68d2062eb09efe434203a6f89fabb35db72948da80cc6b0032000007f6e7abff7f3b5f4a0ab271f25242865542e23e9861c1a6174766c2cfa1a0001fe1c400114c24606e1bb4049ff1b35d832a884540cfc331df10114c24606e1bb4049ff1b35d832a884540cfc331df101201633b5c97ada62ebf68d2062eb09efe434203a6f89fabb35db72948da80cc6b00102022000007f6e7abff7f3b5f4a0ab271f25242865542e23e9861c1a6174766c2cfa1a00'),('9ad4771a8597ae58b30e70cff6bdc7a13f5cc4a421cd952e08a0d7486e827c12','0dff97020102ff980001ff9600007eff950301011354584f7574707574496e646570656e64656e7401ff96000107010556616c7565010800010e446573745075624b657948617368010a00010e53656e645075624b657948617368010a00010454584944010a0001064f496e64657801040001064973426173650102000109426c6f636b48617368010a000000fffcff98000201f87f9a200b4de9833f01149bf6ad413ae0784ef106837fff1b7fce5341387f0114c24606e1bb4049ff1b35d832a884540cfc331df101209ad4771a8597ae58b30e70cff6bdc7a13f5cc4a421cd952e08a0d7486e827c1203200000c026fd6f368f73ead7ab2ac995dc176b23c310396b0caad929c6808857da0001f880ccbf0aaec1143f0114c24606e1bb4049ff1b35d832a884540cfc331df10114c24606e1bb4049ff1b35d832a884540cfc331df101209ad4771a8597ae58b30e70cff6bdc7a13f5cc4a421cd952e08a0d7486e827c12010202200000c026fd6f368f73ead7ab2ac995dc176b23c310396b0caad929c6808857da00'),('ac35f800ac4ea598541cb03b44447c1556d1e0e090c3885d5da1517be8fb1683','0dff97020102ff980001ff9600007eff950301011354584f7574707574496e646570656e64656e7401ff96000107010556616c7565010800010e446573745075624b657948617368010a00010e53656e645075624b657948617368010a00010454584944010a0001064f496e64657801040001064973426173650102000109426c6f636b48617368010a00000065ff98000101fe24400114c24606e1bb4049ff1b35d832a884540cfc331df10220ac35f800ac4ea598541cb03b44447c1556d1e0e090c3885d5da1517be8fb1683020101200000c026fd6f368f73ead7ab2ac995dc176b23c310396b0caad929c6808857da00'),('aed615f48670489402fea74150b9f4913199f83cf884234718c904a16fe78760','0dff97020102ff980001ff9600007eff950301011354584f7574707574496e646570656e64656e7401ff96000107010556616c7565010800010e446573745075624b657948617368010a00010e53656e645075624b657948617368010a00010454584944010a0001064f496e64657801040001064973426173650102000109426c6f636b48617368010a00000065ff98000101fe24400114c24606e1bb4049ff1b35d832a884540cfc331df10220aed615f48670489402fea74150b9f4913199f83cf884234718c904a16fe787600201012000007f6e7abff7f3b5f4a0ab271f25242865542e23e9861c1a6174766c2cfa1a00'),('b142797162af459447a67869ea15f1a000d262b07058dc799b28d78a95e1ce44','0dff97020102ff980001ff9600007eff950301011354584f7574707574496e646570656e64656e7401ff96000107010556616c7565010800010e446573745075624b657948617368010a00010e53656e645075624b657948617368010a00010454584944010a0001064f496e64657801040001064973426173650102000109426c6f636b48617368010a000000fffcff98000201f822dfc6e20e06843f01141d11ae55438dc0b48f7b450411c3a91fdd5ae99d01149bf6ad413ae0784ef106837fff1b7fce5341387f0120b142797162af459447a67869ea15f1a000d262b07058dc799b28d78a95e1ce4403200000c026fd6f368f73ead7ab2ac995dc176b23c310396b0caad929c6808857da0001f860c25596cf8f423f01149bf6ad413ae0784ef106837fff1b7fce5341387f01149bf6ad413ae0784ef106837fff1b7fce5341387f0120b142797162af459447a67869ea15f1a000d262b07058dc799b28d78a95e1ce44010202200000c026fd6f368f73ead7ab2ac995dc176b23c310396b0caad929c6808857da00'),('b986603fe37803b016dce87850d446b9f8f103b29c549a914f71cba2d22b5b6c','0dff97020102ff980001ff9600007eff950301011354584f7574707574496e646570656e64656e7401ff96000107010556616c7565010800010e446573745075624b657948617368010a00010e53656e645075624b657948617368010a00010454584944010a0001064f496e64657801040001064973426173650102000109426c6f636b48617368010a000000fffcff98000201f8e29498eb5d51843f01149bf6ad413ae0784ef106837fff1b7fce5341387f0114c24606e1bb4049ff1b35d832a884540cfc331df10120b986603fe37803b016dce87850d446b9f8f103b29c549a914f71cba2d22b5b6c03200000c026fd6f368f73ead7ab2ac995dc176b23c310396b0caad929c6808857da0001f81cc0d7e79cf51b400114c24606e1bb4049ff1b35d832a884540cfc331df10114c24606e1bb4049ff1b35d832a884540cfc331df10120b986603fe37803b016dce87850d446b9f8f103b29c549a914f71cba2d22b5b6c010202200000c026fd6f368f73ead7ab2ac995dc176b23c310396b0caad929c6808857da00'),('ba7976eee71ce3353ab5b4f141f7ce787bcf8197526698d37859c9f9417a023c','0dff97020102ff980001ff9600007eff950301011354584f7574707574496e646570656e64656e7401ff96000107010556616c7565010800010e446573745075624b657948617368010a00010e53656e645075624b657948617368010a00010454584944010a0001064f496e64657801040001064973426173650102000109426c6f636b48617368010a000000ff81ff98000101f8ae47e17a14aeef3f01149bf6ad413ae0784ef106837fff1b7fce5341387f01149bf6ad413ae0784ef106837fff1b7fce5341387f0120ba7976eee71ce3353ab5b4f141f7ce787bcf8197526698d37859c9f9417a023c01020220000045298333888c569ec2427f158985bc59b1772c2a04117a3db571364f5eb500'),('bc0f9ea7efa78a13681aca75fe6fb2c1d91a2ab1d2cdd27b8be49717dba66e30','0dff97020102ff980001ff9600007eff950301011354584f7574707574496e646570656e64656e7401ff96000107010556616c7565010800010e446573745075624b657948617368010a00010e53656e645075624b657948617368010a00010454584944010a0001064f496e64657801040001064973426173650102000109426c6f636b48617368010a000000fffcff98000201f8e29498eb5d51843f0114c24606e1bb4049ff1b35d832a884540cfc331df101141d11ae55438dc0b48f7b450411c3a91fdd5ae99d0120bc0f9ea7efa78a13681aca75fe6fb2c1d91a2ab1d2cdd27b8be49717dba66e3003200000c026fd6f368f73ead7ab2ac995dc176b23c310396b0caad929c6808857da0001f8783183e79486ff3f01141d11ae55438dc0b48f7b450411c3a91fdd5ae99d01141d11ae55438dc0b48f7b450411c3a91fdd5ae99d0120bc0f9ea7efa78a13681aca75fe6fb2c1d91a2ab1d2cdd27b8be49717dba66e30010202200000c026fd6f368f73ead7ab2ac995dc176b23c310396b0caad929c6808857da00'),('e645aed9bfea0b6a70e5bf1d6be9094ebe874fad78114eb0b26459845d616648','0dff97020102ff980001ff9600007eff950301011354584f7574707574496e646570656e64656e7401ff96000107010556616c7565010800010e446573745075624b657948617368010a00010e53656e645075624b657948617368010a00010454584944010a0001064f496e64657801040001064973426173650102000109426c6f636b48617368010a000000fffcff98000201f8156e1a57339d833f0114c24606e1bb4049ff1b35d832a884540cfc331df101141d11ae55438dc0b48f7b450411c3a91fdd5ae99d0120e645aed9bfea0b6a70e5bf1d6be9094ebe874fad78114eb0b26459845d61664803200000c026fd6f368f73ead7ab2ac995dc176b23c310396b0caad929c6808857da0001f84056cd3999342d3f01141d11ae55438dc0b48f7b450411c3a91fdd5ae99d01141d11ae55438dc0b48f7b450411c3a91fdd5ae99d0120e645aed9bfea0b6a70e5bf1d6be9094ebe874fad78114eb0b26459845d616648010202200000c026fd6f368f73ead7ab2ac995dc176b23c310396b0caad929c6808857da00'),('f704bdbf8c1bd2654b4b88d8d9cb8cb4c0117cc5bafa3e16dfc1e87ea3bf29f0','0dff97020102ff980001ff9600007eff950301011354584f7574707574496e646570656e64656e7401ff96000107010556616c7565010800010e446573745075624b657948617368010a00010e53656e645075624b657948617368010a00010454584944010a0001064f496e64657801040001064973426173650102000109426c6f636b48617368010a00000065ff98000101fe24400114c24606e1bb4049ff1b35d832a884540cfc331df10220f704bdbf8c1bd2654b4b88d8d9cb8cb4c0117cc5bafa3e16dfc1e87ea3bf29f00201012000005fc7a734a7b4efb18055197aeb8787d7ef0e90b44667283bcbf5ea2f21aa00');

/*!40000 ALTER TABLE unspentoutputstransactions ENABLE KEYS */;
UNLOCK TABLES;

-- Dump completed on 2018-07-04 08:23:49.656383756 +0300 EEST m=+0.004835782
