-- Go SQL Dump 0.2.2
--
-- ------------------------------------------------------
-- Server version	5.7.22-0ubuntu0.16.04.1

/*!40101 SET @OLD_CHARACTER_SET_CLIENT=@@CHARACTER_SET_CLIENT */;
/*!40101 SET @OLD_CHARACTER_SET_RESULTS=@@CHARACTER_SET_RESULTS */;
/*!40101 SET @OLD_COLLATION_CONNECTION=@@COLLATION_CONNECTION */;
/*!40101 SET NAMES utf8 */;
/*!40103 SET @OLD_TIME_ZONE=@@TIME_ZONE */;
/*!40103 SET TIME_ZONE='+00:00' */;
/*!40014 SET @OLD_UNIQUE_CHECKS=@@UNIQUE_CHECKS, UNIQUE_CHECKS=0 */;
/*!40014 SET @OLD_FOREIGN_KEY_CHECKS=@@FOREIGN_KEY_CHECKS, FOREIGN_KEY_CHECKS=0 */;
/*!40101 SET @OLD_SQL_MODE=@@SQL_MODE, SQL_MODE='NO_AUTO_VALUE_ON_ZERO' */;
/*!40111 SET @OLD_SQL_NOTES=@@SQL_NOTES, SQL_NOTES=0 */;



--
-- Table structure for table blockchain
--

DROP TABLE IF EXISTS blockchain;
/*!40101 SET @saved_cs_client     = @@character_set_client */;
/*!40101 SET character_set_client = utf8 */;
CREATE TABLE `blockchain` (
  `k` varbinary(100) NOT NULL,
  `v` varbinary(300) DEFAULT NULL,
  PRIMARY KEY (`k`)
) ENGINE=InnoDB DEFAULT CHARSET=latin1;
/*!40101 SET character_set_client = @saved_cs_client */;
--
-- Dumping data for table blockchain
--

LOCK TABLES blockchain WRITE;
/*!40000 ALTER TABLE blockchain DISABLE KEYS */;

INSERT INTO blockchain VALUES ('000002a04c24a078f37d9fffdfc104eed88eb7306afafa284c02f7c06c00aadb','00000000000000000000000000000000000000000000000000000000000000000000d595bbb68f9bee22435a9b62375c149df24082a964088700b4b47c0aa457'),('00007083b37842aedaa6648cf1949068927d96a1a2ae4356c7e582a563c002df','0000b6b6f2634caae0c2c119e21737b8d995d4fb28d44ed1db0ae3d76471a48c0000c1591805f19bfd6e39c037f14f31636d88346eebffb0d7ed7cf02563d84a'),('000077b3adf93deba936915ef5f638c3a26b3d21762b95367f2f43ad1f78eca1','0000c1591805f19bfd6e39c037f14f31636d88346eebffb0d7ed7cf02563d84a0000000000000000000000000000000000000000000000000000000000000000'),('0000b6b6f2634caae0c2c119e21737b8d995d4fb28d44ed1db0ae3d76471a48c','0000d595bbb68f9bee22435a9b62375c149df24082a964088700b4b47c0aa45700007083b37842aedaa6648cf1949068927d96a1a2ae4356c7e582a563c002df'),('0000c1591805f19bfd6e39c037f14f31636d88346eebffb0d7ed7cf02563d84a','00007083b37842aedaa6648cf1949068927d96a1a2ae4356c7e582a563c002df000077b3adf93deba936915ef5f638c3a26b3d21762b95367f2f43ad1f78eca1'),('0000d595bbb68f9bee22435a9b62375c149df24082a964088700b4b47c0aa457','000002a04c24a078f37d9fffdfc104eed88eb7306afafa284c02f7c06c00aadb0000b6b6f2634caae0c2c119e21737b8d995d4fb28d44ed1db0ae3d76471a48c');

/*!40000 ALTER TABLE blockchain ENABLE KEYS */;
UNLOCK TABLES;

--
-- Table structure for table blocks
--

DROP TABLE IF EXISTS blocks;
/*!40101 SET @saved_cs_client     = @@character_set_client */;
/*!40101 SET character_set_client = utf8 */;
CREATE TABLE `blocks` (
  `k` varbinary(100) NOT NULL,
  `v` longblob,
  PRIMARY KEY (`k`)
) ENGINE=InnoDB DEFAULT CHARSET=latin1;
/*!40101 SET character_set_client = @saved_cs_client */;
--
-- Dumping data for table blocks
--

LOCK TABLES blocks WRITE;
/*!40000 ALTER TABLE blocks DISABLE KEYS */;

INSERT INTO blocks VALUES ('000002a04c24a078f37d9fffdfc104eed88eb7306afafa284c02f7c06c00aadb','63ff8b03010105426c6f636b01ff8c000106010954696d657374616d70010400010c5472616e73616374696f6e7301ff8e00010d50726576426c6f636b48617368010a00010448617368010a0001054e6f6e6365010400010648656967687401040000002fff8d020101215b5d737472756374757265732e5472616e73616374696f6e496e7465726661636501ff8e00011000006eff8c01fcb671fdec01011f2a737472756374757265732e43757272656e63795472616e73616374696f6eff810301011343757272656e63795472616e73616374696f6e01ff8200010401024944010a00010356696e01ff86000104566f757401ff8a00010454696d65010400000023ff85020101145b5d737472756374757265732e5458496e70757401ff860001ff84000040ff83030101075458496e70757401ff84000104010454786964010a000104566f757401040001095369676e6174757265010a0001065075624b6579010a00000024ff89020101155b5d737472756374757265732e54584f757470757401ff8a0001ff8800002fff870301010854584f757470757401ff88000102010556616c7565010800010a5075624b657948617368010a000000ff8aff8260012074b5b95756779d6b0da353d142462654f092f06c46b0922b200fcf179237b3a4010102010219736f6d6520737472696e672e20746869732069732054454d5000010101fe24400114fc2520ce36301d232579ec1f26b6c26999beaf2000000220000002a04c24a078f37d9fffdfc104eed88eb7306afafa284c02f7c06c00aadb01fed6a200'),('00007083b37842aedaa6648cf1949068927d96a1a2ae4356c7e582a563c002df','63ff8b03010105426c6f636b01ff8c000106010954696d657374616d70010400010c5472616e73616374696f6e7301ff8e00010d50726576426c6f636b48617368010a00010448617368010a0001054e6f6e6365010400010648656967687401040000002fff8d020101215b5d737472756374757265732e5472616e73616374696f6e496e7465726661636501ff8e00011000006eff8c01fcb671fe0c01041f2a737472756374757265732e43757272656e63795472616e73616374696f6eff810301011343757272656e63795472616e73616374696f6e01ff8200010401024944010a00010356696e01ff86000104566f757401ff8a00010454696d65010400000023ff85020101145b5d737472756374757265732e5458496e70757401ff860001ff84000040ff83030101075458496e70757401ff84000104010454786964010a000104566f757401040001095369676e6174757265010a0001065075624b6579010a00000024ff89020101155b5d737472756374757265732e54584f757470757401ff8a0001ff8800002fff870301010854584f757470757401ff88000102010556616c7565010800010a5075624b657948617368010a000000fe047dff82fe011c012019459a5801825cc8a0e089220fba6e2e625d66803bbadbebb771f325c87c74bc01010120764c55d994cdc90a386936460d8f090ac893f3ca0afdf49fcf3f41e41cc5329c010201400dd860a9fb2401ab3d28d2e07a851d36f21ab997b8197a050017915b96d62c3c4e0b58e7f4709d8fa81592d98acf1f7bab4a334616d876ce7767d1b34f30262401408fb684389dff9b83701386720af577f8eb371420fa223f4f31ece8ed9da9cf09ee88541b33463f6b4ed7956d303cc06130c79527e62a17bab6e4f8f093856bbc00010201f87b14ae47e17a843f01140d712697287c996f19d76ddfec6f51b0e85a0d690001f8f6285c8fc2f51b400114fc2520ce36301d232579ec1f26b6c26999beaf200001f82a7a9615b30d77c2001f2a737472756374757265732e43757272656e63795472616e73616374696f6eff82fe011a012068bc0f31294f4e123dc129bf1b455aaed974ae810baac931d9f78f193a60b0fb01010120e491e119a5f22cce5c4b75f89d44daba06b2c351cca6ca8be03b65726035b20d0240c354bcb6ea3422b0ccebdd175cabab4fcd1891bc86a299535feb72c59c95229820767325cb409bd275914520df25b4d126b88badd17ebc6810e2403761b71626014057baa2d7e435086b26da8533ce4ec6d16d3e1e0300da0c6a44055771a119a6bda2b58b76345ce5cbfae6358fa919258336a5f14758b21c12aa9ed6c1d117b1a100010201f87b14ae47e17a843f011498bf40e884ef8ac6a5f01e7b453da2c851d805d80001f8ae47e17a14aeef3f01140d712697287c996f19d76ddfec6f51b0e85a0d690001f82a7a9615be9c5646001f2a737472756374757265732e43757272656e63795472616e73616374696f6eff82fe011a01206b61f5ac17bd138dc6418b76f32d1c72127bf40f4f4e18abdd7445555b95556d01010120764c55d994cdc90a386936460d8f090ac893f3ca0afdf49fcf3f41e41cc5329c0240c24484a219b60fe2e2b7489af112173451cc2e5340afdb765c26ddb0a30b783ac09a1254f998d9a05709b282a66d8b14910d733e0fa08a504ea446928b99a23b0140b662627d55f32eacb2532bf433d5dd4839169badaa347bb6fd92697fe5db10712ec1898de2588fca2c6bf99cb838b134b1b00c31aef05771d2d9846ce0d1669600010201f87b14ae47e17a843f0114fc2520ce36301d232579ec1f26b6c26999beaf200001f8d7a3703d0ad7ff3f011498bf40e884ef8ac6a5f01e7b453da2c851d805d80001f82a7a9615c7a9e316001f2a737472756374757265732e43757272656e63795472616e73616374696f6eff826f0120d2fde7fe13ae2b64c135dde2c92f8d4c2de0e8b6a180c2a42b0d6dd8f437a4260101020102283538616631396561393338336132373432653766383938376336346235623962373661303230646600010101fe24400114fc2520ce36301d232579ec1f26b6c26999beaf20000001200000b6b6f2634caae0c2c119e21737b8d995d4fb28d44ed1db0ae3d76471a48c012000007083b37842aedaa6648cf1949068927d96a1a2ae4356c7e582a563c002df01fd0102d2010600'),('000077b3adf93deba936915ef5f638c3a26b3d21762b95367f2f43ad1f78eca1','63ff8b03010105426c6f636b01ff8c000106010954696d657374616d70010400010c5472616e73616374696f6e7301ff8e00010d50726576426c6f636b48617368010a00010448617368010a0001054e6f6e6365010400010648656967687401040000002fff8d020101215b5d737472756374757265732e5472616e73616374696f6e496e7465726661636501ff8e00011000006eff8c01fcb671fe2001061f2a737472756374757265732e43757272656e63795472616e73616374696f6eff810301011343757272656e63795472616e73616374696f6e01ff8200010401024944010a00010356696e01ff86000104566f757401ff8a00010454696d65010400000023ff85020101145b5d737472756374757265732e5458496e70757401ff860001ff84000040ff83030101075458496e70757401ff84000104010454786964010a000104566f757401040001095369676e6174757265010a0001065075624b6579010a00000024ff89020101155b5d737472756374757265732e54584f757470757401ff8a0001ff8800002fff870301010854584f757470757401ff88000102010556616c7565010800010a5075624b657948617368010a000000fe099eff82fe01c30120fed5309770943531dfd63a849d1e57f68b1c1f1af49654d28cdd8e146ffac9e501020120a0b3683f937ce095fae6560f0e322055dc8bbfcc2e4d0858c3776eada76626f3010201409c6a37c878ea0752f4a116df2cfd8e22329203e789aa15dc66a80d07b7629d2e1b8b140396f262d88fe03f4942c5e5cb14d33845735998671a032a2c76f9fecf01408fb684389dff9b83701386720af577f8eb371420fa223f4f31ece8ed9da9cf09ee88541b33463f6b4ed7956d303cc06130c79527e62a17bab6e4f8f093856bbc000120606fda51437a4b8a351ce8c75a94583138b68a65b3ff1cd69cacab004c372dab02403cac2362085100d615ffb48375445b49b5bc9c9a9afd936cf07ce58f37763caeffcecbf02cb8ffa4834b08b31829fe42bb5aa8f581437b82189da6fb5dbc0ccf01408fb684389dff9b83701386720af577f8eb371420fa223f4f31ece8ed9da9cf09ee88541b33463f6b4ed7956d303cc06130c79527e62a17bab6e4f8f093856bbc00010201f8775299410099833f01140d712697287c996f19d76ddfec6f51b0e85a0d690001f840616d8c9df0323f0114fc2520ce36301d232579ec1f26b6c26999beaf200001f82a7a961a1e7b3102001f2a737472756374757265732e43757272656e63795472616e73616374696f6eff82fe01c3012000046f7cde961358eb98bd339c363235cd87f174b01e262f86fc0a33d954ab890102012069a7e699e0f35516f39078f4e5cc141fc1a9f03a049b40d9d7ef64672311134e010201405243c862276797e6be3085c8ec6b38e48135a48b3bc23ed6ae517c8a12675deda5dabea723704b4cb21279d1ea4fd441756cd8e376069fbae2dd01381dc9747b014057baa2d7e435086b26da8533ce4ec6d16d3e1e0300da0c6a44055771a119a6bda2b58b76345ce5cbfae6358fa919258336a5f14758b21c12aa9ed6c1d117b1a1000120a0b3683f937ce095fae6560f0e322055dc8bbfcc2e4d0858c3776eada76626f30240c933f9007a023587024ede4c6af9d8df993cf810edee884a03c25a2df693bfcfbce8ccb78f4046fd978a49d9624d106e2187949d0f48f7fafa026a5d2eec78d2014057baa2d7e435086b26da8533ce4ec6d16d3e1e0300da0c6a44055771a119a6bda2b58b76345ce5cbfae6358fa919258336a5f14758b21c12aa9ed6c1d117b1a100010201f8483bc9b150c6833f011498bf40e884ef8ac6a5f01e7b453da2c851d805d80001f8a02dfdf09826313f01140d712697287c996f19d76ddfec6f51b0e85a0d690001f82a7a961a298c7390001f2a737472756374757265732e43757272656e63795472616e73616374696f6eff82fe01c30120b6079745b1ba195ee20fefc42bb7d44a89740fbf2ade00f4d16e0d5bdd3474ae010201209ba24b6459b50196fa1ae2912105692d9b7991ba107d4d97ea362796b8058df301020140499e3d0682f240fb3bce35b99d93e88551a60510522824e288390134eac190a7c9f3184794f47ca0dfe0250449341b8a3adaae6250e3a40080f6ed63b0f09d670140b662627d55f32eacb2532bf433d5dd4839169badaa347bb6fd92697fe5db10712ec1898de2588fca2c6bf99cb838b134b1b00c31aef05771d2d9846ce0d1669600012069a7e699e0f35516f39078f4e5cc141fc1a9f03a049b40d9d7ef64672311134e02402c0521723db814d8b9ae801bee069034b6d91b5e80ee5248a116b55cb2558a2a1e46fa0c791f08675ba57d8cae3d52b58ef8fadc4b4b4da8145f2dbeb93605c80140b662627d55f32eacb2532bf433d5dd4839169badaa347bb6fd92697fe5db10712ec1898de2588fca2c6bf99cb838b134b1b00c31aef05771d2d9846ce0d1669600010201f83799a729b80e843f0114fc2520ce36301d232579ec1f26b6c26999beaf200001f860269bbc1292363f011498bf40e884ef8ac6a5f01e7b453da2c851d805d80001f82a7a961a334e9098001f2a737472756374757265732e43757272656e63795472616e73616374696f6eff82fe011c0120b4a5a04841dd13dc19e27b788c850282b5f2831cc3c33981c65502a7d1f65ae401010120606fda51437a4b8a351ce8c75a94583138b68a65b3ff1cd69cacab004c372dab01020140574147441963a9f794ef0ed317d968ed8df50b87465d36d5abbf9f31b0ee7b484a54ef2dd30851092d0a5e406c0f865c31abde920be945a4fad5f93186fcbf2d0140b662627d55f32eacb2532bf433d5dd4839169badaa347bb6fd92697fe5db10712ec1898de2588fca2c6bf99cb838b134b1b00c31aef05771d2d9846ce0d1669600010201f871a94a5b5ce3833f0114fc2520ce36301d232579ec1f26b6c26999beaf200001f8dfdb36841188ff3f011498bf40e884ef8ac6a5f01e7b453da2c851d805d80001f82a7a961a3b47955c001f2a737472756374757265732e43757272656e63795472616e73616374696f6eff82fe01c3012001808f5f55709b6f89ec8be8b1327a6b988300bfad0e6838aa78736005f438f3010201209ba24b6459b50196fa1ae2912105692d9b7991ba107d4d97ea362796b8058df302409a86a16ea23fd39a36747d209742ad7cbb02f29eea5acfe1296cd49cf65c583c1dc7995b543dfc4e5f799739bf3f4e925bb9df0fdfa9875b04f2b22a149404b801408fb684389dff9b83701386720af577f8eb371420fa223f4f31ece8ed9da9cf09ee88541b33463f6b4ed7956d303cc06130c79527e62a17bab6e4f8f093856bbc00012019459a5801825cc8a0e089220fba6e2e625d66803bbadbebb771f325c87c74bc01020140844a3ea297f60958e664705904b2121c4db9a3b875b0d6c4a1d46af02c528d37b85758c88ae7972679ac3bb294cae6dffbe07fde689b3c65ad21e909cfcf693401408fb684389dff9b83701386720af577f8eb371420fa223f4f31ece8ed9da9cf09ee88541b33463f6b4ed7956d303cc06130c79527e62a17bab6e4f8f093856bbc00010201f871a94a5b5ce3833f01140d712697287c996f19d76ddfec6f51b0e85a0d690001f83f688709b4f51b400114fc2520ce36301d232579ec1f26b6c26999beaf200001f82a7a961a448a83a6001f2a737472756374757265732e43757272656e63795472616e73616374696f6eff826f01201290858d46141e2d2804a4a110497ebe1c48df919b7c484b7e55975e7c19dc2e0101020102283739616438613433393162663365353063353763373536333161333733373034323631303065663600010101fe24400114fc2520ce36301d232579ec1f26b6c26999beaf20000001200000c1591805f19bfd6e39c037f14f31636d88346eebffb0d7ed7cf02563d84a0120000077b3adf93deba936915ef5f638c3a26b3d21762b95367f2f43ad1f78eca101fe5186010a00'),('0000b6b6f2634caae0c2c119e21737b8d995d4fb28d44ed1db0ae3d76471a48c','63ff8b03010105426c6f636b01ff8c000106010954696d657374616d70010400010c5472616e73616374696f6e7301ff8e00010d50726576426c6f636b48617368010a00010448617368010a0001054e6f6e6365010400010648656967687401040000002fff8d020101215b5d737472756374757265732e5472616e73616374696f6e496e7465726661636501ff8e00011000006eff8c01fcb671fe0401031f2a737472756374757265732e43757272656e63795472616e73616374696f6eff810301011343757272656e63795472616e73616374696f6e01ff8200010401024944010a00010356696e01ff86000104566f757401ff8a00010454696d65010400000023ff85020101145b5d737472756374757265732e5458496e70757401ff860001ff84000040ff83030101075458496e70757401ff84000104010454786964010a000104566f757401040001095369676e6174757265010a0001065075624b6579010a00000024ff89020101155b5d737472756374757265732e54584f757470757401ff8a0001ff8800002fff870301010854584f757470757401ff88000102010556616c7565010800010a5075624b657948617368010a000000fe0323ff82fe010e0120764c55d994cdc90a386936460d8f090ac893f3ca0afdf49fcf3f41e41cc5329c01010120e491e119a5f22cce5c4b75f89d44daba06b2c351cca6ca8be03b65726035b20d01020140090d883c016073963b5134c1c8c1a0573b2bda3c2a4fa9c3c36f62b1c22b34c8996750b5414a606ab7b293a2a0a6d91039ace9f7c9b4ee8c5554a748916c901401408fb684389dff9b83701386720af577f8eb371420fa223f4f31ece8ed9da9cf09ee88541b33463f6b4ed7956d303cc06130c79527e62a17bab6e4f8f093856bbc0001020140011498bf40e884ef8ac6a5f01e7b453da2c851d805d80001fe1c400114fc2520ce36301d232579ec1f26b6c26999beaf200001f82a7a9613d0d943de001f2a737472756374757265732e43757272656e63795472616e73616374696f6eff82fe010e0120227ac88023d19eb8b998c71625a7d65f7e238acc2beb70a9fabf2d44f0610f5201010120ffe58398117c184312f7ba77eae67d30d7d0929a896630d89feaa381d633883e024041a38297581e61d806874ac3a3229d7cd84090095b0eb7c92aa15d338b47f422fe47b4dd8fd482a8dd85353783f73c28fbeb699651eed2b53548dc534d1937f501408fb684389dff9b83701386720af577f8eb371420fa223f4f31ece8ed9da9cf09ee88541b33463f6b4ed7956d303cc06130c79527e62a17bab6e4f8f093856bbc00010201fe0840011498bf40e884ef8ac6a5f01e7b453da2c851d805d80001fe1c400114fc2520ce36301d232579ec1f26b6c26999beaf200001f82a7a9613d8be08e8001f2a737472756374757265732e43757272656e63795472616e73616374696f6eff826f0120aede071faab8550ffd64c43696d55ea88201fd7ac71eeec0fd1c3afeb35701b20101020102283163383364363639666631353261633230393763623261646331376135346530343837633461656100010101fe24400114fc2520ce36301d232579ec1f26b6c26999beaf20000001200000d595bbb68f9bee22435a9b62375c149df24082a964088700b4b47c0aa45701200000b6b6f2634caae0c2c119e21737b8d995d4fb28d44ed1db0ae3d76471a48c01febc94010400'),('0000c1591805f19bfd6e39c037f14f31636d88346eebffb0d7ed7cf02563d84a','63ff8b03010105426c6f636b01ff8c000106010954696d657374616d70010400010c5472616e73616374696f6e7301ff8e00010d50726576426c6f636b48617368010a00010448617368010a0001054e6f6e6365010400010648656967687401040000002fff8d020101215b5d737472756374757265732e5472616e73616374696f6e496e7465726661636501ff8e00011000006eff8c01fcb671fe1601051f2a737472756374757265732e43757272656e63795472616e73616374696f6eff810301011343757272656e63795472616e73616374696f6e01ff8200010401024944010a00010356696e01ff86000104566f757401ff8a00010454696d65010400000023ff85020101145b5d737472756374757265732e5458496e70757401ff860001ff84000040ff83030101075458496e70757401ff84000104010454786964010a000104566f757401040001095369676e6174757265010a0001065075624b6579010a00000024ff89020101155b5d737472756374757265732e54584f757470757401ff8a0001ff8800002fff870301010854584f757470757401ff88000102010556616c7565010800010a5075624b657948617368010a000000fe05bbff82fe011a0120a0b3683f937ce095fae6560f0e322055dc8bbfcc2e4d0858c3776eada76626f3010101206b61f5ac17bd138dc6418b76f32d1c72127bf40f4f4e18abdd7445555b95556d02408fdcf06d6cc0b4bbffb53117dde50fdcd27df3a638de7cc96f9aeea6d415f1759538d12b582678855320b45a07171c69c1682e4bb2abc7edb25030308bd4be3101408fb684389dff9b83701386720af577f8eb371420fa223f4f31ece8ed9da9cf09ee88541b33463f6b4ed7956d303cc06130c79527e62a17bab6e4f8f093856bbc00010201f871a94a5b5ce3833f01140d712697287c996f19d76ddfec6f51b0e85a0d690001f840616d8c9df0323f0114fc2520ce36301d232579ec1f26b6c26999beaf200001f82a7a9617d416052a001f2a737472756374757265732e43757272656e63795472616e73616374696f6eff82fe0119012069a7e699e0f35516f39078f4e5cc141fc1a9f03a049b40d9d7ef64672311134e0101012019459a5801825cc8a0e089220fba6e2e625d66803bbadbebb771f325c87c74bc0240c82255bc03133142ab1273649976b08b0546ee0ec06c3e86b89f56bb375fdbc3a442fdc077cbd8704855f74309b758cc5316daf57e0184968eb68ade81c0ae5c014057baa2d7e435086b26da8533ce4ec6d16d3e1e0300da0c6a44055771a119a6bda2b58b76345ce5cbfae6358fa919258336a5f14758b21c12aa9ed6c1d117b1a100010201f83799a729b80e843f011498bf40e884ef8ac6a5f01e7b453da2c851d805d80001f9d19e81470a2b3f01140d712697287c996f19d76ddfec6f51b0e85a0d690001f82a7a9617dd82dfaa001f2a737472756374757265732e43757272656e63795472616e73616374696f6eff82fe011a01209ba24b6459b50196fa1ae2912105692d9b7991ba107d4d97ea362796b8058df30101012068bc0f31294f4e123dc129bf1b455aaed974ae810baac931d9f78f193a60b0fb0240f5ee4282cecfbb8ae423c5ea62fe67ea7112f212d4b2d8b535ed37d459e45f6babc342866f6dc956dbe710ebc68fb9084e79171dd1494b3f38de5ca7cdc6101a0140b662627d55f32eacb2532bf433d5dd4839169badaa347bb6fd92697fe5db10712ec1898de2588fca2c6bf99cb838b134b1b00c31aef05771d2d9846ce0d1669600010201f8483bc9b150c6833f0114fc2520ce36301d232579ec1f26b6c26999beaf200001f860269bbc1292363f011498bf40e884ef8ac6a5f01e7b453da2c851d805d80001f82a7a9617e6d45fa4001f2a737472756374757265732e43757272656e63795472616e73616374696f6eff82fe011c0120606fda51437a4b8a351ce8c75a94583138b68a65b3ff1cd69cacab004c372dab010101206b61f5ac17bd138dc6418b76f32d1c72127bf40f4f4e18abdd7445555b95556d01020140c24e1e7e149ec9ddf0e623fb38f064c55675381c798dfa7c383829b0c11d8953a40d26c369187b8eb44b383d21f543548ca0ab3af9e6c12a164d9720510567af0140b662627d55f32eacb2532bf433d5dd4839169badaa347bb6fd92697fe5db10712ec1898de2588fca2c6bf99cb838b134b1b00c31aef05771d2d9846ce0d1669600010201f8775299410099833f0114fc2520ce36301d232579ec1f26b6c26999beaf200001f83271ed3cd8afff3f011498bf40e884ef8ac6a5f01e7b453da2c851d805d80001f82a7a9617f023866c001f2a737472756374757265732e43757272656e63795472616e73616374696f6eff826f01208122a961b9549876ebca0f584164cbcfc4768def5f0190338bdbbd7458bf0fa00101020102286432653034616663376530623465336362343465363837613534393732306335656434646362326600010101fe24400114fc2520ce36301d232579ec1f26b6c26999beaf200000012000007083b37842aedaa6648cf1949068927d96a1a2ae4356c7e582a563c002df01200000c1591805f19bfd6e39c037f14f31636d88346eebffb0d7ed7cf02563d84a01fd040cc0010800'),('0000d595bbb68f9bee22435a9b62375c149df24082a964088700b4b47c0aa457','63ff8b03010105426c6f636b01ff8c000106010954696d657374616d70010400010c5472616e73616374696f6e7301ff8e00010d50726576426c6f636b48617368010a00010448617368010a0001054e6f6e6365010400010648656967687401040000002fff8d020101215b5d737472756374757265732e5472616e73616374696f6e496e7465726661636501ff8e00011000006eff8c01fcb671fdfc01021f2a737472756374757265732e43757272656e63795472616e73616374696f6eff810301011343757272656e63795472616e73616374696f6e01ff8200010401024944010a00010356696e01ff86000104566f757401ff8a00010454696d65010400000023ff85020101145b5d737472756374757265732e5458496e70757401ff860001ff84000040ff83030101075458496e70757401ff84000104010454786964010a000104566f757401040001095369676e6174757265010a0001065075624b6579010a00000024ff89020101155b5d737472756374757265732e54584f757470757401ff8a0001ff8800002fff870301010854584f757470757401ff88000102010556616c7565010800010a5075624b657948617368010a000000fe01f1ff82fe010e0120e491e119a5f22cce5c4b75f89d44daba06b2c351cca6ca8be03b65726035b20d0101012074b5b95756779d6b0da353d142462654f092f06c46b0922b200fcf179237b3a40240f10fc6ab63d9e421d5c1c600e742d94a22d7e2af65c503b2706a30d93dbe76a04d1c80a3d676afe4bc96289998b4a01486553a3f9219a76d37c4fb583c0c8bae01408fb684389dff9b83701386720af577f8eb371420fa223f4f31ece8ed9da9cf09ee88541b33463f6b4ed7956d303cc06130c79527e62a17bab6e4f8f093856bbc00010201fef03f01140d712697287c996f19d76ddfec6f51b0e85a0d690001fe22400114fc2520ce36301d232579ec1f26b6c26999beaf200001f82a7a9611fab25ffc001f2a737472756374757265732e43757272656e63795472616e73616374696f6eff826f0120ffe58398117c184312f7ba77eae67d30d7d0929a896630d89feaa381d633883e0101020102283336313630613864333238626264316534663761356539303961376561386330383232303662666600010101fe24400114fc2520ce36301d232579ec1f26b6c26999beaf2000000120000002a04c24a078f37d9fffdfc104eed88eb7306afafa284c02f7c06c00aadb01200000d595bbb68f9bee22435a9b62375c149df24082a964088700b4b47c0aa45701fd01e350010200'),('66','000002a04c24a078f37d9fffdfc104eed88eb7306afafa284c02f7c06c00aadb'),('6c','000077b3adf93deba936915ef5f638c3a26b3d21762b95367f2f43ad1f78eca1');

/*!40000 ALTER TABLE blocks ENABLE KEYS */;
UNLOCK TABLES;

--
-- Table structure for table nodes
--

DROP TABLE IF EXISTS nodes;
/*!40101 SET @saved_cs_client     = @@character_set_client */;
/*!40101 SET character_set_client = utf8 */;
CREATE TABLE `nodes` (
  `k` varbinary(100) NOT NULL,
  `v` varbinary(200) DEFAULT NULL,
  PRIMARY KEY (`k`)
) ENGINE=InnoDB DEFAULT CHARSET=latin1;
/*!40101 SET character_set_client = @saved_cs_client */;
--
-- Dumping data for table nodes
--

LOCK TABLES nodes WRITE;
/*!40000 ALTER TABLE nodes DISABLE KEYS */;

/*!40000 ALTER TABLE nodes ENABLE KEYS */;
UNLOCK TABLES;

--
-- Table structure for table transactions
--

DROP TABLE IF EXISTS transactions;
/*!40101 SET @saved_cs_client     = @@character_set_client */;
/*!40101 SET character_set_client = utf8 */;
CREATE TABLE `transactions` (
  `k` varbinary(100) NOT NULL,
  `v` blob,
  PRIMARY KEY (`k`)
) ENGINE=InnoDB DEFAULT CHARSET=latin1;
/*!40101 SET character_set_client = @saved_cs_client */;
--
-- Dumping data for table transactions
--

LOCK TABLES transactions WRITE;
/*!40000 ALTER TABLE transactions DISABLE KEYS */;

INSERT INTO transactions VALUES ('00046f7cde961358eb98bd339c363235cd87f174b01e262f86fc0a33d954ab89','0cff8f020102ff9000010a000025ff90000120000077b3adf93deba936915ef5f638c3a26b3d21762b95367f2f43ad1f78eca1'),('01808f5f55709b6f89ec8be8b1327a6b988300bfad0e6838aa78736005f438f3','0cff8f020102ff9000010a000025ff90000120000077b3adf93deba936915ef5f638c3a26b3d21762b95367f2f43ad1f78eca1'),('1290858d46141e2d2804a4a110497ebe1c48df919b7c484b7e55975e7c19dc2e','0cff8f020102ff9000010a000025ff90000120000077b3adf93deba936915ef5f638c3a26b3d21762b95367f2f43ad1f78eca1'),('19459a5801825cc8a0e089220fba6e2e625d66803bbadbebb771f325c87c74bc','0cff8f020102ff9000010a000025ff9000012000007083b37842aedaa6648cf1949068927d96a1a2ae4356c7e582a563c002df'),('227ac88023d19eb8b998c71625a7d65f7e238acc2beb70a9fabf2d44f0610f52','0cff8f020102ff9000010a000025ff900001200000b6b6f2634caae0c2c119e21737b8d995d4fb28d44ed1db0ae3d76471a48c'),('606fda51437a4b8a351ce8c75a94583138b68a65b3ff1cd69cacab004c372dab','0cff8f020102ff9000010a000025ff900001200000c1591805f19bfd6e39c037f14f31636d88346eebffb0d7ed7cf02563d84a'),('68bc0f31294f4e123dc129bf1b455aaed974ae810baac931d9f78f193a60b0fb','0cff8f020102ff9000010a000025ff9000012000007083b37842aedaa6648cf1949068927d96a1a2ae4356c7e582a563c002df'),('69a7e699e0f35516f39078f4e5cc141fc1a9f03a049b40d9d7ef64672311134e','0cff8f020102ff9000010a000025ff900001200000c1591805f19bfd6e39c037f14f31636d88346eebffb0d7ed7cf02563d84a'),('6b61f5ac17bd138dc6418b76f32d1c72127bf40f4f4e18abdd7445555b95556d','0cff8f020102ff9000010a000025ff9000012000007083b37842aedaa6648cf1949068927d96a1a2ae4356c7e582a563c002df'),('74b5b95756779d6b0da353d142462654f092f06c46b0922b200fcf179237b3a4','0cff8f020102ff9000010a000025ff90000120000002a04c24a078f37d9fffdfc104eed88eb7306afafa284c02f7c06c00aadb'),('764c55d994cdc90a386936460d8f090ac893f3ca0afdf49fcf3f41e41cc5329c','0cff8f020102ff9000010a000025ff900001200000b6b6f2634caae0c2c119e21737b8d995d4fb28d44ed1db0ae3d76471a48c'),('8122a961b9549876ebca0f584164cbcfc4768def5f0190338bdbbd7458bf0fa0','0cff8f020102ff9000010a000025ff900001200000c1591805f19bfd6e39c037f14f31636d88346eebffb0d7ed7cf02563d84a'),('9ba24b6459b50196fa1ae2912105692d9b7991ba107d4d97ea362796b8058df3','0cff8f020102ff9000010a000025ff900001200000c1591805f19bfd6e39c037f14f31636d88346eebffb0d7ed7cf02563d84a'),('a0b3683f937ce095fae6560f0e322055dc8bbfcc2e4d0858c3776eada76626f3','0cff8f020102ff9000010a000025ff900001200000c1591805f19bfd6e39c037f14f31636d88346eebffb0d7ed7cf02563d84a'),('aede071faab8550ffd64c43696d55ea88201fd7ac71eeec0fd1c3afeb35701b2','0cff8f020102ff9000010a000025ff900001200000b6b6f2634caae0c2c119e21737b8d995d4fb28d44ed1db0ae3d76471a48c'),('b4a5a04841dd13dc19e27b788c850282b5f2831cc3c33981c65502a7d1f65ae4','0cff8f020102ff9000010a000025ff90000120000077b3adf93deba936915ef5f638c3a26b3d21762b95367f2f43ad1f78eca1'),('b6079745b1ba195ee20fefc42bb7d44a89740fbf2ade00f4d16e0d5bdd3474ae','0cff8f020102ff9000010a000025ff90000120000077b3adf93deba936915ef5f638c3a26b3d21762b95367f2f43ad1f78eca1'),('d2fde7fe13ae2b64c135dde2c92f8d4c2de0e8b6a180c2a42b0d6dd8f437a426','0cff8f020102ff9000010a000025ff9000012000007083b37842aedaa6648cf1949068927d96a1a2ae4356c7e582a563c002df'),('e491e119a5f22cce5c4b75f89d44daba06b2c351cca6ca8be03b65726035b20d','0cff8f020102ff9000010a000025ff900001200000d595bbb68f9bee22435a9b62375c149df24082a964088700b4b47c0aa457'),('fed5309770943531dfd63a849d1e57f68b1c1f1af49654d28cdd8e146ffac9e5','0cff8f020102ff9000010a000025ff90000120000077b3adf93deba936915ef5f638c3a26b3d21762b95367f2f43ad1f78eca1'),('ffe58398117c184312f7ba77eae67d30d7d0929a896630d89feaa381d633883e','0cff8f020102ff9000010a000025ff900001200000d595bbb68f9bee22435a9b62375c149df24082a964088700b4b47c0aa457');

/*!40000 ALTER TABLE transactions ENABLE KEYS */;
UNLOCK TABLES;

--
-- Table structure for table transactionsoutputs
--

DROP TABLE IF EXISTS transactionsoutputs;
/*!40101 SET @saved_cs_client     = @@character_set_client */;
/*!40101 SET character_set_client = utf8 */;
CREATE TABLE `transactionsoutputs` (
  `k` varbinary(100) NOT NULL,
  `v` blob,
  PRIMARY KEY (`k`)
) ENGINE=InnoDB DEFAULT CHARSET=latin1;
/*!40101 SET character_set_client = @saved_cs_client */;
--
-- Dumping data for table transactionsoutputs
--

LOCK TABLES transactionsoutputs WRITE;
/*!40000 ALTER TABLE transactionsoutputs DISABLE KEYS */;

INSERT INTO transactionsoutputs VALUES ('19459a5801825cc8a0e089220fba6e2e625d66803bbadbebb771f325c87c74bc','0dff93020102ff940001ff9200005eff910301011d5472616e73616374696f6e73496e6465785370656e744f75747075747301ff9200010401064f7574496e64010400010b5458576865726555736564010a000105496e496e640104000109426c6f636b48617368010a000000ff92ff940002022069a7e699e0f35516f39078f4e5cc141fc1a9f03a049b40d9d7ef64672311134e02200000c1591805f19bfd6e39c037f14f31636d88346eebffb0d7ed7cf02563d84a000102012001808f5f55709b6f89ec8be8b1327a6b988300bfad0e6838aa78736005f438f301020120000077b3adf93deba936915ef5f638c3a26b3d21762b95367f2f43ad1f78eca100'),('606fda51437a4b8a351ce8c75a94583138b68a65b3ff1cd69cacab004c372dab','0dff93020102ff940001ff9200005eff910301011d5472616e73616374696f6e73496e6465785370656e744f75747075747301ff9200010401064f7574496e64010400010b5458576865726555736564010a000105496e496e640104000109426c6f636b48617368010a000000ff92ff9400020220fed5309770943531dfd63a849d1e57f68b1c1f1af49654d28cdd8e146ffac9e501020120000077b3adf93deba936915ef5f638c3a26b3d21762b95367f2f43ad1f78eca10001020120b4a5a04841dd13dc19e27b788c850282b5f2831cc3c33981c65502a7d1f65ae40220000077b3adf93deba936915ef5f638c3a26b3d21762b95367f2f43ad1f78eca100'),('68bc0f31294f4e123dc129bf1b455aaed974ae810baac931d9f78f193a60b0fb','0dff93020102ff940001ff9200005eff910301011d5472616e73616374696f6e73496e6465785370656e744f75747075747301ff9200010401064f7574496e64010400010b5458576865726555736564010a000105496e496e640104000109426c6f636b48617368010a00000049ff94000102209ba24b6459b50196fa1ae2912105692d9b7991ba107d4d97ea362796b8058df302200000c1591805f19bfd6e39c037f14f31636d88346eebffb0d7ed7cf02563d84a00'),('69a7e699e0f35516f39078f4e5cc141fc1a9f03a049b40d9d7ef64672311134e','0dff93020102ff940001ff9200005eff910301011d5472616e73616374696f6e73496e6465785370656e744f75747075747301ff9200010401064f7574496e64010400010b5458576865726555736564010a000105496e496e640104000109426c6f636b48617368010a000000ff92ff9400020102012000046f7cde961358eb98bd339c363235cd87f174b01e262f86fc0a33d954ab890220000077b3adf93deba936915ef5f638c3a26b3d21762b95367f2f43ad1f78eca1000220b6079745b1ba195ee20fefc42bb7d44a89740fbf2ade00f4d16e0d5bdd3474ae01020120000077b3adf93deba936915ef5f638c3a26b3d21762b95367f2f43ad1f78eca100'),('6b61f5ac17bd138dc6418b76f32d1c72127bf40f4f4e18abdd7445555b95556d','0dff93020102ff940001ff9200005eff910301011d5472616e73616374696f6e73496e6465785370656e744f75747075747301ff9200010401064f7574496e64010400010b5458576865726555736564010a000105496e496e640104000109426c6f636b48617368010a000000ff90ff9400020220a0b3683f937ce095fae6560f0e322055dc8bbfcc2e4d0858c3776eada76626f302200000c1591805f19bfd6e39c037f14f31636d88346eebffb0d7ed7cf02563d84a0001020120606fda51437a4b8a351ce8c75a94583138b68a65b3ff1cd69cacab004c372dab02200000c1591805f19bfd6e39c037f14f31636d88346eebffb0d7ed7cf02563d84a00'),('74b5b95756779d6b0da353d142462654f092f06c46b0922b200fcf179237b3a4','0dff93020102ff940001ff9200005eff910301011d5472616e73616374696f6e73496e6465785370656e744f75747075747301ff9200010401064f7574496e64010400010b5458576865726555736564010a000105496e496e640104000109426c6f636b48617368010a00000049ff9400010220e491e119a5f22cce5c4b75f89d44daba06b2c351cca6ca8be03b65726035b20d02200000d595bbb68f9bee22435a9b62375c149df24082a964088700b4b47c0aa45700'),('764c55d994cdc90a386936460d8f090ac893f3ca0afdf49fcf3f41e41cc5329c','0dff93020102ff940001ff9200005eff910301011d5472616e73616374696f6e73496e6465785370656e744f75747075747301ff9200010401064f7574496e64010400010b5458576865726555736564010a000105496e496e640104000109426c6f636b48617368010a000000ff90ff9400020102012019459a5801825cc8a0e089220fba6e2e625d66803bbadbebb771f325c87c74bc022000007083b37842aedaa6648cf1949068927d96a1a2ae4356c7e582a563c002df0002206b61f5ac17bd138dc6418b76f32d1c72127bf40f4f4e18abdd7445555b95556d022000007083b37842aedaa6648cf1949068927d96a1a2ae4356c7e582a563c002df00'),('9ba24b6459b50196fa1ae2912105692d9b7991ba107d4d97ea362796b8058df3','0dff93020102ff940001ff9200005eff910301011d5472616e73616374696f6e73496e6465785370656e744f75747075747301ff9200010401064f7574496e64010400010b5458576865726555736564010a000105496e496e640104000109426c6f636b48617368010a000000ff90ff94000201020120b6079745b1ba195ee20fefc42bb7d44a89740fbf2ade00f4d16e0d5bdd3474ae0220000077b3adf93deba936915ef5f638c3a26b3d21762b95367f2f43ad1f78eca100022001808f5f55709b6f89ec8be8b1327a6b988300bfad0e6838aa78736005f438f30220000077b3adf93deba936915ef5f638c3a26b3d21762b95367f2f43ad1f78eca100'),('a0b3683f937ce095fae6560f0e322055dc8bbfcc2e4d0858c3776eada76626f3','0dff93020102ff940001ff9200005eff910301011d5472616e73616374696f6e73496e6465785370656e744f75747075747301ff9200010401064f7574496e64010400010b5458576865726555736564010a000105496e496e640104000109426c6f636b48617368010a000000ff92ff94000201020120fed5309770943531dfd63a849d1e57f68b1c1f1af49654d28cdd8e146ffac9e50220000077b3adf93deba936915ef5f638c3a26b3d21762b95367f2f43ad1f78eca100022000046f7cde961358eb98bd339c363235cd87f174b01e262f86fc0a33d954ab8901020120000077b3adf93deba936915ef5f638c3a26b3d21762b95367f2f43ad1f78eca100'),('e491e119a5f22cce5c4b75f89d44daba06b2c351cca6ca8be03b65726035b20d','0dff93020102ff940001ff9200005eff910301011d5472616e73616374696f6e73496e6465785370656e744f75747075747301ff9200010401064f7574496e64010400010b5458576865726555736564010a000105496e496e640104000109426c6f636b48617368010a000000ff90ff94000201020120764c55d994cdc90a386936460d8f090ac893f3ca0afdf49fcf3f41e41cc5329c02200000b6b6f2634caae0c2c119e21737b8d995d4fb28d44ed1db0ae3d76471a48c00022068bc0f31294f4e123dc129bf1b455aaed974ae810baac931d9f78f193a60b0fb022000007083b37842aedaa6648cf1949068927d96a1a2ae4356c7e582a563c002df00'),('ffe58398117c184312f7ba77eae67d30d7d0929a896630d89feaa381d633883e','0dff93020102ff940001ff9200005eff910301011d5472616e73616374696f6e73496e6465785370656e744f75747075747301ff9200010401064f7574496e64010400010b5458576865726555736564010a000105496e496e640104000109426c6f636b48617368010a00000049ff9400010220227ac88023d19eb8b998c71625a7d65f7e238acc2beb70a9fabf2d44f0610f5202200000b6b6f2634caae0c2c119e21737b8d995d4fb28d44ed1db0ae3d76471a48c00');

/*!40000 ALTER TABLE transactionsoutputs ENABLE KEYS */;
UNLOCK TABLES;

--
-- Table structure for table unapprovedtransactions
--

DROP TABLE IF EXISTS unapprovedtransactions;
/*!40101 SET @saved_cs_client     = @@character_set_client */;
/*!40101 SET character_set_client = utf8 */;
CREATE TABLE `unapprovedtransactions` (
  `k` varbinary(100) NOT NULL,
  `v` longblob,
  PRIMARY KEY (`k`)
) ENGINE=InnoDB DEFAULT CHARSET=latin1;
/*!40101 SET character_set_client = @saved_cs_client */;
--
-- Dumping data for table unapprovedtransactions
--

LOCK TABLES unapprovedtransactions WRITE;
/*!40000 ALTER TABLE unapprovedtransactions DISABLE KEYS */;

/*!40000 ALTER TABLE unapprovedtransactions ENABLE KEYS */;
UNLOCK TABLES;

--
-- Table structure for table unspentoutputstransactions
--

DROP TABLE IF EXISTS unspentoutputstransactions;
/*!40101 SET @saved_cs_client     = @@character_set_client */;
/*!40101 SET character_set_client = utf8 */;
CREATE TABLE `unspentoutputstransactions` (
  `k` varbinary(100) NOT NULL,
  `v` longblob,
  PRIMARY KEY (`k`)
) ENGINE=InnoDB DEFAULT CHARSET=latin1;
/*!40101 SET character_set_client = @saved_cs_client */;
--
-- Dumping data for table unspentoutputstransactions
--

LOCK TABLES unspentoutputstransactions WRITE;
/*!40000 ALTER TABLE unspentoutputstransactions DISABLE KEYS */;

INSERT INTO unspentoutputstransactions VALUES ('00046f7cde961358eb98bd339c363235cd87f174b01e262f86fc0a33d954ab89','0dff97020102ff980001ff9600007eff950301011354584f7574707574496e646570656e64656e7401ff96000107010556616c7565010800010e446573745075624b657948617368010a00010e53656e645075624b657948617368010a00010454584944010a0001064f496e64657801040001064973426173650102000109426c6f636b48617368010a000000fffcff98000201f8483bc9b150c6833f011498bf40e884ef8ac6a5f01e7b453da2c851d805d801140d712697287c996f19d76ddfec6f51b0e85a0d69012000046f7cde961358eb98bd339c363235cd87f174b01e262f86fc0a33d954ab890320000077b3adf93deba936915ef5f638c3a26b3d21762b95367f2f43ad1f78eca10001f8a02dfdf09826313f01140d712697287c996f19d76ddfec6f51b0e85a0d6901140d712697287c996f19d76ddfec6f51b0e85a0d69012000046f7cde961358eb98bd339c363235cd87f174b01e262f86fc0a33d954ab8901020220000077b3adf93deba936915ef5f638c3a26b3d21762b95367f2f43ad1f78eca100'),('01808f5f55709b6f89ec8be8b1327a6b988300bfad0e6838aa78736005f438f3','0dff97020102ff980001ff9600007eff950301011354584f7574707574496e646570656e64656e7401ff96000107010556616c7565010800010e446573745075624b657948617368010a00010e53656e645075624b657948617368010a00010454584944010a0001064f496e64657801040001064973426173650102000109426c6f636b48617368010a000000fffcff98000201f871a94a5b5ce3833f01140d712697287c996f19d76ddfec6f51b0e85a0d690114fc2520ce36301d232579ec1f26b6c26999beaf20012001808f5f55709b6f89ec8be8b1327a6b988300bfad0e6838aa78736005f438f30320000077b3adf93deba936915ef5f638c3a26b3d21762b95367f2f43ad1f78eca10001f83f688709b4f51b400114fc2520ce36301d232579ec1f26b6c26999beaf200114fc2520ce36301d232579ec1f26b6c26999beaf20012001808f5f55709b6f89ec8be8b1327a6b988300bfad0e6838aa78736005f438f301020220000077b3adf93deba936915ef5f638c3a26b3d21762b95367f2f43ad1f78eca100'),('1290858d46141e2d2804a4a110497ebe1c48df919b7c484b7e55975e7c19dc2e','0dff97020102ff980001ff9600007eff950301011354584f7574707574496e646570656e64656e7401ff96000107010556616c7565010800010e446573745075624b657948617368010a00010e53656e645075624b657948617368010a00010454584944010a0001064f496e64657801040001064973426173650102000109426c6f636b48617368010a00000065ff98000101fe24400114fc2520ce36301d232579ec1f26b6c26999beaf2002201290858d46141e2d2804a4a110497ebe1c48df919b7c484b7e55975e7c19dc2e02010120000077b3adf93deba936915ef5f638c3a26b3d21762b95367f2f43ad1f78eca100'),('227ac88023d19eb8b998c71625a7d65f7e238acc2beb70a9fabf2d44f0610f52','0dff97020102ff980001ff9600007eff950301011354584f7574707574496e646570656e64656e7401ff96000107010556616c7565010800010e446573745075624b657948617368010a00010e53656e645075624b657948617368010a00010454584944010a0001064f496e64657801040001064973426173650102000109426c6f636b48617368010a000000fff0ff98000201fe0840011498bf40e884ef8ac6a5f01e7b453da2c851d805d80114fc2520ce36301d232579ec1f26b6c26999beaf200120227ac88023d19eb8b998c71625a7d65f7e238acc2beb70a9fabf2d44f0610f5203200000b6b6f2634caae0c2c119e21737b8d995d4fb28d44ed1db0ae3d76471a48c0001fe1c400114fc2520ce36301d232579ec1f26b6c26999beaf200114fc2520ce36301d232579ec1f26b6c26999beaf200120227ac88023d19eb8b998c71625a7d65f7e238acc2beb70a9fabf2d44f0610f52010202200000b6b6f2634caae0c2c119e21737b8d995d4fb28d44ed1db0ae3d76471a48c00'),('68bc0f31294f4e123dc129bf1b455aaed974ae810baac931d9f78f193a60b0fb','0dff97020102ff980001ff9600007eff950301011354584f7574707574496e646570656e64656e7401ff96000107010556616c7565010800010e446573745075624b657948617368010a00010e53656e645075624b657948617368010a00010454584944010a0001064f496e64657801040001064973426173650102000109426c6f636b48617368010a000000ff81ff98000101f8ae47e17a14aeef3f01140d712697287c996f19d76ddfec6f51b0e85a0d6901140d712697287c996f19d76ddfec6f51b0e85a0d69012068bc0f31294f4e123dc129bf1b455aaed974ae810baac931d9f78f193a60b0fb0102022000007083b37842aedaa6648cf1949068927d96a1a2ae4356c7e582a563c002df00'),('8122a961b9549876ebca0f584164cbcfc4768def5f0190338bdbbd7458bf0fa0','0dff97020102ff980001ff9600007eff950301011354584f7574707574496e646570656e64656e7401ff96000107010556616c7565010800010e446573745075624b657948617368010a00010e53656e645075624b657948617368010a00010454584944010a0001064f496e64657801040001064973426173650102000109426c6f636b48617368010a00000065ff98000101fe24400114fc2520ce36301d232579ec1f26b6c26999beaf2002208122a961b9549876ebca0f584164cbcfc4768def5f0190338bdbbd7458bf0fa0020101200000c1591805f19bfd6e39c037f14f31636d88346eebffb0d7ed7cf02563d84a00'),('aede071faab8550ffd64c43696d55ea88201fd7ac71eeec0fd1c3afeb35701b2','0dff97020102ff980001ff9600007eff950301011354584f7574707574496e646570656e64656e7401ff96000107010556616c7565010800010e446573745075624b657948617368010a00010e53656e645075624b657948617368010a00010454584944010a0001064f496e64657801040001064973426173650102000109426c6f636b48617368010a00000065ff98000101fe24400114fc2520ce36301d232579ec1f26b6c26999beaf200220aede071faab8550ffd64c43696d55ea88201fd7ac71eeec0fd1c3afeb35701b2020101200000b6b6f2634caae0c2c119e21737b8d995d4fb28d44ed1db0ae3d76471a48c00'),('b4a5a04841dd13dc19e27b788c850282b5f2831cc3c33981c65502a7d1f65ae4','0dff97020102ff980001ff9600007eff950301011354584f7574707574496e646570656e64656e7401ff96000107010556616c7565010800010e446573745075624b657948617368010a00010e53656e645075624b657948617368010a00010454584944010a0001064f496e64657801040001064973426173650102000109426c6f636b48617368010a000000fffcff98000201f871a94a5b5ce3833f0114fc2520ce36301d232579ec1f26b6c26999beaf20011498bf40e884ef8ac6a5f01e7b453da2c851d805d80120b4a5a04841dd13dc19e27b788c850282b5f2831cc3c33981c65502a7d1f65ae40320000077b3adf93deba936915ef5f638c3a26b3d21762b95367f2f43ad1f78eca10001f8dfdb36841188ff3f011498bf40e884ef8ac6a5f01e7b453da2c851d805d8011498bf40e884ef8ac6a5f01e7b453da2c851d805d80120b4a5a04841dd13dc19e27b788c850282b5f2831cc3c33981c65502a7d1f65ae401020220000077b3adf93deba936915ef5f638c3a26b3d21762b95367f2f43ad1f78eca100'),('b6079745b1ba195ee20fefc42bb7d44a89740fbf2ade00f4d16e0d5bdd3474ae','0dff97020102ff980001ff9600007eff950301011354584f7574707574496e646570656e64656e7401ff96000107010556616c7565010800010e446573745075624b657948617368010a00010e53656e645075624b657948617368010a00010454584944010a0001064f496e64657801040001064973426173650102000109426c6f636b48617368010a000000fffcff98000201f83799a729b80e843f0114fc2520ce36301d232579ec1f26b6c26999beaf20011498bf40e884ef8ac6a5f01e7b453da2c851d805d80120b6079745b1ba195ee20fefc42bb7d44a89740fbf2ade00f4d16e0d5bdd3474ae0320000077b3adf93deba936915ef5f638c3a26b3d21762b95367f2f43ad1f78eca10001f860269bbc1292363f011498bf40e884ef8ac6a5f01e7b453da2c851d805d8011498bf40e884ef8ac6a5f01e7b453da2c851d805d80120b6079745b1ba195ee20fefc42bb7d44a89740fbf2ade00f4d16e0d5bdd3474ae01020220000077b3adf93deba936915ef5f638c3a26b3d21762b95367f2f43ad1f78eca100'),('d2fde7fe13ae2b64c135dde2c92f8d4c2de0e8b6a180c2a42b0d6dd8f437a426','0dff97020102ff980001ff9600007eff950301011354584f7574707574496e646570656e64656e7401ff96000107010556616c7565010800010e446573745075624b657948617368010a00010e53656e645075624b657948617368010a00010454584944010a0001064f496e64657801040001064973426173650102000109426c6f636b48617368010a00000065ff98000101fe24400114fc2520ce36301d232579ec1f26b6c26999beaf200220d2fde7fe13ae2b64c135dde2c92f8d4c2de0e8b6a180c2a42b0d6dd8f437a4260201012000007083b37842aedaa6648cf1949068927d96a1a2ae4356c7e582a563c002df00'),('fed5309770943531dfd63a849d1e57f68b1c1f1af49654d28cdd8e146ffac9e5','0dff97020102ff980001ff9600007eff950301011354584f7574707574496e646570656e64656e7401ff96000107010556616c7565010800010e446573745075624b657948617368010a00010e53656e645075624b657948617368010a00010454584944010a0001064f496e64657801040001064973426173650102000109426c6f636b48617368010a000000fffcff98000201f8775299410099833f01140d712697287c996f19d76ddfec6f51b0e85a0d690114fc2520ce36301d232579ec1f26b6c26999beaf200120fed5309770943531dfd63a849d1e57f68b1c1f1af49654d28cdd8e146ffac9e50320000077b3adf93deba936915ef5f638c3a26b3d21762b95367f2f43ad1f78eca10001f840616d8c9df0323f0114fc2520ce36301d232579ec1f26b6c26999beaf200114fc2520ce36301d232579ec1f26b6c26999beaf200120fed5309770943531dfd63a849d1e57f68b1c1f1af49654d28cdd8e146ffac9e501020220000077b3adf93deba936915ef5f638c3a26b3d21762b95367f2f43ad1f78eca100');

/*!40000 ALTER TABLE unspentoutputstransactions ENABLE KEYS */;
UNLOCK TABLES;

-- Dump completed on 2018-07-01 19:19:33.334019814 +0300 EEST m=+0.136365562
